{
  "results": {
    "classical": {
      "distributional_entropy": 11.156250521031495,
      "correlation_order": 33.42529590669839,
      "kolmogorov_complexity": 0.8851205357142857,
      "topological_complexity": 155.57010839693248,
      "wasserstein distance": 1.0150303694936964,
      "total": 202.05180572987035,
      "min_max": [
        [
          0,
          16.095067301607052
        ],
        [
          -19.408121055678468,
          19.408121055678468
        ],
        [
          0,
          1
        ],
        [
          0,
          57166666724999
        ],
        [
          0,
          8.0
        ]
      ]
    },
    "induced": {
      "angle": {
        "hilbert_space_support_dim": 104.22065064451868,
        "quantum_fisher_information_spread": 17.54398554012906,
        "entanglement_entropy": 1.8954827785491943,
        "kernel_spectrum_flatness": 1.2519335746765137,
        "locality_vs_expressibility": 0.06831307102552764,
        "topological_invariants_of_embedding": 4.331163823604584,
        "encoded_states_classes_overlap": 0.5377688407897949,
        "total": 129.84929827329336,
        "min_max": [
          [
            1,
            126
          ],
          [
            0,
            3.1999999999999994e+17
          ],
          [
            0,
            3.4886399617499584
          ],
          [
            1,
            1000
          ],
          [
            0,
            1.0
          ],
          [
            0,
            166667499
          ],
          [
            0,
            1
          ]
        ]
      },
      "dense_angle": {
        "hilbert_space_support_dim": 15.138923935196212,
        "quantum_fisher_information_spread": 5.091457862856829,
        "entanglement_entropy": 0.040993645787239075,
        "kernel_spectrum_flatness": 1.2051432132720947,
        "locality_vs_expressibility": 0.0008579257992096245,
        "topological_invariants_of_embedding": 3.172907292842865,
        "encoded_states_classes_overlap": 0.7286463975906372,
        "total": 25.378930273345087,
        "min_max": [
          [
            1,
            16
          ],
          [
            0,
            3.1999999999999994e+17
          ],
          [
            0,
            2.0
          ],
          [
            1,
            1000
          ],
          [
            0,
            1.0
          ],
          [
            0,
            166667499
          ],
          [
            0,
            1
          ]
        ]
      },
      "fourier": {
        "hilbert_space_support_dim": 65.01192091749141,
        "quantum_fisher_information_spread": 8.019311609591888,
        "entanglement_entropy": 0.5971875786781311,
        "kernel_spectrum_flatness": 0.9774731993675232,
        "locality_vs_expressibility": 0.04621875286102295,
        "topological_invariants_of_embedding": 1.2278556823730469e-05,
        "encoded_states_classes_overlap": 0.6990973949432373,
        "total": 75.35122173149003,
        "min_max": [
          [
            1,
            256
          ],
          [
            0,
            3.1999999999999994e+17
          ],
          [
            0,
            4.0
          ],
          [
            1,
            1000
          ],
          [
            0,
            1.0
          ],
          [
            0,
            166667499
          ],
          [
            0,
            1
          ]
        ]
      },
      "amplitude": {
        "hilbert_space_support_dim": 7.99999378464152,
        "quantum_fisher_information_spread": 11.543524364716912,
        "entanglement_entropy": 0.8511672869659443,
        "kernel_spectrum_flatness": 1.2243820407424966,
        "locality_vs_expressibility": 0.09591535033172462,
        "topological_invariants_of_embedding": 4.971355663688878,
        "encoded_states_classes_overlap": 0.6476382757077237,
        "total": 27.333976766795203,
        "min_max": [
          [
            1,
            10
          ],
          [
            0,
            3.1999999999999994e+17
          ],
          [
            0,
            1.660964047443681
          ],
          [
            1,
            1000
          ],
          [
            0,
            1.0
          ],
          [
            0,
            166667499
          ],
          [
            0,
            1
          ]
        ]
      },
      "dense_amplitude": {
        "hilbert_space_support_dim": 3.9999987651521143,
        "quantum_fisher_information_spread": 9.894655950717716,
        "entanglement_entropy": 0.7117646686616723,
        "kernel_spectrum_flatness": 1.2243820407424966,
        "locality_vs_expressibility": 0.10474899988786145,
        "topological_invariants_of_embedding": 4.971355663688882,
        "encoded_states_classes_overlap": 0.6820344067750886,
        "total": 21.58894049562583,
        "min_max": [
          [
            1,
            6
          ],
          [
            0,
            3.1999999999999994e+17
          ],
          [
            0,
            1.292481250360578
          ],
          [
            1,
            1000
          ],
          [
            0,
            1.0
          ],
          [
            0,
            166667499
          ],
          [
            0,
            1
          ]
        ]
      },
      "evolution": null,
      "nqe": {
        "hilbert_space_support_dim": 5.999852409906074,
        "quantum_fisher_information_spread": 30.779394230914765,
        "entanglement_entropy": 0.7752285003662109,
        "kernel_spectrum_flatness": 2.032595634460449,
        "locality_vs_expressibility": 0.11655602244473992,
        "topological_invariants_of_embedding": 0.17291933298110962,
        "encoded_states_classes_overlap": 0.04199725389480591,
        "total": 39.91854338496815,
        "min_max": [
          [
            1,
            6
          ],
          [
            0,
            3.1999999999999994e+17
          ],
          [
            0,
            1.292481250360578
          ],
          [
            1,
            1000
          ],
          [
            0,
            1.0
          ],
          [
            0,
            166667499
          ],
          [
            0,
            1
          ]
        ]
      },
      "egas": {
        "hilbert_space_support_dim": 6.040219258406741,
        "quantum_fisher_information_spread": 10.377479839880841,
        "entanglement_entropy": 0.39251434803009033,
        "kernel_spectrum_flatness": 2.6441951284447005,
        "locality_vs_expressibility": 0.02134257335073886,
        "topological_invariants_of_embedding": 0.6382178068161011,
        "encoded_states_classes_overlap": 0.02036154270172119,
        "total": 20.134330497630934,
        "min_max": [
          [
            1,
            6
          ],
          [
            0,
            3.1999999999999994e+17
          ],
          [
            0,
            1.292481250360578
          ],
          [
            1,
            1000
          ],
          [
            0,
            1.0
          ],
          [
            0,
            166667499
          ],
          [
            0,
            1
          ]
        ]
      }
    }
  },
  "config": {
    "dataset_name": "mnist",
    "classes": [
      0,
      1,
      2,
      3,
      4,
      5,
      6,
      7,
      8,
      9
    ],
    "feature_reduction": 8,
    "n_modes": null,
    "n_photons": null,
    "computation_space": "UNBUNCHED",
    "num_qubits_per_feature_fourier": 1,
    "hyper_parameters_classical": [
      1,
      1,
      1,
      1,
      1
    ],
    "max_order_correlation_classical": 4,
    "max_dim_topology_classical": 2,
    "weights_topology_classical": null,
    "hyper_parameters_induced": [
      1,
      1,
      1,
      1,
      1,
      1,
      1
    ],
    "epsilon_hilbert_support_dim_induced": 1e-08,
    "n_samples_loc_vs_express_induced": 1000,