Using config: /home/vigl1903/Photonic_encoding_study/configs/induced_dataset_complexity_exp.json
Writing outputs to: /home/vigl1903/Photonic_encoding_study/results
Running the DATASET_COMPLEXITY experiment
Loading dataset...
Dataset loaded in 3152.8s
Everything loaded, ready to compute
Doing the classical complexity 1/9
UMAP
Saved UMAP plots for classical: u_map_classical_cifar10_2d.html, u_map_classical_cifar10_3d.html
Complexity of 177.36796778414248
Saved normalized complexity plot to /home/vigl1903/Photonic_encoding_study/results/complexities/dataset_complexity_cifar10_normalized_comparison.pdf

Doing the angle encoding complexity 2/9
[induced_quantum_complexity] Computing hilbert_space_support_dim...
[induced_quantum_complexity] Computing quantum_fisher_information_spread...
Getting the quantum fisher matrice
[induced_quantum_complexity] Computing entanglement_entropy...
[induced_quantum_complexity] Computing kernel_spectrum_flatness...
[induced_quantum_complexity] Computing locality_vs_expressibility...
[locality_vs_expressibility] Computing kl_div...
[locality_vs_expressibility] Computing entanglement_entropy...
[induced_quantum_complexity] Computing topological_invariants_of_embedding...
[topological_invariants_of_embedding] Computing persistent diagrams...
[induced_quantum_complexity] All metrics computed.
UMAP
Saved UMAP plots for angle: u_map_angle_cifar10_2d.html, u_map_angle_cifar10_3d.html
Complexity of 84.20365036355966

Doing the dense angle encoding complexity 3/9
[induced_quantum_complexity] Computing hilbert_space_support_dim...
[induced_quantum_complexity] Computing quantum_fisher_information_spread...
Getting the quantum fisher matrice
[induced_quantum_complexity] Computing entanglement_entropy...
[induced_quantum_complexity] Computing kernel_spectrum_flatness...
[induced_quantum_complexity] Computing locality_vs_expressibility...
[locality_vs_expressibility] Computing kl_div...
[locality_vs_expressibility] Computing entanglement_entropy...
[induced_quantum_complexity] Computing topological_invariants_of_embedding...
[topological_invariants_of_embedding] Computing persistent diagrams...
[induced_quantum_complexity] All metrics computed.
UMAP
Saved UMAP plots for dense_angle: u_map_dense_angle_cifar10_2d.html, u_map_dense_angle_cifar10_3d.html
Complexity of 18.057801918176615

Doing the Fourier encoding complexity 4/9
[induced_quantum_complexity] Computing hilbert_space_support_dim...
[induced_quantum_complexity] Computing quantum_fisher_information_spread...
Getting the quantum fisher matrice
[induced_quantum_complexity] Computing entanglement_entropy...
[induced_quantum_complexity] Computing kernel_spectrum_flatness...
[induced_quantum_complexity] Computing locality_vs_expressibility...
[locality_vs_expressibility] Computing kl_div...
[locality_vs_expressibility] Computing entanglement_entropy...
[induced_quantum_complexity] Computing topological_invariants_of_embedding...
[topological_invariants_of_embedding] Computing persistent diagrams...
[induced_quantum_complexity] All metrics computed.
UMAP
Saved UMAP plots for fourier: u_map_fourier_cifar10_2d.html, u_map_fourier_cifar10_3d.html
Complexity of 50.183190498324095

Doing the amplitude encoding complexity 5/9
[induced_quantum_complexity] Computing hilbert_space_support_dim...
[induced_quantum_complexity] Computing quantum_fisher_information_spread...
Getting the quantum fisher matrice
[induced_quantum_complexity] Computing entanglement_entropy...
[induced_quantum_complexity] Computing kernel_spectrum_flatness...
[induced_quantum_complexity] Computing locality_vs_expressibility...
[locality_vs_expressibility] Computing kl_div...
[locality_vs_expressibility] Computing entanglement_entropy...
[induced_quantum_complexity] Computing topological_invariants_of_embedding...
[topological_invariants_of_embedding] Computing persistent diagrams...
[induced_quantum_complexity] All metrics computed.
UMAP
Saved UMAP plots for amplitude: u_map_amplitude_cifar10_2d.html, u_map_amplitude_cifar10_3d.html
Complexity of 14.310467427159617

Doing the dense angle encoding complexity 6/9
[induced_quantum_complexity] Computing hilbert_space_support_dim...
[induced_quantum_complexity] Computing quantum_fisher_information_spread...
Getting the quantum fisher matrice
[induced_quantum_complexity] Computing entanglement_entropy...
[induced_quantum_complexity] Computing kernel_spectrum_flatness...
[induced_quantum_complexity] Computing locality_vs_expressibility...
[locality_vs_expressibility] Computing kl_div...
[locality_vs_expressibility] Computing entanglement_entropy...
[induced_quantum_complexity] Computing topological_invariants_of_embedding...
[topological_invariants_of_embedding] Computing persistent diagrams...
[induced_quantum_complexity] All metrics computed.
UMAP
Saved UMAP plots for dense_amplitude: u_map_dense_amplitude_cifar10_2d.html, u_map_dense_amplitude_cifar10_3d.html
Complexity of 10.168418870953017

Doing the evolution encoding complexity 7/9
Skipping evolution encoding (evaluate_evolution=False)

Doing the nqe complexity 8/9
Epoch 1 had a loss of 0.4997040927410126
Epoch 2 had a loss of 0.4993320107460022
Epoch 3 had a loss of 0.49864891171455383
Epoch 4 had a loss of 0.49791091680526733
Epoch 5 had a loss of 0.49638116359710693
Epoch 6 had a loss of 0.4942067861557007
Epoch 7 had a loss of 0.49125975370407104
Epoch 8 had a loss of 0.4878077208995819
Epoch 9 had a loss of 0.4813046157360077
Epoch 10 had a loss of 0.47267091274261475
Epoch 11 had a loss of 0.46083953976631165
Epoch 12 had a loss of 0.44385865330696106
Epoch 13 had a loss of 0.4357633590698242
Epoch 14 had a loss of 0.40327876806259155
Epoch 15 had a loss of 0.38491755723953247
Epoch 16 had a loss of 0.36968106031417847
Epoch 17 had a loss of 0.34965595602989197
Epoch 18 had a loss of 0.34333544969558716
Epoch 19 had a loss of 0.3341975510120392
Epoch 20 had a loss of 0.3110751807689667
Epoch 21 had a loss of 0.3114001452922821
Epoch 22 had a loss of 0.31470295786857605
Epoch 23 had a loss of 0.3262210190296173
Epoch 24 had a loss of 0.30790841579437256
Epoch 25 had a loss of 0.31942668557167053
Epoch 26 had a loss of 0.2891051769256592
Epoch 27 had a loss of 0.33060145378112793
Epoch 28 had a loss of 0.3132309317588806
Epoch 29 had a loss of 0.3221849203109741
Epoch 30 had a loss of 0.2899908125400543
Epoch 31 had a loss of 0.2966051399707794
Epoch 32 had a loss of 0.3164754807949066
Epoch 33 had a loss of 0.3042655885219574
Epoch 34 had a loss of 0.28585565090179443
Epoch 35 had a loss of 0.28470173478126526
Epoch 36 had a loss of 0.30071380734443665
Epoch 37 had a loss of 0.29826703667640686
Epoch 38 had a loss of 0.2841108441352844
Epoch 39 had a loss of 0.29512539505958557
Epoch 40 had a loss of 0.2947560250759125
Epoch 41 had a loss of 0.2921086251735687
Epoch 42 had a loss of 0.3090750575065613
Epoch 43 had a loss of 0.30756688117980957
Epoch 44 had a loss of 0.28793439269065857
Epoch 45 had a loss of 0.31677213311195374
Epoch 46 had a loss of 0.30042600631713867
Epoch 47 had a loss of 0.29822584986686707
Epoch 48 had a loss of 0.30248013138771057
Epoch 49 had a loss of 0.28115999698638916
Epoch 50 had a loss of 0.28496313095092773
Epoch 51 had a loss of 0.2660514712333679
Epoch 52 had a loss of 0.28732070326805115
Epoch 53 had a loss of 0.27751171588897705
Epoch 54 had a loss of 0.3005320429801941
Epoch 55 had a loss of 0.2919726073741913
Epoch 56 had a loss of 0.28134381771087646
Epoch 57 had a loss of 0.29457056522369385
Epoch 58 had a loss of 0.276760458946228
Epoch 59 had a loss of 0.2926064431667328
Epoch 60 had a loss of 0.28476160764694214
Epoch 61 had a loss of 0.2711470425128937
Epoch 62 had a loss of 0.278408408164978
Epoch 63 had a loss of 0.28115350008010864
Epoch 64 had a loss of 0.27660638093948364
Epoch 65 had a loss of 0.28481894731521606
Epoch 66 had a loss of 0.28399166464805603
Epoch 67 had a loss of 0.2678401470184326
Epoch 68 had a loss of 0.29340729117393494
Epoch 69 had a loss of 0.2833916246891022
Epoch 70 had a loss of 0.29698625206947327
Epoch 71 had a loss of 0.27688130736351013
Epoch 72 had a loss of 0.28683868050575256
Epoch 73 had a loss of 0.264774352312088
Epoch 74 had a loss of 0.2804802358150482
Epoch 75 had a loss of 0.2753569483757019
Epoch 76 had a loss of 0.2769550681114197
Epoch 77 had a loss of 0.2899795472621918
Epoch 78 had a loss of 0.28508228063583374
Epoch 79 had a loss of 0.2767185866832733
Epoch 80 had a loss of 0.2773318588733673
Epoch 81 had a loss of 0.27558234333992004
Epoch 82 had a loss of 0.269690603017807
Epoch 83 had a loss of 0.2831297218799591
Epoch 84 had a loss of 0.2822459936141968
Epoch 85 had a loss of 0.2682897448539734
Epoch 86 had a loss of 0.27399224042892456
Epoch 87 had a loss of 0.273051917552948
Epoch 88 had a loss of 0.2641996145248413
Epoch 89 had a loss of 0.2871538996696472
Epoch 90 had a loss of 0.27371013164520264
Epoch 91 had a loss of 0.2676757872104645
Epoch 92 had a loss of 0.2833930253982544
Epoch 93 had a loss of 0.27131015062332153
Epoch 94 had a loss of 0.2712329030036926
Epoch 95 had a loss of 0.282927542924881
Epoch 96 had a loss of 0.2746729552745819
Epoch 97 had a loss of 0.2754780948162079
Epoch 98 had a loss of 0.2686874270439148
Epoch 99 had a loss of 0.2613388001918793
Epoch 100 had a loss of 0.2887933850288391
Epoch 101 had a loss of 0.28415751457214355
Epoch 102 had a loss of 0.28875041007995605
Epoch 103 had a loss of 0.27192577719688416
Epoch 104 had a loss of 0.28366774320602417
Epoch 105 had a loss of 0.27732840180397034
Epoch 106 had a loss of 0.28021183609962463
Epoch 107 had a loss of 0.27563410997390747
Epoch 108 had a loss of 0.26937562227249146
Epoch 109 had a loss of 0.25306370854377747
Epoch 110 had a loss of 0.28496572375297546
Epoch 111 had a loss of 0.2797592580318451
Epoch 112 had a loss of 0.26615267992019653
Epoch 113 had a loss of 0.2673715353012085
Epoch 114 had a loss of 0.2576417922973633
Epoch 115 had a loss of 0.272347092628479
Epoch 116 had a loss of 0.2736523151397705
Epoch 117 had a loss of 0.28662678599357605
Epoch 118 had a loss of 0.27870866656303406
Epoch 119 had a loss of 0.27136746048927307
Epoch 120 had a loss of 0.2731032073497772
Epoch 121 had a loss of 0.2857232689857483
Epoch 122 had a loss of 0.27301743626594543
Epoch 123 had a loss of 0.2537822723388672
Epoch 124 had a loss of 0.2705163359642029
Epoch 125 had a loss of 0.27204325795173645
Epoch 126 had a loss of 0.2645851671695709
Epoch 127 had a loss of 0.27331483364105225
Epoch 128 had a loss of 0.27119892835617065
Epoch 129 had a loss of 0.2695081830024719
Epoch 130 had a loss of 0.285906046628952
Epoch 131 had a loss of 0.2614380121231079
Epoch 132 had a loss of 0.2671148478984833
Epoch 133 had a loss of 0.271310955286026
Epoch 134 had a loss of 0.24878482520580292
Epoch 135 had a loss of 0.2675282955169678
Epoch 136 had a loss of 0.2879539430141449
Epoch 137 had a loss of 0.2747810482978821
Epoch 138 had a loss of 0.25884947180747986
Epoch 139 had a loss of 0.27870771288871765
Epoch 140 had a loss of 0.2594413459300995
Epoch 141 had a loss of 0.2626391649246216
Epoch 142 had a loss of 0.26057589054107666
Epoch 143 had a loss of 0.27946585416793823
Epoch 144 had a loss of 0.2664481997489929
Epoch 145 had a loss of 0.2551810145378113
Epoch 146 had a loss of 0.278577595949173
Epoch 147 had a loss of 0.2743445634841919
Epoch 148 had a loss of 0.2753487527370453
Epoch 149 had a loss of 0.2580363154411316
Epoch 150 had a loss of 0.27197277545928955
Epoch 151 had a loss of 0.24783363938331604
Epoch 152 had a loss of 0.2638506293296814
Epoch 153 had a loss of 0.27788057923316956
Epoch 154 had a loss of 0.2516956031322479
Epoch 155 had a loss of 0.2615604102611542
Epoch 156 had a loss of 0.26628443598747253
Epoch 157 had a loss of 0.2737789452075958
Epoch 158 had a loss of 0.269217848777771
Epoch 159 had a loss of 0.2748343348503113
Epoch 160 had a loss of 0.2630891799926758
Epoch 161 had a loss of 0.2789609730243683
Epoch 162 had a loss of 0.2660309374332428
Epoch 163 had a loss of 0.27144020795822144
Epoch 164 had a loss of 0.26471540331840515
Epoch 165 had a loss of 0.2658833861351013
Epoch 166 had a loss of 0.26314401626586914
Epoch 167 had a loss of 0.25929659605026245
Epoch 168 had a loss of 0.2708442807197571
Epoch 169 had a loss of 0.27249157428741455
Epoch 170 had a loss of 0.2694988548755646
Epoch 171 had a loss of 0.27587974071502686
Epoch 172 had a loss of 0.2628200054168701
Epoch 173 had a loss of 0.26055794954299927
Epoch 174 had a loss of 0.2624576687812805
Epoch 175 had a loss of 0.25336262583732605
Epoch 176 had a loss of 0.2546912729740143
Epoch 177 had a loss of 0.28980201482772827
Epoch 178 had a loss of 0.26953038573265076
Epoch 179 had a loss of 0.2722379267215729
Epoch 180 had a loss of 0.27586108446121216
Epoch 181 had a loss of 0.27999794483184814
Epoch 182 had a loss of 0.27221259474754333
Epoch 183 had a loss of 0.2682825028896332
Epoch 184 had a loss of 0.2706041634082794
Epoch 185 had a loss of 0.2618716061115265
Epoch 186 had a loss of 0.2697313725948334
Epoch 187 had a loss of 0.2534071207046509
Epoch 188 had a loss of 0.26065120100975037
Epoch 189 had a loss of 0.24271245300769806
Epoch 190 had a loss of 0.2612364888191223
Epoch 191 had a loss of 0.26525503396987915
Epoch 192 had a loss of 0.25493311882019043
Epoch 193 had a loss of 0.2742782235145569
Epoch 194 had a loss of 0.2606004476547241
Epoch 195 had a loss of 0.26022329926490784
Epoch 196 had a loss of 0.2665345370769501
Epoch 197 had a loss of 0.2785680294036865
Epoch 198 had a loss of 0.2735240161418915
Epoch 199 had a loss of 0.26284733414649963
Epoch 200 had a loss of 0.25929078459739685
Epoch 201 had a loss of 0.2700093388557434
Epoch 202 had a loss of 0.2620093822479248
Epoch 203 had a loss of 0.2532733678817749
Epoch 204 had a loss of 0.24413253366947174
Epoch 205 had a loss of 0.2744409441947937
Epoch 206 had a loss of 0.2795546054840088
Epoch 207 had a loss of 0.28339672088623047
Epoch 208 had a loss of 0.2663098871707916
Epoch 209 had a loss of 0.26481738686561584
Epoch 210 had a loss of 0.2798256576061249
Epoch 211 had a loss of 0.26562371850013733
Epoch 212 had a loss of 0.2746259868144989
Epoch 213 had a loss of 0.2513276934623718
Epoch 214 had a loss of 0.27987921237945557
Epoch 215 had a loss of 0.25750747323036194
Epoch 216 had a loss of 0.26048484444618225
Epoch 217 had a loss of 0.258940190076828
Epoch 218 had a loss of 0.25867193937301636
Epoch 219 had a loss of 0.27474263310432434
Epoch 220 had a loss of 0.2432374507188797
Epoch 221 had a loss of 0.2582785487174988
Epoch 222 had a loss of 0.2649344503879547
Epoch 223 had a loss of 0.25456923246383667
Epoch 224 had a loss of 0.27249589562416077
Epoch 225 had a loss of 0.26931139826774597
Epoch 226 had a loss of 0.26780056953430176
Epoch 227 had a loss of 0.2591979205608368
Epoch 228 had a loss of 0.2566232979297638
Epoch 229 had a loss of 0.2710173726081848
Epoch 230 had a loss of 0.2733198404312134
Epoch 231 had a loss of 0.27227699756622314
Epoch 232 had a loss of 0.255240797996521
Epoch 233 had a loss of 0.26171886920928955
Epoch 234 had a loss of 0.2802400290966034
Epoch 235 had a loss of 0.27556341886520386
Epoch 236 had a loss of 0.26502954959869385
Epoch 237 had a loss of 0.2676352560520172
Epoch 238 had a loss of 0.2710605561733246
Epoch 239 had a loss of 0.2587355375289917
Epoch 240 had a loss of 0.2628994286060333
Epoch 241 had a loss of 0.25147512555122375
Epoch 242 had a loss of 0.268497496843338
Epoch 243 had a loss of 0.2467426359653473
Epoch 244 had a loss of 0.2537851631641388
Epoch 245 had a loss of 0.2707488536834717
Epoch 246 had a loss of 0.26651880145072937
Epoch 247 had a loss of 0.25884345173835754
Epoch 248 had a loss of 0.2577143907546997
Epoch 249 had a loss of 0.26489323377609253
Epoch 250 had a loss of 0.2606506943702698
Epoch 251 had a loss of 0.26377129554748535
Epoch 252 had a loss of 0.2627998888492584
Epoch 253 had a loss of 0.28066322207450867
Epoch 254 had a loss of 0.2766232192516327
Epoch 255 had a loss of 0.274197518825531
Epoch 256 had a loss of 0.27444878220558167
Epoch 257 had a loss of 0.2561303973197937
Epoch 258 had a loss of 0.27555784583091736
Epoch 259 had a loss of 0.2534286081790924
Epoch 260 had a loss of 0.26898548007011414
Epoch 261 had a loss of 0.2514035999774933
Epoch 262 had a loss of 0.29144740104675293
Epoch 263 had a loss of 0.27379462122917175
Epoch 264 had a loss of 0.27329903841018677
Epoch 265 had a loss of 0.2571953237056732
Epoch 266 had a loss of 0.26716914772987366
Epoch 267 had a loss of 0.2818428575992584
Epoch 268 had a loss of 0.2857460677623749
Epoch 269 had a loss of 0.27440112829208374
Epoch 270 had a loss of 0.274200975894928
Epoch 271 had a loss of 0.2755036950111389
Epoch 272 had a loss of 0.2660732567310333
Epoch 273 had a loss of 0.2698567807674408
Epoch 274 had a loss of 0.26711830496788025
Epoch 275 had a loss of 0.2759554386138916
Epoch 276 had a loss of 0.2654767334461212
Epoch 277 had a loss of 0.26371482014656067
Epoch 278 had a loss of 0.2596232295036316
Epoch 279 had a loss of 0.2632323205471039
Epoch 280 had a loss of 0.26698368787765503
Epoch 281 had a loss of 0.2705375850200653
Epoch 282 had a loss of 0.26284223794937134
Epoch 283 had a loss of 0.2683528959751129
Epoch 284 had a loss of 0.25928613543510437
Epoch 285 had a loss of 0.25387147068977356
Epoch 286 had a loss of 0.26781216263771057
Epoch 287 had a loss of 0.2696433663368225
Epoch 288 had a loss of 0.2521370053291321
Epoch 289 had a loss of 0.2659108340740204
Epoch 290 had a loss of 0.2710266709327698
Epoch 291 had a loss of 0.23287464678287506
Epoch 292 had a loss of 0.2553791105747223
Epoch 293 had a loss of 0.26803919672966003
Epoch 294 had a loss of 0.2613573372364044
Epoch 295 had a loss of 0.26112210750579834
Epoch 296 had a loss of 0.2744261920452118
Epoch 297 had a loss of 0.24812480807304382
Epoch 298 had a loss of 0.2637875974178314
Epoch 299 had a loss of 0.2786734402179718
Epoch 300 had a loss of 0.26772671937942505
Epoch 301 had a loss of 0.271769642829895
Epoch 302 had a loss of 0.2702130079269409
Epoch 303 had a loss of 0.272856742143631
Epoch 304 had a loss of 0.2646331787109375
Epoch 305 had a loss of 0.27206408977508545
Epoch 306 had a loss of 0.2689395844936371
Epoch 307 had a loss of 0.24795669317245483
Epoch 308 had a loss of 0.2669196128845215
Epoch 309 had a loss of 0.2774343192577362
Epoch 310 had a loss of 0.26036036014556885
Epoch 311 had a loss of 0.27283820509910583
Epoch 312 had a loss of 0.25706198811531067
Epoch 313 had a loss of 0.27427342534065247
Epoch 314 had a loss of 0.26214563846588135
Epoch 315 had a loss of 0.2762768864631653
Epoch 316 had a loss of 0.2753886878490448
Epoch 317 had a loss of 0.2663443684577942
Epoch 318 had a loss of 0.2705111503601074
Epoch 319 had a loss of 0.25991177558898926
Epoch 320 had a loss of 0.26508545875549316
Epoch 321 had a loss of 0.27022266387939453
Epoch 322 had a loss of 0.24835871160030365
Epoch 323 had a loss of 0.2687951326370239
Epoch 324 had a loss of 0.28676915168762207
Epoch 325 had a loss of 0.2797115445137024
Epoch 326 had a loss of 0.2624998986721039
Epoch 327 had a loss of 0.2708166241645813
Epoch 328 had a loss of 0.27041956782341003
Epoch 329 had a loss of 0.2590373158454895
Epoch 330 had a loss of 0.26597440242767334
Epoch 331 had a loss of 0.25599974393844604
Epoch 332 had a loss of 0.26983702182769775
Epoch 333 had a loss of 0.2553548812866211
Epoch 334 had a loss of 0.2616542875766754
Epoch 335 had a loss of 0.262639582157135
Epoch 336 had a loss of 0.28169259428977966
Epoch 337 had a loss of 0.2683076858520508
Epoch 338 had a loss of 0.25385749340057373
Epoch 339 had a loss of 0.26619821786880493
Epoch 340 had a loss of 0.2554967701435089
Epoch 341 had a loss of 0.2743745446205139
Epoch 342 had a loss of 0.2617841064929962
Epoch 343 had a loss of 0.266039103269577
Epoch 344 had a loss of 0.2522682845592499
Epoch 345 had a loss of 0.28331685066223145
Epoch 346 had a loss of 0.2696991264820099
Epoch 347 had a loss of 0.26003336906433105
Epoch 348 had a loss of 0.24700838327407837
Epoch 349 had a loss of 0.26169413328170776
Epoch 350 had a loss of 0.2499839961528778
Epoch 351 had a loss of 0.2607507109642029
Epoch 352 had a loss of 0.2638421356678009
Epoch 353 had a loss of 0.2656330168247223
Epoch 354 had a loss of 0.25536367297172546
Epoch 355 had a loss of 0.25649330019950867
Epoch 356 had a loss of 0.26682114601135254
Epoch 357 had a loss of 0.26587480306625366
Epoch 358 had a loss of 0.2679945230484009
Epoch 359 had a loss of 0.250485360622406
Epoch 360 had a loss of 0.26041507720947266
Epoch 361 had a loss of 0.26031267642974854
Epoch 362 had a loss of 0.25855517387390137
Epoch 363 had a loss of 0.27809837460517883
Epoch 364 had a loss of 0.24408197402954102
Epoch 365 had a loss of 0.2731787860393524
Epoch 366 had a loss of 0.25979211926460266
Epoch 367 had a loss of 0.27392563223838806
Epoch 368 had a loss of 0.26872119307518005
Epoch 369 had a loss of 0.2595786154270172
Epoch 370 had a loss of 0.2723868787288666
Epoch 371 had a loss of 0.2592811584472656
Epoch 372 had a loss of 0.26367053389549255
Epoch 373 had a loss of 0.2537742853164673
Epoch 374 had a loss of 0.2545345425605774
Epoch 375 had a loss of 0.2518993616104126
Epoch 376 had a loss of 0.27240920066833496
Epoch 377 had a loss of 0.2627488374710083
Epoch 378 had a loss of 0.25406110286712646
Epoch 379 had a loss of 0.2548910975456238
Epoch 380 had a loss of 0.2678326666355133
Epoch 381 had a loss of 0.2680481970310211
Epoch 382 had a loss of 0.2654734253883362
Epoch 383 had a loss of 0.26540300250053406
Epoch 384 had a loss of 0.2753526270389557
Epoch 385 had a loss of 0.2508467435836792
Epoch 386 had a loss of 0.2557142674922943
Epoch 387 had a loss of 0.27403533458709717
Epoch 388 had a loss of 0.24996817111968994
Epoch 389 had a loss of 0.2649441063404083
Epoch 390 had a loss of 0.28160521388053894
Epoch 391 had a loss of 0.2732647955417633
Epoch 392 had a loss of 0.27096909284591675
Epoch 393 had a loss of 0.2786048650741577
Epoch 394 had a loss of 0.2707768380641937
Epoch 395 had a loss of 0.2618708908557892
Epoch 396 had a loss of 0.2595367133617401
Epoch 397 had a loss of 0.25945940613746643
Epoch 398 had a loss of 0.25872597098350525
Epoch 399 had a loss of 0.25808119773864746
Epoch 400 had a loss of 0.2552257776260376
Epoch 401 had a loss of 0.27182555198669434
Epoch 402 had a loss of 0.25212740898132324
Epoch 403 had a loss of 0.27103951573371887
Epoch 404 had a loss of 0.2685506343841553
Epoch 405 had a loss of 0.2596033215522766
Epoch 406 had a loss of 0.2621884047985077
Epoch 407 had a loss of 0.267108678817749
Epoch 408 had a loss of 0.25368624925613403
Epoch 409 had a loss of 0.24904891848564148
Epoch 410 had a loss of 0.2590040862560272
Epoch 411 had a loss of 0.25323450565338135
Epoch 412 had a loss of 0.26128196716308594
Epoch 413 had a loss of 0.2689196765422821
Epoch 414 had a loss of 0.2674039900302887
Epoch 415 had a loss of 0.259761244058609
Epoch 416 had a loss of 0.27733495831489563
Epoch 417 had a loss of 0.25342705845832825
Epoch 418 had a loss of 0.2658354341983795
Epoch 419 had a loss of 0.25040963292121887
Epoch 420 had a loss of 0.2786678373813629
Epoch 421 had a loss of 0.2603713870048523
Epoch 422 had a loss of 0.2707955241203308
Epoch 423 had a loss of 0.26116353273391724
Epoch 424 had a loss of 0.2636514902114868
Epoch 425 had a loss of 0.26624155044555664
Epoch 426 had a loss of 0.26211968064308167
Epoch 427 had a loss of 0.2500084936618805
Epoch 428 had a loss of 0.2794543206691742
Epoch 429 had a loss of 0.2521224319934845
Epoch 430 had a loss of 0.2648332715034485
Epoch 431 had a loss of 0.27448707818984985
Epoch 432 had a loss of 0.2612455487251282
Epoch 433 had a loss of 0.26197537779808044
Epoch 434 had a loss of 0.2589006721973419
Epoch 435 had a loss of 0.2600288689136505
Epoch 436 had a loss of 0.25835901498794556
Epoch 437 had a loss of 0.27103468775749207
Epoch 438 had a loss of 0.2524030804634094
Epoch 439 had a loss of 0.2591450810432434
Epoch 440 had a loss of 0.2725205421447754
Epoch 441 had a loss of 0.2767578065395355
Epoch 442 had a loss of 0.2691410183906555
Epoch 443 had a loss of 0.2514744997024536
Epoch 444 had a loss of 0.25296127796173096
Epoch 445 had a loss of 0.28309062123298645
Epoch 446 had a loss of 0.2715500295162201
Epoch 447 had a loss of 0.24110469222068787
Epoch 448 had a loss of 0.263086199760437
Epoch 449 had a loss of 0.265119731426239
Epoch 450 had a loss of 0.26605138182640076
Epoch 451 had a loss of 0.27052250504493713
Epoch 452 had a loss of 0.25311222672462463
Epoch 453 had a loss of 0.26993823051452637
Epoch 454 had a loss of 0.256865531206131
Epoch 455 had a loss of 0.2608264088630676
Epoch 456 had a loss of 0.25556889176368713
Epoch 457 had a loss of 0.2528517246246338
Epoch 458 had a loss of 0.2596926987171173
Epoch 459 had a loss of 0.27001532912254333
Epoch 460 had a loss of 0.25913509726524353
Epoch 461 had a loss of 0.2667277157306671
Epoch 462 had a loss of 0.25105297565460205
Epoch 463 had a loss of 0.26670128107070923
Epoch 464 had a loss of 0.2749394476413727
Epoch 465 had a loss of 0.25894275307655334
Epoch 466 had a loss of 0.2749309837818146
Epoch 467 had a loss of 0.25929614901542664
Epoch 468 had a loss of 0.26223933696746826
Epoch 469 had a loss of 0.2602885961532593
Epoch 470 had a loss of 0.26025959849357605
Epoch 471 had a loss of 0.2505882978439331
Epoch 472 had a loss of 0.2699096202850342
Epoch 473 had a loss of 0.2698790729045868
Epoch 474 had a loss of 0.26189619302749634
Epoch 475 had a loss of 0.2576938271522522
Epoch 476 had a loss of 0.2607719302177429
Epoch 477 had a loss of 0.257091224193573
Epoch 478 had a loss of 0.2603776454925537
Epoch 479 had a loss of 0.25179192423820496
Epoch 480 had a loss of 0.2694222331047058
Epoch 481 had a loss of 0.2589859664440155
Epoch 482 had a loss of 0.23391664028167725
Epoch 483 had a loss of 0.26665639877319336
Epoch 484 had a loss of 0.25609496235847473
Epoch 485 had a loss of 0.2552936375141144
Epoch 486 had a loss of 0.2774864137172699
Epoch 487 had a loss of 0.2573048174381256
Epoch 488 had a loss of 0.2584091126918793
Epoch 489 had a loss of 0.2494809776544571
Epoch 490 had a loss of 0.2354801893234253
Epoch 491 had a loss of 0.2754244804382324
Epoch 492 had a loss of 0.2625073790550232
Epoch 493 had a loss of 0.252262681722641
Epoch 494 had a loss of 0.2527778446674347
Epoch 495 had a loss of 0.2568228840827942
Epoch 496 had a loss of 0.24562574923038483
Epoch 497 had a loss of 0.2765360474586487
Epoch 498 had a loss of 0.24953943490982056
Epoch 499 had a loss of 0.25725552439689636
Epoch 500 had a loss of 0.25542140007019043
Epoch 501 had a loss of 0.2469976395368576
Epoch 502 had a loss of 0.2517698407173157
Epoch 503 had a loss of 0.26840418577194214
Epoch 504 had a loss of 0.26705801486968994
Epoch 505 had a loss of 0.25506219267845154
Epoch 506 had a loss of 0.2683505415916443
Epoch 507 had a loss of 0.26834243535995483
Epoch 508 had a loss of 0.264758825302124
Epoch 509 had a loss of 0.2576310634613037
Epoch 510 had a loss of 0.25341352820396423
Epoch 511 had a loss of 0.2709098160266876
Epoch 512 had a loss of 0.24124068021774292
Epoch 513 had a loss of 0.2656645178794861
Epoch 514 had a loss of 0.2796310484409332
Epoch 515 had a loss of 0.2753581702709198
Epoch 516 had a loss of 0.2607414722442627
Epoch 517 had a loss of 0.2652931213378906
Epoch 518 had a loss of 0.2531103789806366
Epoch 519 had a loss of 0.26158034801483154
Epoch 520 had a loss of 0.25146302580833435
Epoch 521 had a loss of 0.262818843126297
Epoch 522 had a loss of 0.24754607677459717
Epoch 523 had a loss of 0.2572244703769684
Epoch 524 had a loss of 0.26277032494544983
Epoch 525 had a loss of 0.2499852031469345
Epoch 526 had a loss of 0.28236615657806396
Epoch 527 had a loss of 0.24496349692344666
Epoch 528 had a loss of 0.26056602597236633
Epoch 529 had a loss of 0.26074740290641785
Epoch 530 had a loss of 0.24489130079746246
Epoch 531 had a loss of 0.26452332735061646
Epoch 532 had a loss of 0.25115472078323364
Epoch 533 had a loss of 0.26963120698928833
Epoch 534 had a loss of 0.2552184462547302
Epoch 535 had a loss of 0.23450811207294464
Epoch 536 had a loss of 0.24743224680423737
Epoch 537 had a loss of 0.2633586823940277
Epoch 538 had a loss of 0.24973544478416443
Epoch 539 had a loss of 0.2651410698890686
Epoch 540 had a loss of 0.2587595283985138
Epoch 541 had a loss of 0.2520783543586731
Epoch 542 had a loss of 0.27241408824920654
Epoch 543 had a loss of 0.2489514797925949
Epoch 544 had a loss of 0.25671520829200745
Epoch 545 had a loss of 0.2528998553752899
Epoch 546 had a loss of 0.24781867861747742
Epoch 547 had a loss of 0.26661330461502075
Epoch 548 had a loss of 0.25193333625793457
Epoch 549 had a loss of 0.2703413963317871
Epoch 550 had a loss of 0.2507874071598053
Epoch 551 had a loss of 0.25638920068740845
Epoch 552 had a loss of 0.25598421692848206
Epoch 553 had a loss of 0.2551145851612091
Epoch 554 had a loss of 0.2501726448535919
Epoch 555 had a loss of 0.25362107157707214
Epoch 556 had a loss of 0.2581935524940491
Epoch 557 had a loss of 0.25027480721473694
Epoch 558 had a loss of 0.25057855248451233
Epoch 559 had a loss of 0.259090393781662
Epoch 560 had a loss of 0.27110177278518677
Epoch 561 had a loss of 0.24388332664966583
Epoch 562 had a loss of 0.2605132460594177
Epoch 563 had a loss of 0.25136181712150574
Epoch 564 had a loss of 0.2497440129518509
Epoch 565 had a loss of 0.2587629556655884
Epoch 566 had a loss of 0.2641225755214691
Epoch 567 had a loss of 0.2630867063999176
Epoch 568 had a loss of 0.2539742588996887
Epoch 569 had a loss of 0.24580179154872894
Epoch 570 had a loss of 0.262424498796463
Epoch 571 had a loss of 0.2494032084941864
Epoch 572 had a loss of 0.2563897669315338
Epoch 573 had a loss of 0.2701660096645355
Epoch 574 had a loss of 0.2461770474910736
Epoch 575 had a loss of 0.2573932409286499
Epoch 576 had a loss of 0.2625085711479187
Epoch 577 had a loss of 0.25602248311042786
Epoch 578 had a loss of 0.2690727114677429
Epoch 579 had a loss of 0.25926506519317627
Epoch 580 had a loss of 0.2579641044139862
Epoch 581 had a loss of 0.2523025572299957
Epoch 582 had a loss of 0.256991982460022
Epoch 583 had a loss of 0.2479885220527649
Epoch 584 had a loss of 0.26788225769996643
Epoch 585 had a loss of 0.2617209553718567
Epoch 586 had a loss of 0.25717419385910034
Epoch 587 had a loss of 0.24689741432666779
Epoch 588 had a loss of 0.2654323875904083
Epoch 589 had a loss of 0.2540668547153473
Epoch 590 had a loss of 0.2686759829521179
Epoch 591 had a loss of 0.2653640806674957
Epoch 592 had a loss of 0.2639673948287964
Epoch 593 had a loss of 0.24799339473247528
Epoch 594 had a loss of 0.25251415371894836
Epoch 595 had a loss of 0.26968827843666077
Epoch 596 had a loss of 0.25020313262939453
Epoch 597 had a loss of 0.25425204634666443
Epoch 598 had a loss of 0.26020222902297974
Epoch 599 had a loss of 0.26084038615226746
Epoch 600 had a loss of 0.25425785779953003
Epoch 601 had a loss of 0.263514906167984
Epoch 602 had a loss of 0.2732172906398773
Epoch 603 had a loss of 0.261626273393631
Epoch 604 had a loss of 0.2714061439037323
Epoch 605 had a loss of 0.25989413261413574
Epoch 606 had a loss of 0.2470449060201645
Epoch 607 had a loss of 0.2669306993484497
Epoch 608 had a loss of 0.2669887840747833
Epoch 609 had a loss of 0.27488887310028076
Epoch 610 had a loss of 0.25855281949043274
Epoch 611 had a loss of 0.2618030905723572
Epoch 612 had a loss of 0.2941087484359741
Epoch 613 had a loss of 0.2459476888179779
Epoch 614 had a loss of 0.2634059190750122
Epoch 615 had a loss of 0.2571253478527069
Epoch 616 had a loss of 0.2690221965312958
Epoch 617 had a loss of 0.249125674366951
Epoch 618 had a loss of 0.2594042122364044
Epoch 619 had a loss of 0.268788605928421
Epoch 620 had a loss of 0.27379781007766724
Epoch 621 had a loss of 0.26833558082580566
Epoch 622 had a loss of 0.2732100188732147
Epoch 623 had a loss of 0.25310561060905457
Epoch 624 had a loss of 0.25388067960739136
Epoch 625 had a loss of 0.24802018702030182
Epoch 626 had a loss of 0.25647276639938354
Epoch 627 had a loss of 0.24835333228111267
Epoch 628 had a loss of 0.25412964820861816
Epoch 629 had a loss of 0.26264992356300354
Epoch 630 had a loss of 0.25860336422920227
Epoch 631 had a loss of 0.2546433210372925
Epoch 632 had a loss of 0.24170172214508057
Epoch 633 had a loss of 0.2642752528190613
Epoch 634 had a loss of 0.2517975866794586
Epoch 635 had a loss of 0.25488319993019104
Epoch 636 had a loss of 0.26346245408058167
Epoch 637 had a loss of 0.2756590247154236
Epoch 638 had a loss of 0.2499081939458847
Epoch 639 had a loss of 0.2431240826845169
Epoch 640 had a loss of 0.25181639194488525
Epoch 641 had a loss of 0.269401490688324
Epoch 642 had a loss of 0.256221741437912
Epoch 643 had a loss of 0.2599005401134491
Epoch 644 had a loss of 0.2563014328479767
Epoch 645 had a loss of 0.25481611490249634
Epoch 646 had a loss of 0.23883932828903198
Epoch 647 had a loss of 0.27026084065437317
Epoch 648 had a loss of 0.2546759843826294
Epoch 649 had a loss of 0.2538186013698578
Epoch 650 had a loss of 0.24738366901874542
Epoch 651 had a loss of 0.2572149932384491
Epoch 652 had a loss of 0.25974586606025696
Epoch 653 had a loss of 0.264893501996994
Epoch 654 had a loss of 0.2490265816450119
Epoch 655 had a loss of 0.2531060576438904
Epoch 656 had a loss of 0.2548392713069916
Epoch 657 had a loss of 0.2518657445907593
Epoch 658 had a loss of 0.2516254186630249
Epoch 659 had a loss of 0.255531370639801
Epoch 660 had a loss of 0.2521643340587616
Epoch 661 had a loss of 0.2536572217941284
Epoch 662 had a loss of 0.258905291557312
Epoch 663 had a loss of 0.24861912429332733
Epoch 664 had a loss of 0.26426446437835693
Epoch 665 had a loss of 0.25650641322135925
Epoch 666 had a loss of 0.26793372631073
Epoch 667 had a loss of 0.25561589002609253
Epoch 668 had a loss of 0.24859726428985596
Epoch 669 had a loss of 0.24063873291015625
Epoch 670 had a loss of 0.24874736368656158
Epoch 671 had a loss of 0.250518798828125
Epoch 672 had a loss of 0.26233726739883423
Epoch 673 had a loss of 0.24874955415725708
Epoch 674 had a loss of 0.25367093086242676
Epoch 675 had a loss of 0.2542436122894287
Epoch 676 had a loss of 0.2561291754245758
Epoch 677 had a loss of 0.256645530462265
Epoch 678 had a loss of 0.26324692368507385
Epoch 679 had a loss of 0.24302300810813904
Epoch 680 had a loss of 0.24878665804862976
Epoch 681 had a loss of 0.25562363862991333
Epoch 682 had a loss of 0.25694626569747925
Epoch 683 had a loss of 0.24954579770565033
Epoch 684 had a loss of 0.24515970051288605
Epoch 685 had a loss of 0.25493207573890686
Epoch 686 had a loss of 0.26153650879859924
Epoch 687 had a loss of 0.2566870450973511
Epoch 688 had a loss of 0.2544926702976227
Epoch 689 had a loss of 0.2575136125087738
Epoch 690 had a loss of 0.24645626544952393
Epoch 691 had a loss of 0.2569979131221771
Epoch 692 had a loss of 0.25559040904045105
Epoch 693 had a loss of 0.2732783257961273
Epoch 694 had a loss of 0.2638966143131256
Epoch 695 had a loss of 0.26923584938049316
Epoch 696 had a loss of 0.2508877217769623
Epoch 697 had a loss of 0.26551997661590576
Epoch 698 had a loss of 0.26357221603393555
Epoch 699 had a loss of 0.25518226623535156
Epoch 700 had a loss of 0.2515188455581665
Epoch 701 had a loss of 0.26037123799324036
Epoch 702 had a loss of 0.25916510820388794
Epoch 703 had a loss of 0.2426866888999939
Epoch 704 had a loss of 0.24792534112930298
Epoch 705 had a loss of 0.2666093707084656
Epoch 706 had a loss of 0.25915786623954773
Epoch 707 had a loss of 0.2568932771682739
Epoch 708 had a loss of 0.2699981927871704
Epoch 709 had a loss of 0.2604791820049286
Epoch 710 had a loss of 0.24400876462459564
Epoch 711 had a loss of 0.26333436369895935
Epoch 712 had a loss of 0.24934455752372742
Epoch 713 had a loss of 0.24695827066898346
Epoch 714 had a loss of 0.2680478096008301
Epoch 715 had a loss of 0.260407954454422
Epoch 716 had a loss of 0.24711933732032776
Epoch 717 had a loss of 0.2535809278488159
Epoch 718 had a loss of 0.25929129123687744
Epoch 719 had a loss of 0.254785418510437
Epoch 720 had a loss of 0.2377976030111313
Epoch 721 had a loss of 0.25938162207603455
Epoch 722 had a loss of 0.2406480759382248
Epoch 723 had a loss of 0.26227912306785583
Epoch 724 had a loss of 0.2540757358074188
Epoch 725 had a loss of 0.2516031265258789
Epoch 726 had a loss of 0.2599222660064697
Epoch 727 had a loss of 0.2675398290157318
Epoch 728 had a loss of 0.2472982406616211
Epoch 729 had a loss of 0.25813692808151245
Epoch 730 had a loss of 0.24934688210487366
Epoch 731 had a loss of 0.2495087832212448
Epoch 732 had a loss of 0.2506084144115448
Epoch 733 had a loss of 0.24776436388492584
Epoch 734 had a loss of 0.26832062005996704
Epoch 735 had a loss of 0.25599756836891174
Epoch 736 had a loss of 0.2638547420501709
Epoch 737 had a loss of 0.2523573935031891
Epoch 738 had a loss of 0.2523185610771179
Epoch 739 had a loss of 0.2586129307746887
Epoch 740 had a loss of 0.2509760558605194
Epoch 741 had a loss of 0.2584366202354431
Epoch 742 had a loss of 0.2752523720264435
Epoch 743 had a loss of 0.24513640999794006
Epoch 744 had a loss of 0.25179311633110046
Epoch 745 had a loss of 0.26112353801727295
Epoch 746 had a loss of 0.24397116899490356
Epoch 747 had a loss of 0.25342389941215515
Epoch 748 had a loss of 0.2545813322067261
Epoch 749 had a loss of 0.2519688308238983
Epoch 750 had a loss of 0.2469785511493683
Epoch 751 had a loss of 0.25664061307907104
Epoch 752 had a loss of 0.276078999042511
Epoch 753 had a loss of 0.2604672312736511
Epoch 754 had a loss of 0.25579163432121277
Epoch 755 had a loss of 0.2476833015680313
Epoch 756 had a loss of 0.2550923824310303
Epoch 757 had a loss of 0.25183701515197754
Epoch 758 had a loss of 0.2553540766239166
Epoch 759 had a loss of 0.2697768211364746
Epoch 760 had a loss of 0.2406248152256012
Epoch 761 had a loss of 0.25860345363616943
Epoch 762 had a loss of 0.24117708206176758
Epoch 763 had a loss of 0.2418622374534607
Epoch 764 had a loss of 0.2513766586780548
Epoch 765 had a loss of 0.2614140808582306
Epoch 766 had a loss of 0.24583950638771057
Epoch 767 had a loss of 0.2613454759120941
Epoch 768 had a loss of 0.24440555274486542
Epoch 769 had a loss of 0.24552808701992035
Epoch 770 had a loss of 0.2509022653102875
Epoch 771 had a loss of 0.24849185347557068
Epoch 772 had a loss of 0.2590053379535675
Epoch 773 had a loss of 0.25401270389556885
Epoch 774 had a loss of 0.24647825956344604
Epoch 775 had a loss of 0.25909003615379333
Epoch 776 had a loss of 0.23712418973445892
Epoch 777 had a loss of 0.24729175865650177
Epoch 778 had a loss of 0.24099211394786835
Epoch 779 had a loss of 0.24117803573608398
Epoch 780 had a loss of 0.2610897719860077
Epoch 781 had a loss of 0.25840482115745544
Epoch 782 had a loss of 0.25642648339271545
Epoch 783 had a loss of 0.24598130583763123
Epoch 784 had a loss of 0.2613554298877716
Epoch 785 had a loss of 0.2643226683139801
Epoch 786 had a loss of 0.2537665069103241
Epoch 787 had a loss of 0.2536073625087738
Epoch 788 had a loss of 0.27229106426239014
Epoch 789 had a loss of 0.25862595438957214
Epoch 790 had a loss of 0.2726204991340637
Epoch 791 had a loss of 0.2643653452396393
Epoch 792 had a loss of 0.2610432207584381
Epoch 793 had a loss of 0.2591709494590759
Epoch 794 had a loss of 0.2549949288368225
Epoch 795 had a loss of 0.25629687309265137
Epoch 796 had a loss of 0.25731953978538513
Epoch 797 had a loss of 0.26495715975761414
Epoch 798 had a loss of 0.238020122051239
Epoch 799 had a loss of 0.26727935671806335
Epoch 800 had a loss of 0.2574252188205719
Epoch 801 had a loss of 0.2623040974140167
Epoch 802 had a loss of 0.25883328914642334
Epoch 803 had a loss of 0.24656696617603302
Epoch 804 had a loss of 0.2638370096683502
Epoch 805 had a loss of 0.26440274715423584
Epoch 806 had a loss of 0.25375473499298096
Epoch 807 had a loss of 0.2548595368862152
Epoch 808 had a loss of 0.2478903979063034
Epoch 809 had a loss of 0.2626201808452606
Epoch 810 had a loss of 0.2528395354747772
Epoch 811 had a loss of 0.263164758682251
Epoch 812 had a loss of 0.2441118210554123
Epoch 813 had a loss of 0.2612549066543579
Epoch 814 had a loss of 0.2629747688770294
Epoch 815 had a loss of 0.2478461116552353
Epoch 816 had a loss of 0.24360248446464539
Epoch 817 had a loss of 0.25517207384109497
Epoch 818 had a loss of 0.25566762685775757
Epoch 819 had a loss of 0.2572043240070343
Epoch 820 had a loss of 0.25699496269226074
Epoch 821 had a loss of 0.24311064183712006
Epoch 822 had a loss of 0.23993511497974396
Epoch 823 had a loss of 0.25094714760780334
Epoch 824 had a loss of 0.24715809524059296
Epoch 825 had a loss of 0.2627144753932953
Epoch 826 had a loss of 0.24990440905094147
Epoch 827 had a loss of 0.2376553863286972
Epoch 828 had a loss of 0.2556106150150299
Epoch 829 had a loss of 0.2610434889793396
Epoch 830 had a loss of 0.2546840310096741
Epoch 831 had a loss of 0.262389212846756
Epoch 832 had a loss of 0.24792025983333588
Epoch 833 had a loss of 0.25187093019485474
Epoch 834 had a loss of 0.24881215393543243
Epoch 835 had a loss of 0.2602417469024658
Epoch 836 had a loss of 0.24887484312057495
Epoch 837 had a loss of 0.2493731677532196
Epoch 838 had a loss of 0.25862446427345276
Epoch 839 had a loss of 0.2556115984916687
Epoch 840 had a loss of 0.261298805475235
Epoch 841 had a loss of 0.25088053941726685
Epoch 842 had a loss of 0.2568930983543396
Epoch 843 had a loss of 0.2581143081188202
Epoch 844 had a loss of 0.25176772475242615
Epoch 845 had a loss of 0.26125454902648926
Epoch 846 had a loss of 0.2571908235549927
Epoch 847 had a loss of 0.25515812635421753
Epoch 848 had a loss of 0.2605069875717163
Epoch 849 had a loss of 0.2533435821533203
Epoch 850 had a loss of 0.23475170135498047
Epoch 851 had a loss of 0.2601824104785919
Epoch 852 had a loss of 0.2552438974380493
Epoch 853 had a loss of 0.2506803572177887
Epoch 854 had a loss of 0.24864143133163452
Epoch 855 had a loss of 0.2280692607164383
Epoch 856 had a loss of 0.26772087812423706
Epoch 857 had a loss of 0.25497567653656006
Epoch 858 had a loss of 0.2665204107761383
Epoch 859 had a loss of 0.2490440160036087
Epoch 860 had a loss of 0.2341221272945404
Epoch 861 had a loss of 0.24290582537651062
Epoch 862 had a loss of 0.25309455394744873
Epoch 863 had a loss of 0.23706604540348053
Epoch 864 had a loss of 0.25037533044815063
Epoch 865 had a loss of 0.2569381594657898
Epoch 866 had a loss of 0.25565317273139954
Epoch 867 had a loss of 0.2383279949426651
Epoch 868 had a loss of 0.2534744143486023
Epoch 869 had a loss of 0.2537814974784851
Epoch 870 had a loss of 0.24548804759979248
Epoch 871 had a loss of 0.26536691188812256
Epoch 872 had a loss of 0.2543771266937256
Epoch 873 had a loss of 0.2794240713119507
Epoch 874 had a loss of 0.25548112392425537
Epoch 875 had a loss of 0.24504493176937103
Epoch 876 had a loss of 0.25527554750442505
Epoch 877 had a loss of 0.24554802477359772
Epoch 878 had a loss of 0.251342236995697
Epoch 879 had a loss of 0.239529088139534
Epoch 880 had a loss of 0.24827200174331665
Epoch 881 had a loss of 0.25174716114997864
Epoch 882 had a loss of 0.256369948387146
Epoch 883 had a loss of 0.23470154404640198
Epoch 884 had a loss of 0.2459239512681961
Epoch 885 had a loss of 0.25321900844573975
Epoch 886 had a loss of 0.25704753398895264
Epoch 887 had a loss of 0.23897294700145721
Epoch 888 had a loss of 0.2380954623222351
Epoch 889 had a loss of 0.2536638379096985
Epoch 890 had a loss of 0.24025781452655792
Epoch 891 had a loss of 0.24336495995521545
Epoch 892 had a loss of 0.2674448490142822
Epoch 893 had a loss of 0.25749409198760986
Epoch 894 had a loss of 0.2610340416431427
Epoch 895 had a loss of 0.2548814117908478
Epoch 896 had a loss of 0.2573239207267761
Epoch 897 had a loss of 0.24051161110401154
Epoch 898 had a loss of 0.2530246078968048
Epoch 899 had a loss of 0.23995564877986908
Epoch 900 had a loss of 0.2501385807991028
Epoch 901 had a loss of 0.2380448281764984
Epoch 902 had a loss of 0.25164827704429626
Epoch 903 had a loss of 0.2599329650402069
Epoch 904 had a loss of 0.24221427738666534
Epoch 905 had a loss of 0.2594265043735504
Epoch 906 had a loss of 0.25414523482322693
Epoch 907 had a loss of 0.2620777189731598
Epoch 908 had a loss of 0.24627414345741272
Epoch 909 had a loss of 0.2421938180923462
Epoch 910 had a loss of 0.2513780891895294
Epoch 911 had a loss of 0.24221520125865936
Epoch 912 had a loss of 0.2449590265750885
Epoch 913 had a loss of 0.27538880705833435
Epoch 914 had a loss of 0.25244736671447754
Epoch 915 had a loss of 0.25882893800735474
Epoch 916 had a loss of 0.25536859035491943
Epoch 917 had a loss of 0.2764301002025604
Epoch 918 had a loss of 0.2525607943534851
Epoch 919 had a loss of 0.25320541858673096
Epoch 920 had a loss of 0.25365307927131653
Epoch 921 had a loss of 0.25946682691574097
Epoch 922 had a loss of 0.24586373567581177
Epoch 923 had a loss of 0.24190698564052582
Epoch 924 had a loss of 0.23936593532562256
Epoch 925 had a loss of 0.24941159784793854
Epoch 926 had a loss of 0.23705735802650452
Epoch 927 had a loss of 0.23807889223098755
Epoch 928 had a loss of 0.24027833342552185
Epoch 929 had a loss of 0.2512332797050476
Epoch 930 had a loss of 0.25966304540634155
Epoch 931 had a loss of 0.24982553720474243
Epoch 932 had a loss of 0.2405058741569519
Epoch 933 had a loss of 0.24363665282726288
Epoch 934 had a loss of 0.25068992376327515
Epoch 935 had a loss of 0.25051525235176086
Epoch 936 had a loss of 0.26305660605430603
Epoch 937 had a loss of 0.23751245439052582
Epoch 938 had a loss of 0.2638245224952698
Epoch 939 had a loss of 0.2423059046268463
Epoch 940 had a loss of 0.255207359790802
Epoch 941 had a loss of 0.23232360184192657
Epoch 942 had a loss of 0.24798312783241272
Epoch 943 had a loss of 0.25424203276634216
Epoch 944 had a loss of 0.2493639439344406
Epoch 945 had a loss of 0.24948976933956146
Epoch 946 had a loss of 0.2630859315395355
Epoch 947 had a loss of 0.26008740067481995
Epoch 948 had a loss of 0.258664608001709
Epoch 949 had a loss of 0.27260276675224304
Epoch 950 had a loss of 0.2530992925167084
Epoch 951 had a loss of 0.25341343879699707
Epoch 952 had a loss of 0.25997641682624817
Epoch 953 had a loss of 0.26287931203842163
Epoch 954 had a loss of 0.24050596356391907
Epoch 955 had a loss of 0.24917800724506378
Epoch 956 had a loss of 0.2582922875881195
Epoch 957 had a loss of 0.25822123885154724
Epoch 958 had a loss of 0.24674198031425476
Epoch 959 had a loss of 0.2548808157444
Epoch 960 had a loss of 0.25501954555511475
Epoch 961 had a loss of 0.252485454082489
Epoch 962 had a loss of 0.24406562745571136
Epoch 963 had a loss of 0.24778974056243896
Epoch 964 had a loss of 0.2491043508052826
Epoch 965 had a loss of 0.23928089439868927
Epoch 966 had a loss of 0.25540030002593994
Epoch 967 had a loss of 0.2550763189792633
Epoch 968 had a loss of 0.240982323884964
Epoch 969 had a loss of 0.24847175180912018
Epoch 970 had a loss of 0.24309860169887543
Epoch 971 had a loss of 0.25397104024887085
Epoch 972 had a loss of 0.24820594489574432
Epoch 973 had a loss of 0.24531270563602448
Epoch 974 had a loss of 0.258019357919693
Epoch 975 had a loss of 0.26175692677497864
Epoch 976 had a loss of 0.26023560762405396
Epoch 977 had a loss of 0.2562011480331421
Epoch 978 had a loss of 0.239521324634552
Epoch 979 had a loss of 0.2502303421497345
Epoch 980 had a loss of 0.25556787848472595
Epoch 981 had a loss of 0.2509550452232361
Epoch 982 had a loss of 0.25086385011672974
Epoch 983 had a loss of 0.25821682810783386
Epoch 984 had a loss of 0.2670142948627472
Epoch 985 had a loss of 0.2564530074596405
Epoch 986 had a loss of 0.26601263880729675
Epoch 987 had a loss of 0.25228533148765564
Epoch 988 had a loss of 0.25723761320114136
Epoch 989 had a loss of 0.2459843009710312
Epoch 990 had a loss of 0.23263654112815857
Epoch 991 had a loss of 0.25050902366638184
Epoch 992 had a loss of 0.2626095116138458
Epoch 993 had a loss of 0.2527528405189514
Epoch 994 had a loss of 0.23822687566280365
Epoch 995 had a loss of 0.2371360808610916
Epoch 996 had a loss of 0.24204999208450317
Epoch 997 had a loss of 0.2597116231918335
Epoch 998 had a loss of 0.24667611718177795
Epoch 999 had a loss of 0.2523047924041748
Epoch 1000 had a loss of 0.23892155289649963
[induced_quantum_complexity] Computing hilbert_space_support_dim...
[induced_quantum_complexity] Computing quantum_fisher_information_spread...
Getting the quantum fisher matrice
[induced_quantum_complexity] Computing entanglement_entropy...
[induced_quantum_complexity] Computing kernel_spectrum_flatness...
[induced_quantum_complexity] Computing locality_vs_expressibility...
[locality_vs_expressibility] Computing kl_div...
[locality_vs_expressibility] Computing entanglement_entropy...
[induced_quantum_complexity] Computing topological_invariants_of_embedding...
[topological_invariants_of_embedding] Computing persistent diagrams...
[induced_quantum_complexity] All metrics computed.
UMAP
Saved UMAP plots for nqe: u_map_nqe_cifar10_2d.html, u_map_nqe_cifar10_3d.html
Complexity of 21.37936880450642

Saved results to /home/vigl1903/Photonic_encoding_study/results/complexities/dataset_complexity_cifar10_results.json
Doing the EGAS complexity 9/9
Running EGAS search with n_modes=4, num_photons=2, seq_len=28
Iter 0 add a min_energy: 0.5358810424804688, a mean_energy: 0.6920521321396033 and loss: 0.29912939537460864.
Iter 1 add a min_energy: 0.5358810424804688, a mean_energy: 0.7039839227994283 and loss: 0.12354121953212668.
Iter 2 add a min_energy: 0.5242394804954529, a mean_energy: 0.6826595726112524 and loss: 0.1549413967949013.
Iter 3 add a min_energy: 0.5067448019981384, a mean_energy: 0.692850141475598 and loss: 0.13892576070835985.
Iter 4 add a min_energy: 0.5067448019981384, a mean_energy: 0.697233417381843 and loss: 0.11516308308646402.
Iter 5 add a min_energy: 0.5067448019981384, a mean_energy: 0.6881843209266663 and loss: 0.13556680285554418.
Iter 6 add a min_energy: 0.49053671956062317, a mean_energy: 0.6904108865807453 and loss: 0.14485772129099353.
Iter 7 add a min_energy: 0.49053671956062317, a mean_energy: 0.6805974344412485 and loss: 0.11402800827853707.
Iter 8 add a min_energy: 0.49053671956062317, a mean_energy: 0.7060804814100266 and loss: 0.1243026710691163.
Iter 9 add a min_energy: 0.49053671956062317, a mean_energy: 0.6915289536118507 and loss: 0.10763256038060805.
Iter 10 add a min_energy: 0.4561474621295929, a mean_energy: 0.6825257098923126 and loss: 0.10382060521239575.
Iter 11 add a min_energy: 0.4561474621295929, a mean_energy: 0.7077253051102161 and loss: 0.08166578772254424.
Iter 12 add a min_energy: 0.4561474621295929, a mean_energy: 0.6931784823536873 and loss: 0.08748115957333719.
Iter 13 add a min_energy: 0.4561474621295929, a mean_energy: 0.6931492586930593 and loss: 0.10304509009291779.
Iter 14 add a min_energy: 0.4561474621295929, a mean_energy: 0.6810220498591661 and loss: 0.11218231862439797.
Iter 15 add a min_energy: 0.4561474621295929, a mean_energy: 0.6916261476775011 and loss: 0.09680403790699776.
Iter 16 add a min_energy: 0.4561474621295929, a mean_energy: 0.6865054878095785 and loss: 0.09256308399072101.
Iter 17 add a min_energy: 0.4561474621295929, a mean_energy: 0.7007458495597044 and loss: 0.10114952288243878.
Iter 18 add a min_energy: 0.4561474621295929, a mean_energy: 0.6899903963009516 and loss: 0.0944942734200173.
Iter 19 add a min_energy: 0.4561474621295929, a mean_energy: 0.7019709137578806 and loss: 0.12375065425659791.
Iter 20 add a min_energy: 0.4561474621295929, a mean_energy: 0.6904854699969292 and loss: 0.09876834239875781.
Iter 21 add a min_energy: 0.4561474621295929, a mean_energy: 0.6905690841376781 and loss: 0.0993155625506707.
Iter 22 add a min_energy: 0.4561474621295929, a mean_energy: 0.6951897330582142 and loss: 0.09989515211180475.
Iter 23 add a min_energy: 0.4561474621295929, a mean_energy: 0.6915312632918358 and loss: 0.0852631342991894.
Iter 24 add a min_energy: 0.4561474621295929, a mean_energy: 0.6850495003163815 and loss: 0.08200868658459896.
Iter 25 add a min_energy: 0.4367406368255615, a mean_energy: 0.700238298624754 and loss: 0.1020640841952429.
Iter 26 add a min_energy: 0.4367406368255615, a mean_energy: 0.6926730747024218 and loss: 0.10798009753403019.
Iter 27 add a min_energy: 0.4367406368255615, a mean_energy: 0.6919331115980943 and loss: 0.10334906503277265.
Iter 28 add a min_energy: 0.4367406368255615, a mean_energy: 0.709182620048523 and loss: 0.1150405857520358.
Iter 29 add a min_energy: 0.4367406368255615, a mean_energy: 0.6974446897705396 and loss: 0.11409011901738424.
Iter 30 add a min_energy: 0.4367406368255615, a mean_energy: 0.7039510781566302 and loss: 0.11500092380155066.
Iter 31 add a min_energy: 0.4367406368255615, a mean_energy: 0.7072076325615247 and loss: 0.122419018104723.
Iter 32 add a min_energy: 0.4367406368255615, a mean_energy: 0.7094189201792082 and loss: 0.11358890927855851.
Iter 33 add a min_energy: 0.4367406368255615, a mean_energy: 0.6751338529090086 and loss: 0.11861812784559174.
Iter 34 add a min_energy: 0.4367406368255615, a mean_energy: 0.6857642208536466 and loss: 0.09965580685056803.
Iter 35 add a min_energy: 0.4367406368255615, a mean_energy: 0.7066871672868729 and loss: 0.10552413829950914.
Iter 36 add a min_energy: 0.4367406368255615, a mean_energy: 0.7039831342796484 and loss: 0.10224973132092409.
Iter 37 add a min_energy: 0.4367406368255615, a mean_energy: 0.6996598367889723 and loss: 0.09078095505728984.
Iter 38 add a min_energy: 0.4367406368255615, a mean_energy: 0.6843512691557407 and loss: 0.09967133171201972.
Iter 39 add a min_energy: 0.4367406368255615, a mean_energy: 0.7056121615072092 and loss: 0.09785306800250136.
Iter 40 add a min_energy: 0.4367406368255615, a mean_energy: 0.6943199373781681 and loss: 0.07836045853139509.
Iter 41 add a min_energy: 0.4367406368255615, a mean_energy: 0.7029690351337194 and loss: 0.13651141939407357.
Iter 42 add a min_energy: 0.4367406368255615, a mean_energy: 0.6945540346205235 and loss: 0.10785040117991596.
Iter 43 add a min_energy: 0.4367406368255615, a mean_energy: 0.6701424680650234 and loss: 0.10320392048944824.
Iter 44 add a min_energy: 0.4367406368255615, a mean_energy: 0.6917568768064181 and loss: 0.10997621440594221.
Iter 45 add a min_energy: 0.4367406368255615, a mean_energy: 0.7011832023660342 and loss: 0.10925670514969375.
Iter 46 add a min_energy: 0.4367406368255615, a mean_energy: 0.7012093520412842 and loss: 0.12448142190848305.
Iter 47 add a min_energy: 0.4367406368255615, a mean_energy: 0.6961479435364405 and loss: 0.11906847276775956.
Iter 48 add a min_energy: 0.4367406368255615, a mean_energy: 0.6883703271547953 and loss: 0.11793224095112502.
Iter 49 add a min_energy: 0.4367406368255615, a mean_energy: 0.6796551582713922 and loss: 0.11281185739432871.
Iter 50 add a min_energy: 0.4367406368255615, a mean_energy: 0.7088974826037884 and loss: 0.12096004443707833.
Iter 51 add a min_energy: 0.4367406368255615, a mean_energy: 0.692410372197628 and loss: 0.11263056431556707.
Iter 52 add a min_energy: 0.4367406368255615, a mean_energy: 0.7004746049642563 and loss: 0.1130002223242921.
Iter 53 add a min_energy: 0.4367406368255615, a mean_energy: 0.6927512300511202 and loss: 0.11251404771884456.
Iter 54 add a min_energy: 0.4367406368255615, a mean_energy: 0.6919820929567019 and loss: 0.10080669721892832.
Iter 55 add a min_energy: 0.4367406368255615, a mean_energy: 0.6962910195191702 and loss: 0.10332179482390774.
Iter 56 add a min_energy: 0.4367406368255615, a mean_energy: 0.6960958453516165 and loss: 0.09923016578370321.
Iter 57 add a min_energy: 0.4367406368255615, a mean_energy: 0.6810346922526757 and loss: 0.09484842231370763.
Iter 58 add a min_energy: 0.4367406368255615, a mean_energy: 0.6986503228545189 and loss: 0.09164290165667875.
Iter 59 add a min_energy: 0.4367406368255615, a mean_energy: 0.689919580395023 and loss: 0.07907628908102167.
Iter 60 add a min_energy: 0.4367406368255615, a mean_energy: 0.6950628906488419 and loss: 0.07667914029008115.
Iter 61 add a min_energy: 0.4367406368255615, a mean_energy: 0.682661292453607 and loss: 0.06997151680577565.
Iter 62 add a min_energy: 0.4367406368255615, a mean_energy: 0.702113983531793 and loss: 0.08089243078175837.
Iter 63 add a min_energy: 0.4367406368255615, a mean_energy: 0.6997878551483154 and loss: 0.0752616519451902.
Iter 64 add a min_energy: 0.4367406368255615, a mean_energy: 0.6936520226299763 and loss: 0.07244636850750909.
Iter 65 add a min_energy: 0.4367406368255615, a mean_energy: 0.6934414654970169 and loss: 0.06998997086010751.
Iter 66 add a min_energy: 0.4367406368255615, a mean_energy: 0.6894440104564031 and loss: 0.11087836218137312.
Iter 67 add a min_energy: 0.4367406368255615, a mean_energy: 0.6927041336894035 and loss: 0.0626401353221347.
Iter 68 add a min_energy: 0.4367406368255615, a mean_energy: 0.6983955639104048 and loss: 0.05655442420018688.
Iter 69 add a min_energy: 0.4367406368255615, a mean_energy: 0.7017680456240972 and loss: 0.05892684712095306.
Iter 70 add a min_energy: 0.4367406368255615, a mean_energy: 0.6910519028703371 and loss: 0.05394633412522245.
Iter 71 add a min_energy: 0.4367406368255615, a mean_energy: 0.6887821604808172 and loss: 0.05096757100456145.
Iter 72 add a min_energy: 0.4367406368255615, a mean_energy: 0.7067266541222731 and loss: 0.06008034285049617.
Iter 73 add a min_energy: 0.4367406368255615, a mean_energy: 0.6914810699721178 and loss: 0.05132742503755211.
Iter 74 add a min_energy: 0.4367406368255615, a mean_energy: 0.6958594843745232 and loss: 0.05175702798592785.
Iter 75 add a min_energy: 0.4367406368255615, a mean_energy: 0.7005660745004813 and loss: 0.049478089048242066.
Iter 76 add a min_energy: 0.4367406368255615, a mean_energy: 0.6890802768369516 and loss: 0.04686411420664495.
Iter 77 add a min_energy: 0.4367406368255615, a mean_energy: 0.7053694476683935 and loss: 0.04668541260463822.
Iter 78 add a min_energy: 0.4367406368255615, a mean_energy: 0.6915053514142832 and loss: 0.08469401105591685.
Iter 79 add a min_energy: 0.4367406368255615, a mean_energy: 0.7001905515789986 and loss: 0.08049768810308645.
Iter 80 add a min_energy: 0.4367406368255615, a mean_energy: 0.6849009953439236 and loss: 0.07503509954617679.
Iter 81 add a min_energy: 0.4367406368255615, a mean_energy: 0.6886483480532964 and loss: 0.0947181909726043.
Iter 82 add a min_energy: 0.4367406368255615, a mean_energy: 0.706496192763249 and loss: 0.05375368072878895.
Iter 83 add a min_energy: 0.42739397287368774, a mean_energy: 0.6906044445931911 and loss: 0.07932527381617785.
Iter 84 add a min_energy: 0.42739397287368774, a mean_energy: 0.7042288091033697 and loss: 0.0823342910983962.
Iter 85 add a min_energy: 0.42739397287368774, a mean_energy: 0.7112522982060909 and loss: 0.08722902005272076.
Iter 86 add a min_energy: 0.42739397287368774, a mean_energy: 0.6877221129834652 and loss: 0.08220792469341795.
Iter 87 add a min_energy: 0.42739397287368774, a mean_energy: 0.6981597157816092 and loss: 0.07798639808151492.
Iter 88 add a min_energy: 0.42739397287368774, a mean_energy: 0.6978170461952686 and loss: 0.11055020578015924.
Iter 89 add a min_energy: 0.42739397287368774, a mean_energy: 0.7023734897375107 and loss: 0.10767896721778379.
Iter 90 add a min_energy: 0.42739397287368774, a mean_energy: 0.6909747421741486 and loss: 0.09640490681698037.
Iter 91 add a min_energy: 0.42739397287368774, a mean_energy: 0.6931188367307186 and loss: 0.09601757188097725.
Iter 92 add a min_energy: 0.42739397287368774, a mean_energy: 0.6944801596303781 and loss: 0.09116430578900235.
Iter 93 add a min_energy: 0.42739397287368774, a mean_energy: 0.6918040787180265 and loss: 0.08240609080504707.
Iter 94 add a min_energy: 0.42739397287368774, a mean_energy: 0.6950348677734534 and loss: 0.0845036381877682.
Iter 95 add a min_energy: 0.42739397287368774, a mean_energy: 0.6940044537186623 and loss: 0.06897440959190115.
Iter 96 add a min_energy: 0.42739397287368774, a mean_energy: 0.7102274956802527 and loss: 0.07413756984903669.
Iter 97 add a min_energy: 0.42739397287368774, a mean_energy: 0.6937875139216582 and loss: 0.057864823310060924.
Iter 98 add a min_energy: 0.42739397287368774, a mean_energy: 0.7068603709340096 and loss: 0.0466119351148368.
Iter 99 add a min_energy: 0.42739397287368774, a mean_energy: 0.7006062815586726 and loss: 0.042786777544392376.
Iter 100 add a min_energy: 0.42739397287368774, a mean_energy: 0.6863653399050236 and loss: 0.060817325246109985.
Iter 101 add a min_energy: 0.42739397287368774, a mean_energy: 0.6888676130523285 and loss: 0.050509355768552186.
Iter 102 add a min_energy: 0.42739397287368774, a mean_energy: 0.6969319445391496 and loss: 0.04175827564590768.
Iter 103 add a min_energy: 0.42739397287368774, a mean_energy: 0.707793320218722 and loss: 0.03590434075687434.
Iter 104 add a min_energy: 0.42739397287368774, a mean_energy: 0.7043239511549473 and loss: 0.06258806003638051.
Iter 105 add a min_energy: 0.42739397287368774, a mean_energy: 0.6973122706015905 and loss: 0.06256811334323724.
Iter 106 add a min_energy: 0.42739397287368774, a mean_energy: 0.6905324223140875 and loss: 0.05910157665471044.
Iter 107 add a min_energy: 0.42739397287368774, a mean_energy: 0.6916649515430132 and loss: 0.07254867785123344.
Iter 108 add a min_energy: 0.42739397287368774, a mean_energy: 0.6854604395727316 and loss: 0.04618125091419094.
Iter 109 add a min_energy: 0.42739397287368774, a mean_energy: 0.6921639082332453 and loss: 0.0450019758651592.
Iter 110 add a min_energy: 0.42739397287368774, a mean_energy: 0.6931651625782251 and loss: 0.04563039040292314.
Iter 111 add a min_energy: 0.42739397287368774, a mean_energy: 0.6997795651356379 and loss: 0.056162186920319775.
Iter 112 add a min_energy: 0.42739397287368774, a mean_energy: 0.688789613544941 and loss: 0.05659235821738341.
Iter 113 add a min_energy: 0.42739397287368774, a mean_energy: 0.6944998682787021 and loss: 0.07714656946943889.
Iter 114 add a min_energy: 0.42739397287368774, a mean_energy: 0.6977068483829498 and loss: 0.05682300782186571.
Iter 115 add a min_energy: 0.42739397287368774, a mean_energy: 0.7023888876040777 and loss: 0.0437640367948212.
Iter 116 add a min_energy: 0.42739397287368774, a mean_energy: 0.7033100003997484 and loss: 0.04337016552056248.
Iter 117 add a min_energy: 0.42739397287368774, a mean_energy: 0.6964614751438299 and loss: 0.03893465008847664.
Iter 118 add a min_energy: 0.42739397287368774, a mean_energy: 0.701057069003582 and loss: 0.03233608910959276.
Iter 119 add a min_energy: 0.42739397287368774, a mean_energy: 0.7055980116128922 and loss: 0.03613178283757129.
Iter 120 add a min_energy: 0.42739397287368774, a mean_energy: 0.6918609955658516 and loss: 0.050960278012478606.
Iter 121 add a min_energy: 0.42739397287368774, a mean_energy: 0.6906255017966032 and loss: 0.05446859444888061.
Iter 122 add a min_energy: 0.42739397287368774, a mean_energy: 0.6969047350188097 and loss: 0.03909309421308291.
Iter 123 add a min_energy: 0.42739397287368774, a mean_energy: 0.7154041131337484 and loss: 0.04184601287645569.
Iter 124 add a min_energy: 0.42739397287368774, a mean_energy: 0.6965417042374611 and loss: 0.02630599365575538.
Iter 125 add a min_energy: 0.42739397287368774, a mean_energy: 0.7036227695643902 and loss: 0.03542323937774914.
Iter 126 add a min_energy: 0.42739397287368774, a mean_energy: 0.6959626351793607 and loss: 0.03185324658134772.
Iter 127 add a min_energy: 0.42739397287368774, a mean_energy: 0.6968065847953161 and loss: 0.021690856790871127.
Iter 128 add a min_energy: 0.42739397287368774, a mean_energy: 0.7104065554837385 and loss: 0.028398690660575588.
Iter 129 add a min_energy: 0.42739397287368774, a mean_energy: 0.7039870768785477 and loss: 0.017084356533511643.
Iter 130 add a min_energy: 0.42739397287368774, a mean_energy: 0.6990080053607622 and loss: 0.037486742613188434.
Iter 131 add a min_energy: 0.42739397287368774, a mean_energy: 0.6991464930276076 and loss: 0.03051818670843601.
Iter 132 add a min_energy: 0.42739397287368774, a mean_energy: 0.6815422984460989 and loss: 0.019174985680958833.
Iter 133 add a min_energy: 0.42739397287368774, a mean_energy: 0.7007060858110586 and loss: 0.018527429789461123.
Iter 134 add a min_energy: 0.42739397287368774, a mean_energy: 0.6924098754922549 and loss: 0.031012939052717927.
Iter 135 add a min_energy: 0.42739397287368774, a mean_energy: 0.6942846824725469 and loss: 0.02881201453146546.
Iter 136 add a min_energy: 0.42739397287368774, a mean_energy: 0.7090873320897421 and loss: 0.03635210879963717.
Iter 137 add a min_energy: 0.42739397287368774, a mean_energy: 0.7063837250073751 and loss: 0.0292069801276602.
Iter 138 add a min_energy: 0.42739397287368774, a mean_energy: 0.6941019060711066 and loss: 0.028898809547990713.
Iter 139 add a min_energy: 0.42739397287368774, a mean_energy: 0.7006815212468306 and loss: 0.035220462400247676.
Iter 140 add a min_energy: 0.42739397287368774, a mean_energy: 0.6894908826798201 and loss: 0.032310031552558294.
Iter 141 add a min_energy: 0.42739397287368774, a mean_energy: 0.6947098622719446 and loss: 0.03060309041487119.
Iter 142 add a min_energy: 0.42739397287368774, a mean_energy: 0.6966483816504478 and loss: 0.02714348154698337.
Iter 143 add a min_energy: 0.42739397287368774, a mean_energy: 0.6962313912808895 and loss: 0.024957848457199946.
Iter 144 add a min_energy: 0.42739397287368774, a mean_energy: 0.6918108177681764 and loss: 0.013904413925073151.
Iter 145 add a min_energy: 0.42739397287368774, a mean_energy: 0.6940672546625137 and loss: 0.019756691066298095.
Iter 146 add a min_energy: 0.42739397287368774, a mean_energy: 0.700963964064916 and loss: 0.012300173840288208.
Iter 147 add a min_energy: 0.42739397287368774, a mean_energy: 0.6968369272847971 and loss: 0.011425181874064303.
Iter 148 add a min_energy: 0.42739397287368774, a mean_energy: 0.7046870378156503 and loss: 0.01644631289323772.
Iter 149 add a min_energy: 0.42739397287368774, a mean_energy: 0.6959652335693439 and loss: 0.011989669086109954.
Iter 150 add a min_energy: 0.42739397287368774, a mean_energy: 0.6925498930116495 and loss: 0.010064239110895766.
Iter 151 add a min_energy: 0.42739397287368774, a mean_energy: 0.703684788197279 and loss: 0.009095638922134221.
Iter 152 add a min_energy: 0.42739397287368774, a mean_energy: 0.6962802099684874 and loss: 0.00892399241665804.
Iter 153 add a min_energy: 0.42739397287368774, a mean_energy: 0.7020077978571256 and loss: 0.014670731946312698.
Iter 154 add a min_energy: 0.42739397287368774, a mean_energy: 0.7087467163801193 and loss: 0.014492496591014608.
Iter 155 add a min_energy: 0.42739397287368774, a mean_energy: 0.7063631874819597 and loss: 0.03126354163440406.
Iter 156 add a min_energy: 0.42739397287368774, a mean_energy: 0.6798082937796911 and loss: 0.0052304302051265576.
Iter 157 add a min_energy: 0.42739397287368774, a mean_energy: 0.6936320861180624 and loss: 0.005566723265488786.
Iter 158 add a min_energy: 0.42739397287368774, a mean_energy: 0.6992733205358187 and loss: 0.009782660217541457.
Iter 159 add a min_energy: 0.42739397287368774, a mean_energy: 0.6849873450895151 and loss: 0.009001329620500483.
Iter 160 add a min_energy: 0.42739397287368774, a mean_energy: 0.6856049684186777 and loss: 0.03085705795376077.
Iter 161 add a min_energy: 0.42739397287368774, a mean_energy: 0.6887102474768957 and loss: 0.022262213703551498.
Iter 162 add a min_energy: 0.42739397287368774, a mean_energy: 0.6967840107778708 and loss: 0.022472438981653808.
Iter 163 add a min_energy: 0.42739397287368774, a mean_energy: 0.6872933867077032 and loss: 0.00498083944516613.
Iter 164 add a min_energy: 0.42739397287368774, a mean_energy: 0.6909315201143423 and loss: 0.017275932938911186.
Iter 165 add a min_energy: 0.42739397287368774, a mean_energy: 0.6973102974394957 and loss: 0.006685566293469189.
Iter 166 add a min_energy: 0.42739397287368774, a mean_energy: 0.6938494772960743 and loss: 0.027178431669175284.
Iter 167 add a min_energy: 0.42739397287368774, a mean_energy: 0.6957880655924479 and loss: 0.026083345724344884.
Iter 168 add a min_energy: 0.42739397287368774, a mean_energy: 0.6874869440992674 and loss: 0.024338670212801287.
Iter 169 add a min_energy: 0.42739397287368774, a mean_energy: 0.6834485121071339 and loss: 0.013504017197819356.
Iter 170 add a min_energy: 0.42739397287368774, a mean_energy: 0.6907542447249094 and loss: 0.01123953691613945.
Iter 171 add a min_energy: 0.42739397287368774, a mean_energy: 0.7012865543365479 and loss: 0.010963524625614111.
Iter 172 add a min_energy: 0.42739397287368774, a mean_energy: 0.6964259445667267 and loss: 0.023162168683055623.
Iter 173 add a min_energy: 0.42739397287368774, a mean_energy: 0.7039027574161688 and loss: 0.029201679742198255.
Iter 174 add a min_energy: 0.42739397287368774, a mean_energy: 0.7002454449733099 and loss: 0.02108370078951215.
Iter 175 add a min_energy: 0.42739397287368774, a mean_energy: 0.6955185110370318 and loss: 0.01537564369401741.
Iter 176 add a min_energy: 0.42739397287368774, a mean_energy: 0.6872503869235516 and loss: 0.027788400884204468.
Iter 177 add a min_energy: 0.42739397287368774, a mean_energy: 0.7040857058018446 and loss: 0.048081384164636934.
Iter 178 add a min_energy: 0.42739397287368774, a mean_energy: 0.7031794687112173 and loss: 0.04790546076833097.
Iter 179 add a min_energy: 0.42739397287368774, a mean_energy: 0.7063411412139734 and loss: 0.051122541742772594.
Iter 180 add a min_energy: 0.42739397287368774, a mean_energy: 0.6993510313332081 and loss: 0.0509683959984853.
Iter 181 add a min_energy: 0.42739397287368774, a mean_energy: 0.6922772265970707 and loss: 0.04385237824078428.
Iter 182 add a min_energy: 0.42739397287368774, a mean_energy: 0.7054307721555233 and loss: 0.04775204603919184.
Iter 183 add a min_energy: 0.42739397287368774, a mean_energy: 0.6863739875455698 and loss: 0.04403484043550888.
Iter 184 add a min_energy: 0.42739397287368774, a mean_energy: 0.7038804814219475 and loss: 0.05757346097129414.
Iter 185 add a min_energy: 0.42739397287368774, a mean_energy: 0.698003796239694 and loss: 0.05554992174833297.
Iter 186 add a min_energy: 0.42739397287368774, a mean_energy: 0.7047693158189455 and loss: 0.0410778366669922.
Iter 187 add a min_energy: 0.42739397287368774, a mean_energy: 0.700956579297781 and loss: 0.04052743812743453.
Iter 188 add a min_energy: 0.42739397287368774, a mean_energy: 0.7039141245186329 and loss: 0.039974034401462966.
Iter 189 add a min_energy: 0.42739397287368774, a mean_energy: 0.7020194282134374 and loss: 0.038855974202842994.
Iter 190 add a min_energy: 0.42739397287368774, a mean_energy: 0.7019709125161171 and loss: 0.048879590140402565.
Iter 191 add a min_energy: 0.42739397287368774, a mean_energy: 0.7093893264730772 and loss: 0.031772234754747636.
Iter 192 add a min_energy: 0.42739397287368774, a mean_energy: 0.7138146025439104 and loss: 0.034000660423809975.
Iter 193 add a min_energy: 0.42739397287368774, a mean_energy: 0.6841704646746317 and loss: 0.030043439523477006.
Iter 194 add a min_energy: 0.42739397287368774, a mean_energy: 0.6967256503800551 and loss: 0.027707322246730004.
Iter 195 add a min_energy: 0.42739397287368774, a mean_energy: 0.6912260924776396 and loss: 0.025072040806292883.
Iter 196 add a min_energy: 0.42739397287368774, a mean_energy: 0.6954147865374883 and loss: 0.023046727398884012.
Iter 197 add a min_energy: 0.42739397287368774, a mean_energy: 0.6911720223724842 and loss: 0.020674807860185294.
Iter 198 add a min_energy: 0.42739397287368774, a mean_energy: 0.6934875622391701 and loss: 0.01856164608286658.
Iter 199 add a min_energy: 0.42739397287368774, a mean_energy: 0.6923713373641173 and loss: 0.023965732658865417.
Iter 200 add a min_energy: 0.42739397287368774, a mean_energy: 0.6925738366941611 and loss: 0.016349161852907343.
Iter 201 add a min_energy: 0.42739397287368774, a mean_energy: 0.7010463116069635 and loss: 0.015449035831015867.
Iter 202 add a min_energy: 0.42739397287368774, a mean_energy: 0.7109561587373415 and loss: 0.03345551622418.
Iter 203 add a min_energy: 0.42739397287368774, a mean_energy: 0.7106017656624317 and loss: 0.06005589943056462.
Iter 204 add a min_energy: 0.42739397287368774, a mean_energy: 0.6865639463067055 and loss: 0.03457378535886215.
Iter 205 add a min_energy: 0.42739397287368774, a mean_energy: 0.6943313951293627 and loss: 0.03023254433923734.
Iter 206 add a min_energy: 0.42739397287368774, a mean_energy: 0.7077595628798008 and loss: 0.057767363570350734.
Iter 207 add a min_energy: 0.42739397287368774, a mean_energy: 0.6975977383553982 and loss: 0.02881405141345637.
Iter 208 add a min_energy: 0.42739397287368774, a mean_energy: 0.699488648523887 and loss: 0.04399455461899995.
Iter 209 add a min_energy: 0.42739397287368774, a mean_energy: 0.6825489352146784 and loss: 0.035290801964434834.
Iter 210 add a min_energy: 0.42739397287368774, a mean_energy: 0.6915390187253555 and loss: 0.03131103016652379.
Iter 211 add a min_energy: 0.42739397287368774, a mean_energy: 0.6942657766242822 and loss: 0.031757894589391.
Iter 212 add a min_energy: 0.42739397287368774, a mean_energy: 0.6952077653259039 and loss: 0.020933572230706087.
Iter 213 add a min_energy: 0.42739397287368774, a mean_energy: 0.7083622900148233 and loss: 0.037915464421510885.
Iter 214 add a min_energy: 0.42739397287368774, a mean_energy: 0.6939064040780067 and loss: 0.03675698669271726.
Iter 215 add a min_energy: 0.42739397287368774, a mean_energy: 0.7137297006944815 and loss: 0.01678547385973915.
Iter 216 add a min_energy: 0.42739397287368774, a mean_energy: 0.7018543854355812 and loss: 0.018229220245275766.
Iter 217 add a min_energy: 0.42739397287368774, a mean_energy: 0.690622286250194 and loss: 0.014371206065807798.
Iter 218 add a min_energy: 0.42739397287368774, a mean_energy: 0.6952970462540785 and loss: 0.01562191706139747.
Iter 219 add a min_energy: 0.42739397287368774, a mean_energy: 0.6934136400620142 and loss: 0.033316194879728436.
Iter 220 add a min_energy: 0.42739397287368774, a mean_energy: 0.698030320306619 and loss: 0.04041856690776621.
Iter 221 add a min_energy: 0.42739397287368774, a mean_energy: 0.6889380899568399 and loss: 0.034844866618135156.
Iter 222 add a min_energy: 0.425497829914093, a mean_energy: 0.6924221143126488 and loss: 0.03920597767787268.
Iter 223 add a min_energy: 0.425497829914093, a mean_energy: 0.6960259278615316 and loss: 0.03764534302013851.
Iter 224 add a min_energy: 0.425497829914093, a mean_energy: 0.6881661800046762 and loss: 0.026439511314628215.
Iter 225 add a min_energy: 0.425497829914093, a mean_energy: 0.7113239119450251 and loss: 0.019632349831337343.
Iter 226 add a min_energy: 0.425497829914093, a mean_energy: 0.698257981489102 and loss: 0.01883964477046218.
Iter 227 add a min_energy: 0.425497829914093, a mean_energy: 0.7057020838061968 and loss: 0.02111981593363633.
Iter 228 add a min_energy: 0.425497829914093, a mean_energy: 0.7070327388743559 and loss: 0.022321517271724493.
Iter 229 add a min_energy: 0.425497829914093, a mean_energy: 0.6948856549958388 and loss: 0.02064612502794817.
Iter 230 add a min_energy: 0.425497829914093, a mean_energy: 0.6962733380496502 and loss: 0.016558917007727245.
Iter 231 add a min_energy: 0.425497829914093, a mean_energy: 0.6944864143927892 and loss: 0.019876220933071433.
Iter 232 add a min_energy: 0.425497829914093, a mean_energy: 0.6985187108318011 and loss: 0.014565369703966801.
Iter 233 add a min_energy: 0.425497829914093, a mean_energy: 0.7041333802044392 and loss: 0.016810377819385547.
Iter 234 add a min_energy: 0.425497829914093, a mean_energy: 0.7020320855081081 and loss: 0.017153260930183514.
Iter 235 add a min_energy: 0.425497829914093, a mean_energy: 0.7122067088882128 and loss: 0.015385419658100394.
Iter 236 add a min_energy: 0.425497829914093, a mean_energy: 0.6915779213110606 and loss: 0.016059539179522436.
Iter 237 add a min_energy: 0.425497829914093, a mean_energy: 0.6908166818320751 and loss: 0.012800408125224776.
Iter 238 add a min_energy: 0.425497829914093, a mean_energy: 0.6953725032508373 and loss: 0.012299339049661356.
Iter 239 add a min_energy: 0.425497829914093, a mean_energy: 0.6798101974030336 and loss: 0.012789432617892666.
Iter 240 add a min_energy: 0.425497829914093, a mean_energy: 0.6958529390394688 and loss: 0.011786640872031153.
Iter 241 add a min_energy: 0.425497829914093, a mean_energy: 0.7000388652086258 and loss: 0.011476453188028807.
Iter 242 add a min_energy: 0.425497829914093, a mean_energy: 0.6798523565133413 and loss: 0.007999239309611052.
Iter 243 add a min_energy: 0.425497829914093, a mean_energy: 0.6922656359771887 and loss: 0.009425799237296384.
Iter 244 add a min_energy: 0.425497829914093, a mean_energy: 0.7102095223963261 and loss: 0.007566507891328385.
Iter 245 add a min_energy: 0.425497829914093, a mean_energy: 0.6958125208814939 and loss: 0.007503276059877836.
Iter 246 add a min_energy: 0.425497829914093, a mean_energy: 0.6845317172507445 and loss: 0.0055438512095502.
Iter 247 add a min_energy: 0.425497829914093, a mean_energy: 0.6955781206488609 and loss: 0.0049759239272298035.
Iter 248 add a min_energy: 0.425497829914093, a mean_energy: 0.693672334154447 and loss: 0.004811088169700686.
Iter 249 add a min_energy: 0.425497829914093, a mean_energy: 0.701282707353433 and loss: 0.005919489993045258.
Iter 250 add a min_energy: 0.425497829914093, a mean_energy: 0.684609480202198 and loss: 0.004374703125655533.
Iter 251 add a min_energy: 0.425497829914093, a mean_energy: 0.6926692115763823 and loss: 0.005237979791117672.
Iter 252 add a min_energy: 0.425497829914093, a mean_energy: 0.6934679796298345 and loss: 0.006940009172572387.
Iter 253 add a min_energy: 0.425497829914093, a mean_energy: 0.6886295371999344 and loss: 0.01350150513947871.
Iter 254 add a min_energy: 0.425497829914093, a mean_energy: 0.6968244351446629 and loss: 0.006800258897175643.
Iter 255 add a min_energy: 0.425497829914093, a mean_energy: 0.6959990536173185 and loss: 0.012991216141298839.
Iter 256 add a min_energy: 0.425497829914093, a mean_energy: 0.6968788007895151 and loss: 0.012947602499700853.
Iter 257 add a min_energy: 0.425497829914093, a mean_energy: 0.6930259031554064 and loss: 0.011006322204741549.
Iter 258 add a min_energy: 0.425497829914093, a mean_energy: 0.6805966645479202 and loss: 0.0069236325967095315.
Iter 259 add a min_energy: 0.425497829914093, a mean_energy: 0.6904553733766079 and loss: 0.0071306198484761205.
Iter 260 add a min_energy: 0.425497829914093, a mean_energy: 0.6959044151008129 and loss: 0.006350252263093581.
Iter 261 add a min_energy: 0.425497829914093, a mean_energy: 0.6893339032928149 and loss: 0.005744516926115107.
Iter 262 add a min_energy: 0.425497829914093, a mean_energy: 0.6998112884660562 and loss: 0.00885439029604981.
Iter 263 add a min_energy: 0.425497829914093, a mean_energy: 0.7004863023757935 and loss: 0.005971466285182483.
Iter 264 add a min_energy: 0.425497829914093, a mean_energy: 0.6898251809179783 and loss: 0.005353812981715445.
Iter 265 add a min_energy: 0.425497829914093, a mean_energy: 0.6853546934823195 and loss: 0.004555769649487185.
Iter 266 add a min_energy: 0.425497829914093, a mean_energy: 0.7008337825536728 and loss: 0.005973393225987684.
Iter 267 add a min_energy: 0.425497829914093, a mean_energy: 0.7010128647089005 and loss: 0.0056600672180610965.
Iter 268 add a min_energy: 0.425497829914093, a mean_energy: 0.6919170791904131 and loss: 0.007770366361587987.
Iter 269 add a min_energy: 0.425497829914093, a mean_energy: 0.6989583695928255 and loss: 0.0038838178533271333.
Iter 270 add a min_energy: 0.425497829914093, a mean_energy: 0.6880198139697313 and loss: 0.004502762731337522.
Iter 271 add a min_energy: 0.425497829914093, a mean_energy: 0.6960408786932627 and loss: 0.0027904446423451202.
Iter 272 add a min_energy: 0.425497829914093, a mean_energy: 0.6832124156256517 and loss: 0.007190729202428961.
Iter 273 add a min_energy: 0.425497829914093, a mean_energy: 0.7053752342859904 and loss: 0.004215523313194337.
Iter 274 add a min_energy: 0.425497829914093, a mean_energy: 0.6853144001215696 and loss: 0.0034125093364155905.
Iter 275 add a min_energy: 0.425497829914093, a mean_energy: 0.6929441740115484 and loss: 0.006838743609619887.
Iter 276 add a min_energy: 0.425497829914093, a mean_energy: 0.6870133293171724 and loss: 0.003471705091578366.
Iter 277 add a min_energy: 0.425497829914093, a mean_energy: 0.6976485239962736 and loss: 0.003011625364784988.
Iter 278 add a min_energy: 0.425497829914093, a mean_energy: 0.687942968060573 and loss: 0.002576366241804898.
Iter 279 add a min_energy: 0.425497829914093, a mean_energy: 0.6951595668991407 and loss: 0.0027741460598906197.
Iter 280 add a min_energy: 0.425497829914093, a mean_energy: 0.7016025570531687 and loss: 0.008712493347021925.
Iter 281 add a min_energy: 0.425497829914093, a mean_energy: 0.6939168261984984 and loss: 0.004499607237993902.
Iter 282 add a min_energy: 0.425497829914093, a mean_energy: 0.7121526524424553 and loss: 0.00488224224140822.
Iter 283 add a min_energy: 0.425497829914093, a mean_energy: 0.6991405114531517 and loss: 0.005894224171520249.
Iter 284 add a min_energy: 0.425497829914093, a mean_energy: 0.6988803669810295 and loss: 0.006167335238603717.
Iter 285 add a min_energy: 0.425497829914093, a mean_energy: 0.699056920905908 and loss: 0.006274822363029144.
Iter 286 add a min_energy: 0.425497829914093, a mean_energy: 0.6818063221871853 and loss: 0.005445343310906868.
Iter 287 add a min_energy: 0.425497829914093, a mean_energy: 0.6981538025041422 and loss: 0.005876532185304579.
Iter 288 add a min_energy: 0.425497829914093, a mean_energy: 0.694181722899278 and loss: 0.009085621199087674.
Iter 289 add a min_energy: 0.425497829914093, a mean_energy: 0.6847724827627341 and loss: 0.020880685459521063.
Iter 290 add a min_energy: 0.425497829914093, a mean_energy: 0.6962422579526901 and loss: 0.024517954328594948.
Iter 291 add a min_energy: 0.425497829914093, a mean_energy: 0.6937598728885254 and loss: 0.023706415462901694.
Iter 292 add a min_energy: 0.425497829914093, a mean_energy: 0.7043584162990252 and loss: 0.01234705792309324.
Iter 293 add a min_energy: 0.425497829914093, a mean_energy: 0.6928951404988766 and loss: 0.022781077221410276.
Iter 294 add a min_energy: 0.425497829914093, a mean_energy: 0.6794545967131853 and loss: 0.016496919393382874.
Iter 295 add a min_energy: 0.425497829914093, a mean_energy: 0.7045337694386641 and loss: 0.020115835331260778.
Iter 296 add a min_energy: 0.425497829914093, a mean_energy: 0.688168844829003 and loss: 0.018984114795371352.
Iter 297 add a min_energy: 0.425497829914093, a mean_energy: 0.6812982441236576 and loss: 0.013136785549170589.
Iter 298 add a min_energy: 0.425497829914093, a mean_energy: 0.7035707893470923 and loss: 0.01718295427868058.
Iter 299 add a min_energy: 0.425497829914093, a mean_energy: 0.7035201856245598 and loss: 0.010239131371234755.
Iter 300 add a min_energy: 0.425497829914093, a mean_energy: 0.6979306216041247 and loss: 0.009802898178714763.
Iter 301 add a min_energy: 0.425497829914093, a mean_energy: 0.7016117622454962 and loss: 0.009566695139145265.
Iter 302 add a min_energy: 0.425497829914093, a mean_energy: 0.6944881758342186 and loss: 0.012969444657677574.
Iter 303 add a min_energy: 0.425497829914093, a mean_energy: 0.6859451656540235 and loss: 0.010777670325692566.
Iter 304 add a min_energy: 0.425497829914093, a mean_energy: 0.7009922762711843 and loss: 0.004579703098642598.
Iter 305 add a min_energy: 0.425497829914093, a mean_energy: 0.704367001230518 and loss: 0.011346806368003018.
Iter 306 add a min_energy: 0.425497829914093, a mean_energy: 0.686207503080368 and loss: 0.006333570447352927.
Iter 307 add a min_energy: 0.425497829914093, a mean_energy: 0.7054150042434534 and loss: 0.0038481299340529123.
Iter 308 add a min_energy: 0.425497829914093, a mean_energy: 0.7050951905548573 and loss: 0.009647239451646548.
Iter 309 add a min_energy: 0.425497829914093, a mean_energy: 0.6957177221775055 and loss: 0.0385483044905925.
Iter 310 add a min_energy: 0.425497829914093, a mean_energy: 0.6999656396607558 and loss: 0.03567386304737111.
Iter 311 add a min_energy: 0.425497829914093, a mean_energy: 0.6896843202412128 and loss: 0.03717874006905458.
Iter 312 add a min_energy: 0.425497829914093, a mean_energy: 0.7013594917953014 and loss: 0.0345710441436187.
Iter 313 add a min_energy: 0.425497829914093, a mean_energy: 0.7032076778511206 and loss: 0.032703784245480434.
Iter 314 add a min_energy: 0.425497829914093, a mean_energy: 0.6936589305599531 and loss: 0.031970948698145665.
Iter 315 add a min_energy: 0.425497829914093, a mean_energy: 0.7082090750336647 and loss: 0.03897700942959858.
Iter 316 add a min_energy: 0.425497829914093, a mean_energy: 0.7034706771373749 and loss: 0.03303817024189784.
Iter 317 add a min_energy: 0.425497829914093, a mean_energy: 0.6877633022765318 and loss: 0.029128158669335838.
Iter 318 add a min_energy: 0.425497829914093, a mean_energy: 0.7007680982351303 and loss: 0.031090709280587533.
Iter 319 add a min_energy: 0.425497829914093, a mean_energy: 0.6994724199175835 and loss: 0.030262343740610365.
Iter 320 add a min_energy: 0.425497829914093, a mean_energy: 0.6988216849664847 and loss: 0.0298915455552255.
Iter 321 add a min_energy: 0.425497829914093, a mean_energy: 0.7052868021031221 and loss: 0.02843562779074137.
Iter 322 add a min_energy: 0.425497829914093, a mean_energy: 0.6926588229835033 and loss: 0.02660929597524534.
Iter 323 add a min_energy: 0.425497829914093, a mean_energy: 0.6898890659213066 and loss: 0.025924075607330645.
Iter 324 add a min_energy: 0.425497829914093, a mean_energy: 0.6986580155789852 and loss: 0.02248457608822032.
Iter 325 add a min_energy: 0.425497829914093, a mean_energy: 0.6938611293832461 and loss: 0.023353646460020264.
Iter 326 add a min_energy: 0.425497829914093, a mean_energy: 0.7072552132109801 and loss: 0.022028779685292318.
Iter 327 add a min_energy: 0.425497829914093, a mean_energy: 0.6883826851844788 and loss: 0.019803428562992817.
Iter 328 add a min_energy: 0.425497829914093, a mean_energy: 0.6916996271659931 and loss: 0.0184842195663907.
Iter 329 add a min_energy: 0.425497829914093, a mean_energy: 0.6954069063067436 and loss: 0.018332902399988815.
Iter 330 add a min_energy: 0.425497829914093, a mean_energy: 0.6888416819274426 and loss: 0.042521406089910306.
Iter 331 add a min_energy: 0.425497829914093, a mean_energy: 0.7112382637957732 and loss: 0.0487252042303578.
Iter 332 add a min_energy: 0.425497829914093, a mean_energy: 0.693932137141625 and loss: 0.04741132087565614.
Iter 333 add a min_energy: 0.425497829914093, a mean_energy: 0.7016398534178734 and loss: 0.04200803390724647.
Iter 334 add a min_energy: 0.425497829914093, a mean_energy: 0.6918980417152246 and loss: 0.04632921960333586.
Iter 335 add a min_energy: 0.425497829914093, a mean_energy: 0.6923402287065983 and loss: 0.04457225586689607.
Iter 336 add a min_energy: 0.425497829914093, a mean_energy: 0.6943277344107628 and loss: 0.03667566971946916.
Iter 337 add a min_energy: 0.425497829914093, a mean_energy: 0.7027517606814703 and loss: 0.041569919306441445.
Iter 338 add a min_energy: 0.425497829914093, a mean_energy: 0.6919880794982115 and loss: 0.03422002209525804.
Iter 339 add a min_energy: 0.425497829914093, a mean_energy: 0.6865295134484768 and loss: 0.031425486204743336.
Iter 340 add a min_energy: 0.425497829914093, a mean_energy: 0.7012296443184217 and loss: 0.03069988517500534.
Iter 341 add a min_energy: 0.425497829914093, a mean_energy: 0.6941822282969952 and loss: 0.028887764307393652.
Iter 342 add a min_energy: 0.425497829914093, a mean_energy: 0.7066525916258494 and loss: 0.03417761655917598.
Iter 343 add a min_energy: 0.425497829914093, a mean_energy: 0.6818549012144407 and loss: 0.02531099484771601.
Iter 344 add a min_energy: 0.425497829914093, a mean_energy: 0.6935843129952749 and loss: 0.022916168832575762.
Iter 345 add a min_energy: 0.425497829914093, a mean_energy: 0.709362018853426 and loss: 0.0286411018233554.
Iter 346 add a min_energy: 0.425497829914093, a mean_energy: 0.6998507641255856 and loss: 0.027576889436693598.
Iter 347 add a min_energy: 0.425497829914093, a mean_energy: 0.7085310729841391 and loss: 0.02270080071964066.
Iter 348 add a min_energy: 0.425497829914093, a mean_energy: 0.702875350912412 and loss: 0.020455354039428473.
Iter 349 add a min_energy: 0.425497829914093, a mean_energy: 0.6858446535964807 and loss: 0.020119726948303752.
Iter 350 add a min_energy: 0.425497829914093, a mean_energy: 0.7039803899824619 and loss: 0.017626936434986796.
Iter 351 add a min_energy: 0.425497829914093, a mean_energy: 0.7010169836382071 and loss: 0.01712187986848367.
Iter 352 add a min_energy: 0.425497829914093, a mean_energy: 0.6806952506303787 and loss: 0.013107015816621059.
Iter 353 add a min_energy: 0.425497829914093, a mean_energy: 0.6958324884374937 and loss: 0.012144093994516696.
Iter 354 add a min_energy: 0.425497829914093, a mean_energy: 0.6820219997316599 and loss: 0.010509824908490227.
Iter 355 add a min_energy: 0.425497829914093, a mean_energy: 0.6933651479581991 and loss: 0.009682055356209817.
Iter 356 add a min_energy: 0.425497829914093, a mean_energy: 0.7031122110784054 and loss: 0.009717702206979434.
Iter 357 add a min_energy: 0.425497829914093, a mean_energy: 0.7128897172709306 and loss: 0.011376571010990513.
Iter 358 add a min_energy: 0.425497829914093, a mean_energy: 0.6945688041547934 and loss: 0.01314683725298605.
Iter 359 add a min_energy: 0.425497829914093, a mean_energy: 0.6879536379128695 and loss: 0.013039473436077706.
Iter 360 add a min_energy: 0.425497829914093, a mean_energy: 0.694461589679122 and loss: 0.010456618677336407.
Iter 361 add a min_energy: 0.425497829914093, a mean_energy: 0.7022927862902483 and loss: 0.011267655494467083.
Iter 362 add a min_energy: 0.425497829914093, a mean_energy: 0.6890974665681521 and loss: 0.009077286785364508.
Iter 363 add a min_energy: 0.425497829914093, a mean_energy: 0.6940889401982228 and loss: 0.00919837986920987.
Iter 364 add a min_energy: 0.425497829914093, a mean_energy: 0.6919530791540941 and loss: 0.008572947537578169.
Iter 365 add a min_energy: 0.425497829914093, a mean_energy: 0.6972724000612894 and loss: 0.008055639500809106.
Iter 366 add a min_energy: 0.425497829914093, a mean_energy: 0.6999573906262716 and loss: 0.00970658363231925.
Iter 367 add a min_energy: 0.425497829914093, a mean_energy: 0.6943526143829027 and loss: 0.009281320632836569.
Iter 368 add a min_energy: 0.425497829914093, a mean_energy: 0.6907492975393931 and loss: 0.007446659959425221.
Iter 369 add a min_energy: 0.425497829914093, a mean_energy: 0.6989853121340275 and loss: 0.006906147153265452.
Iter 370 add a min_energy: 0.425497829914093, a mean_energy: 0.6723526430626711 and loss: 0.005469780439642662.
Iter 371 add a min_energy: 0.425497829914093, a mean_energy: 0.7017009730140368 and loss: 0.005204829279270618.
Iter 372 add a min_energy: 0.425497829914093, a mean_energy: 0.7066359606881937 and loss: 0.01712970831296062.
Iter 373 add a min_energy: 0.425497829914093, a mean_energy: 0.6847491599619389 and loss: 0.005725846077945215.
Iter 374 add a min_energy: 0.425497829914093, a mean_energy: 0.6776604068775972 and loss: 0.004558473983206618.
Iter 375 add a min_energy: 0.425497829914093, a mean_energy: 0.6998876022795836 and loss: 0.004048401458602438.
Iter 376 add a min_energy: 0.425497829914093, a mean_energy: 0.6925640515983105 and loss: 0.004689442525444509.
Iter 377 add a min_energy: 0.425497829914093, a mean_energy: 0.7053329572081566 and loss: 0.0036730233624460585.
Iter 378 add a min_energy: 0.425497829914093, a mean_energy: 0.7021064087748528 and loss: 0.0035814417097556495.
Iter 379 add a min_energy: 0.425497829914093, a mean_energy: 0.6874058389415344 and loss: 0.024789433830939758.
Iter 380 add a min_energy: 0.425497829914093, a mean_energy: 0.6971913905193409 and loss: 0.0237896812100441.
Iter 381 add a min_energy: 0.425497829914093, a mean_energy: 0.7042950987815857 and loss: 0.024537545249830178.
Iter 382 add a min_energy: 0.425497829914093, a mean_energy: 0.6958614426354567 and loss: 0.023881389617592994.
Iter 383 add a min_energy: 0.425497829914093, a mean_energy: 0.7076073375840982 and loss: 0.027510585041626744.
Iter 384 add a min_energy: 0.425497829914093, a mean_energy: 0.7066438167045513 and loss: 0.026699366327654735.
Iter 385 add a min_energy: 0.425497829914093, a mean_energy: 0.7101954681177934 and loss: 0.026958218201332394.
Iter 386 add a min_energy: 0.425497829914093, a mean_energy: 0.7072139891485373 and loss: 0.05322540609919823.
Iter 387 add a min_energy: 0.425497829914093, a mean_energy: 0.6916571259498596 and loss: 0.05107243218920742.
Iter 388 add a min_energy: 0.425497829914093, a mean_energy: 0.69314781203866 and loss: 0.023174831066376585.
Iter 389 add a min_energy: 0.425497829914093, a mean_energy: 0.6969281621277332 and loss: 0.023019443992013614.
Iter 390 add a min_energy: 0.425497829914093, a mean_energy: 0.6942271739244461 and loss: 0.02076923603532042.
Iter 391 add a min_energy: 0.425497829914093, a mean_energy: 0.6896046213805676 and loss: 0.018640924046978834.
Iter 392 add a min_energy: 0.425497829914093, a mean_energy: 0.6966631393879652 and loss: 0.015206595882216734.
Iter 393 add a min_energy: 0.425497829914093, a mean_energy: 0.687747415776054 and loss: 0.014813997716735203.
Iter 394 add a min_energy: 0.425497829914093, a mean_energy: 0.6897511358062426 and loss: 0.013753692128931816.
Iter 395 add a min_energy: 0.425497829914093, a mean_energy: 0.6941674302021662 and loss: 0.01574708378669805.
Iter 396 add a min_energy: 0.425497829914093, a mean_energy: 0.6888355364402136 and loss: 0.013368286004821086.
Iter 397 add a min_energy: 0.425497829914093, a mean_energy: 0.6995035248498122 and loss: 0.01392172694024779.
Iter 398 add a min_energy: 0.425497829914093, a mean_energy: 0.6983681445320448 and loss: 0.01277634351444838.
Iter 399 add a min_energy: 0.425497829914093, a mean_energy: 0.7054628965755304 and loss: 0.012310985732517465.
Iter 400 add a min_energy: 0.425497829914093, a mean_energy: 0.706364975621303 and loss: 0.009119227719528344.
Iter 401 add a min_energy: 0.425497829914093, a mean_energy: 0.6987673503657182 and loss: 0.008024039657032992.
Iter 402 add a min_energy: 0.425497829914093, a mean_energy: 0.6846497555573782 and loss: 0.01023681466332575.
Iter 403 add a min_energy: 0.425497829914093, a mean_energy: 0.698715016245842 and loss: 0.009613354546453677.
Iter 404 add a min_energy: 0.425497829914093, a mean_energy: 0.7034168913960457 and loss: 0.006445640524652263.
Iter 405 add a min_energy: 0.425497829914093, a mean_energy: 0.6915856289366881 and loss: 0.0073550783868705435.
Iter 406 add a min_energy: 0.425497829914093, a mean_energy: 0.695235883196195 and loss: 0.004233816793061201.
Iter 407 add a min_energy: 0.425497829914093, a mean_energy: 0.6996663951625427 and loss: 0.005862171191761099.
Iter 408 add a min_energy: 0.425497829914093, a mean_energy: 0.7121484614908695 and loss: 0.004566920073139133.
Iter 409 add a min_energy: 0.425497829914093, a mean_energy: 0.6950765599807104 and loss: 0.0034008138446807307.
Iter 410 add a min_energy: 0.425497829914093, a mean_energy: 0.7052151498695215 and loss: 0.019162487417753397.
Iter 411 add a min_energy: 0.425497829914093, a mean_energy: 0.7043368195494016 and loss: 0.01754012938046037.
Iter 412 add a min_energy: 0.425497829914093, a mean_energy: 0.6966332830488682 and loss: 0.017024309407778607.
Iter 413 add a min_energy: 0.425497829914093, a mean_energy: 0.6894519813358784 and loss: 0.002077006075973187.
Iter 414 add a min_energy: 0.425497829914093, a mean_energy: 0.6898509034266075 and loss: 0.015290890804665962.
Iter 415 add a min_energy: 0.425497829914093, a mean_energy: 0.6911471424003442 and loss: 0.0011853831883282145.
Iter 416 add a min_energy: 0.425497829914093, a mean_energy: 0.7030079973240694 and loss: 0.001937381256935105.
Iter 417 add a min_energy: 0.425497829914093, a mean_energy: 0.6888060787071785 and loss: 0.0017221121850212857.
Iter 418 add a min_energy: 0.425497829914093, a mean_energy: 0.6814172969510158 and loss: 0.0019594520874625025.
Iter 419 add a min_energy: 0.425497829914093, a mean_energy: 0.6926420480012894 and loss: 0.003846694402368366.
Iter 420 add a min_energy: 0.425497829914093, a mean_energy: 0.6980209375421206 and loss: 0.001929156890189167.
Iter 421 add a min_energy: 0.425497829914093, a mean_energy: 0.7027326387663683 and loss: 0.010561576664928107.
Iter 422 add a min_energy: 0.425497829914093, a mean_energy: 0.7027464595933756 and loss: 0.009388735812234657.
Iter 423 add a min_energy: 0.425497829914093, a mean_energy: 0.7137418066461881 and loss: 0.00823035167380604.
Iter 424 add a min_energy: 0.425497829914093, a mean_energy: 0.7081409320235252 and loss: 0.011690356211073505.
Iter 425 add a min_energy: 0.425497829914093, a mean_energy: 0.7018581995119652 and loss: 0.013547444447020458.
Iter 426 add a min_energy: 0.425497829914093, a mean_energy: 0.696834571659565 and loss: 0.020459250891186217.
Iter 427 add a min_energy: 0.425497829914093, a mean_energy: 0.6902547217905521 and loss: 0.012759893657136612.
Iter 428 add a min_energy: 0.425497829914093, a mean_energy: 0.6889070856074492 and loss: 0.029023579799690315.
Iter 429 add a min_energy: 0.425497829914093, a mean_energy: 0.6893235370516777 and loss: 0.0192577266715405.
Iter 430 add a min_energy: 0.425497829914093, a mean_energy: 0.6961278120676676 and loss: 0.02951435735305079.
Iter 431 add a min_energy: 0.425497829914093, a mean_energy: 0.7016968900958697 and loss: 0.08314426503494002.
Iter 432 add a min_energy: 0.425497829914093, a mean_energy: 0.7021650647123655 and loss: 0.07461021592228212.
Iter 433 add a min_energy: 0.425497829914093, a mean_energy: 0.6965850392977396 and loss: 0.021363509618414437.
Iter 434 add a min_energy: 0.425497829914093, a mean_energy: 0.696934329966704 and loss: 0.06709633157227068.
Iter 435 add a min_energy: 0.425497829914093, a mean_energy: 0.6909317374229431 and loss: 0.05730769813393806.
Iter 436 add a min_energy: 0.425497829914093, a mean_energy: 0.6984781057884296 and loss: 0.054517419238160864.
Iter 437 add a min_energy: 0.425497829914093, a mean_energy: 0.7130757234990597 and loss: 0.02537812329434299.
Iter 438 add a min_energy: 0.425497829914093, a mean_energy: 0.692337729036808 and loss: 0.02460354280121549.
Iter 439 add a min_energy: 0.425497829914093, a mean_energy: 0.7085572270055612 and loss: 0.01655716750706177.
Iter 440 add a min_energy: 0.425497829914093, a mean_energy: 0.6884413690616688 and loss: 0.019845387907536503.
Iter 441 add a min_energy: 0.425497829914093, a mean_energy: 0.6808932591229677 and loss: 0.030689777279710652.
Iter 442 add a min_energy: 0.425497829914093, a mean_energy: 0.7022931290169557 and loss: 0.021373184436783942.
Iter 443 add a min_energy: 0.425497829914093, a mean_energy: 0.7015744571884474 and loss: 0.0266572303289211.
Iter 444 add a min_energy: 0.425497829914093, a mean_energy: 0.6826245797177156 and loss: 0.02297026566601441.
Iter 445 add a min_energy: 0.425497829914093, a mean_energy: 0.7033224503199259 and loss: 0.025997137674130505.
Iter 446 add a min_energy: 0.425497829914093, a mean_energy: 0.69823066269358 and loss: 0.0248509029157402.
Iter 447 add a min_energy: 0.425497829914093, a mean_energy: 0.7007100507616997 and loss: 0.024327559011578986.
Iter 448 add a min_energy: 0.425497829914093, a mean_energy: 0.6915456714729468 and loss: 0.023266340744963043.
Iter 449 add a min_energy: 0.425497829914093, a mean_energy: 0.687410286317269 and loss: 0.026400670353324253.
Iter 450 add a min_energy: 0.425497829914093, a mean_energy: 0.6866808707515398 and loss: 0.05631870627108546.
Iter 451 add a min_energy: 0.425497829914093, a mean_energy: 0.6953322937091192 and loss: 0.05469809722405742.
Iter 452 add a min_energy: 0.425497829914093, a mean_energy: 0.7052109527091185 and loss: 0.020240055729428642.
Iter 453 add a min_energy: 0.425497829914093, a mean_energy: 0.6956263917187849 and loss: 0.019222169173741324.
Iter 454 add a min_energy: 0.425497829914093, a mean_energy: 0.6809423367182413 and loss: 0.018834783494486057.
Iter 455 add a min_energy: 0.425497829914093, a mean_energy: 0.702136218547821 and loss: 0.028930858837857457.
Iter 456 add a min_energy: 0.425497829914093, a mean_energy: 0.7015904858708382 and loss: 0.04311627504844111.
Iter 457 add a min_energy: 0.425497829914093, a mean_energy: 0.6961268248657385 and loss: 0.038483095355396096.
Iter 458 add a min_energy: 0.425497829914093, a mean_energy: 0.685843954483668 and loss: 0.03617989076636857.
Iter 459 add a min_energy: 0.425497829914093, a mean_energy: 0.7022589333355427 and loss: 0.011420207056419716.
Iter 460 add a min_energy: 0.425497829914093, a mean_energy: 0.7002221296230952 and loss: 0.01785043537456636.
Iter 461 add a min_energy: 0.425497829914093, a mean_energy: 0.6999396495521069 and loss: 0.019990681156897543.
Iter 462 add a min_energy: 0.425497829914093, a mean_energy: 0.6906425567964712 and loss: 0.018853907564632913.
Iter 463 add a min_energy: 0.425497829914093, a mean_energy: 0.6883074132104715 and loss: 0.01890831106003883.
Iter 464 add a min_energy: 0.425497829914093, a mean_energy: 0.7060992134114107 and loss: 0.018747595621221174.
Iter 465 add a min_energy: 0.425497829914093, a mean_energy: 0.6772187737127146 and loss: 0.017410291025543322.
Iter 466 add a min_energy: 0.425497829914093, a mean_energy: 0.6960223317146301 and loss: 0.017396770726506104.
Iter 467 add a min_energy: 0.425497829914093, a mean_energy: 0.6983034573495388 and loss: 0.01809326442411309.
Iter 468 add a min_energy: 0.425497829914093, a mean_energy: 0.7089596850176653 and loss: 0.01834693605538743.
Iter 469 add a min_energy: 0.425497829914093, a mean_energy: 0.6819073917965094 and loss: 0.027903149217882714.
Iter 470 add a min_energy: 0.425497829914093, a mean_energy: 0.6943700530876716 and loss: 0.024515966839661583.
Iter 471 add a min_energy: 0.425497829914093, a mean_energy: 0.6969473970433077 and loss: 0.02425719511132046.
Iter 472 add a min_energy: 0.425497829914093, a mean_energy: 0.7054516499241194 and loss: 0.024108683280300178.
Iter 473 add a min_energy: 0.425497829914093, a mean_energy: 0.6876553023854891 and loss: 0.024206151286597696.
Iter 474 add a min_energy: 0.425497829914093, a mean_energy: 0.68887510150671 and loss: 0.021335812878285346.
Iter 475 add a min_energy: 0.425497829914093, a mean_energy: 0.6942051127552986 and loss: 0.028980938619987483.
Iter 476 add a min_energy: 0.425497829914093, a mean_energy: 0.7055163395901521 and loss: 0.022081451302251576.
Iter 477 add a min_energy: 0.425497829914093, a mean_energy: 0.687633483360211 and loss: 0.03318560360235061.
Iter 478 add a min_energy: 0.425497829914093, a mean_energy: 0.700410590817531 and loss: 0.029641768914258786.
Iter 479 add a min_energy: 0.425497829914093, a mean_energy: 0.6888242761294047 and loss: 0.012244069117080736.
Iter 480 add a min_energy: 0.425497829914093, a mean_energy: 0.6961414162069559 and loss: 0.02014215227952107.
Iter 481 add a min_energy: 0.425497829914093, a mean_energy: 0.7100519177814325 and loss: 0.014640233660587058.
Iter 482 add a min_energy: 0.425497829914093, a mean_energy: 0.692073634515206 and loss: 0.025285887928323626.
Iter 483 add a min_energy: 0.425497829914093, a mean_energy: 0.6990478249887625 and loss: 0.029285391077757433.
Iter 484 add a min_energy: 0.425497829914093, a mean_energy: 0.7042842196921507 and loss: 0.023427472458514308.
Iter 485 add a min_energy: 0.425497829914093, a mean_energy: 0.6809149160981178 and loss: 0.007971410483831008.
Iter 486 add a min_energy: 0.425497829914093, a mean_energy: 0.6952205573519071 and loss: 0.005949002624207265.
Iter 487 add a min_energy: 0.425497829914093, a mean_energy: 0.7089452544848124 and loss: 0.01947229915459037.
Iter 488 add a min_energy: 0.425497829914093, a mean_energy: 0.6930576376616955 and loss: 0.022520674512842332.
Iter 489 add a min_energy: 0.425497829914093, a mean_energy: 0.6916765123605728 and loss: 0.008447180520815011.
Iter 490 add a min_energy: 0.425497829914093, a mean_energy: 0.6838691104203463 and loss: 0.007213235553282197.
Iter 491 add a min_energy: 0.425497829914093, a mean_energy: 0.6866439568499724 and loss: 0.014954952604300221.
Iter 492 add a min_energy: 0.425497829914093, a mean_energy: 0.7130338425437609 and loss: 0.010572730120914049.
Iter 493 add a min_energy: 0.425497829914093, a mean_energy: 0.6876004077494144 and loss: 0.012415780468204336.
Iter 494 add a min_energy: 0.425497829914093, a mean_energy: 0.6864307224750519 and loss: 0.009065425116199791.
Iter 495 add a min_energy: 0.425497829914093, a mean_energy: 0.6932671293616295 and loss: 0.009006641497777461.
Iter 496 add a min_energy: 0.425497829914093, a mean_energy: 0.7136200567086538 and loss: 0.004402074719335119.
Iter 497 add a min_energy: 0.425497829914093, a mean_energy: 0.696392639229695 and loss: 0.009361286615050347.
Iter 498 add a min_energy: 0.425497829914093, a mean_energy: 0.6891433522105217 and loss: 0.013049417584809162.
Iter 499 add a min_energy: 0.425497829914093, a mean_energy: 0.6870428112645944 and loss: 0.013393210746453983.
Iter 500 add a min_energy: 0.425497829914093, a mean_energy: 0.6939501315355301 and loss: 0.01323059546296633.
Iter 501 add a min_energy: 0.425497829914093, a mean_energy: 0.7070563361048698 and loss: 0.012261115326899212.
Iter 502 add a min_energy: 0.425497829914093, a mean_energy: 0.6775765779117743 and loss: 0.01078105557971242.
Iter 503 add a min_energy: 0.425497829914093, a mean_energy: 0.7093340593079726 and loss: 0.007953952365428637.
Iter 504 add a min_energy: 0.425497829914093, a mean_energy: 0.6985800371815761 and loss: 0.005670459619188898.
Iter 505 add a min_energy: 0.425497829914093, a mean_energy: 0.6865793640414873 and loss: 0.010880912817224702.
Iter 506 add a min_energy: 0.425497829914093, a mean_energy: 0.6971055095394453 and loss: 0.010496433305802577.
Iter 507 add a min_energy: 0.425497829914093, a mean_energy: 0.7113172697524229 and loss: 0.006651283962644333.
Iter 508 add a min_energy: 0.425497829914093, a mean_energy: 0.7022804493705431 and loss: 0.014707310971415224.
Iter 509 add a min_energy: 0.425497829914093, a mean_energy: 0.706449298808972 and loss: 0.010946999847508266.
Iter 510 add a min_energy: 0.425497829914093, a mean_energy: 0.6921015692253908 and loss: 0.00891963871721829.
Iter 511 add a min_energy: 0.425497829914093, a mean_energy: 0.6867706552147865 and loss: 0.017469918754158854.
Iter 512 add a min_energy: 0.425497829914093, a mean_energy: 0.7077426773806413 and loss: 0.014338042009348517.
Iter 513 add a min_energy: 0.425497829914093, a mean_energy: 0.7053009507556757 and loss: 0.012020618922997196.
Iter 514 add a min_energy: 0.425497829914093, a mean_energy: 0.6902323694278797 and loss: 0.010221965595313773.
Iter 515 add a min_energy: 0.425497829914093, a mean_energy: 0.6901901351908842 and loss: 0.009068873234612024.
Iter 516 add a min_energy: 0.425497829914093, a mean_energy: 0.6933697772522768 and loss: 0.008696324329573556.
Iter 517 add a min_energy: 0.425497829914093, a mean_energy: 0.6975434465954701 and loss: 0.008362780635553858.
Iter 518 add a min_energy: 0.425497829914093, a mean_energy: 0.6808262839913368 and loss: 0.013874732076660103.
Iter 519 add a min_energy: 0.425497829914093, a mean_energy: 0.7142327105005583 and loss: 0.00912231829120086.
Iter 520 add a min_energy: 0.425497829914093, a mean_energy: 0.7049966516594092 and loss: 0.009272336865714185.
Iter 521 add a min_energy: 0.425497829914093, a mean_energy: 0.7093937831620375 and loss: 0.010825161644722091.
Iter 522 add a min_energy: 0.425497829914093, a mean_energy: 0.689576351394256 and loss: 0.008594992996775921.
Iter 523 add a min_energy: 0.425497829914093, a mean_energy: 0.6941774127384027 and loss: 0.008108287091437526.
Iter 524 add a min_energy: 0.425497829914093, a mean_energy: 0.69491231876115 and loss: 0.01725061306210712.
Iter 525 add a min_energy: 0.425497829914093, a mean_energy: 0.696755421658357 and loss: 0.02230486458834029.
Iter 526 add a min_energy: 0.425497829914093, a mean_energy: 0.6980358250439167 and loss: 0.02174495427933979.
Iter 527 add a min_energy: 0.425497829914093, a mean_energy: 0.7036652540167173 and loss: 0.013576269964952235.
Iter 528 add a min_energy: 0.425497829914093, a mean_energy: 0.6887724474072456 and loss: 0.015188090113466087.
Iter 529 add a min_energy: 0.425497829914093, a mean_energy: 0.7026254124939442 and loss: 0.02082255635527053.
Iter 530 add a min_energy: 0.425497829914093, a mean_energy: 0.696575153619051 and loss: 0.011082699734779282.
Iter 531 add a min_energy: 0.425497829914093, a mean_energy: 0.6887773461639881 and loss: 0.013907341585159588.
Iter 532 add a min_energy: 0.425497829914093, a mean_energy: 0.7027697861194611 and loss: 0.016686870173612103.
Iter 533 add a min_energy: 0.425497829914093, a mean_energy: 0.6883635688573122 and loss: 0.014683453385627723.
Iter 534 add a min_energy: 0.425497829914093, a mean_energy: 0.6954373816649119 and loss: 0.014290183724716653.
Iter 535 add a min_energy: 0.425497829914093, a mean_energy: 0.6897972524166107 and loss: 0.009187219631231439.
Iter 536 add a min_energy: 0.425497829914093, a mean_energy: 0.6926245285818974 and loss: 0.008636795754242371.
Iter 537 add a min_energy: 0.425497829914093, a mean_energy: 0.696788185586532 and loss: 0.008067852560570226.
Iter 538 add a min_energy: 0.425497829914093, a mean_energy: 0.7043357205887636 and loss: 0.010852014480809748.
Iter 539 add a min_energy: 0.425497829914093, a mean_energy: 0.7075047977268696 and loss: 0.005735316954421053.
Iter 540 add a min_energy: 0.425497829914093, a mean_energy: 0.6803482131411632 and loss: 0.009251894434163665.
Iter 541 add a min_energy: 0.425497829914093, a mean_energy: 0.7056286620597044 and loss: 0.004795662560419956.
Iter 542 add a min_energy: 0.425497829914093, a mean_energy: 0.7052547447383404 and loss: 0.010388993354306446.
Iter 543 add a min_energy: 0.425497829914093, a mean_energy: 0.7080179173499346 and loss: 0.0032077525145590233.
Iter 544 add a min_energy: 0.425497829914093, a mean_energy: 0.6938340527315935 and loss: 0.027234051496415494.
Iter 545 add a min_energy: 0.425497829914093, a mean_energy: 0.6956678479909897 and loss: 0.026487748619437593.
Iter 546 add a min_energy: 0.425497829914093, a mean_energy: 0.7118107279141744 and loss: 0.020191464124935804.
Iter 547 add a min_energy: 0.425497829914093, a mean_energy: 0.698117391516765 and loss: 0.02488448748672993.
Iter 548 add a min_energy: 0.425497829914093, a mean_energy: 0.6924764129022757 and loss: 0.0234278466136562.
Iter 549 add a min_energy: 0.425497829914093, a mean_energy: 0.6915595978498459 and loss: 0.016987783438498338.
Iter 550 add a min_energy: 0.425497829914093, a mean_energy: 0.6805596196403106 and loss: 0.017319488889059854.
Iter 551 add a min_energy: 0.425497829914093, a mean_energy: 0.6879407800734043 and loss: 0.01658090542573968.
Iter 552 add a min_energy: 0.425497829914093, a mean_energy: 0.7012365758419037 and loss: 0.016479323671302677.
Iter 553 add a min_energy: 0.425497829914093, a mean_energy: 0.6968604872624079 and loss: 0.01440659223778409.
Iter 554 add a min_energy: 0.425497829914093, a mean_energy: 0.6980996777613958 and loss: 0.012908035337659598.
Iter 555 add a min_energy: 0.425497829914093, a mean_energy: 0.696911251793305 and loss: 0.011474785534068633.
Iter 556 add a min_energy: 0.425497829914093, a mean_energy: 0.6969784783820311 and loss: 0.009258184395018638.
Iter 557 add a min_energy: 0.425497829914093, a mean_energy: 0.703593077758948 and loss: 0.012113258983005708.
Iter 558 add a min_energy: 0.425497829914093, a mean_energy: 0.6953567986687025 and loss: 0.010742709920827915.
Iter 559 add a min_energy: 0.425497829914093, a mean_energy: 0.6937024313956499 and loss: 0.009489893986873242.
Iter 560 add a min_energy: 0.425497829914093, a mean_energy: 0.696232046931982 and loss: 0.009144944413673087.
Iter 561 add a min_energy: 0.425497829914093, a mean_energy: 0.687549534564217 and loss: 0.005854805967910367.
Iter 562 add a min_energy: 0.425497829914093, a mean_energy: 0.7048186846077442 and loss: 0.005067118822212071.
Iter 563 add a min_energy: 0.425497829914093, a mean_energy: 0.6911903594930967 and loss: 0.0033609673239138166.
Iter 564 add a min_energy: 0.425497829914093, a mean_energy: 0.697358351200819 and loss: 0.003900693965759771.
Iter 565 add a min_energy: 0.425497829914093, a mean_energy: 0.6808229461312294 and loss: 0.003701169754303223.
Iter 566 add a min_energy: 0.425497829914093, a mean_energy: 0.6819021515548229 and loss: 0.005043053765402006.
Iter 567 add a min_energy: 0.425497829914093, a mean_energy: 0.7050128330787023 and loss: 0.002119292773504509.
Iter 568 add a min_energy: 0.425497829914093, a mean_energy: 0.6966410192350546 and loss: 0.0022683624302096464.
Iter 569 add a min_energy: 0.425497829914093, a mean_energy: 0.7037675157189369 and loss: 0.0025280675407763397.
Iter 570 add a min_energy: 0.425497829914093, a mean_energy: 0.7025818452239037 and loss: 0.0028758066185696944.
Iter 571 add a min_energy: 0.425497829914093, a mean_energy: 0.6954418569803238 and loss: 0.0053886069103238725.
Iter 572 add a min_energy: 0.425497829914093, a mean_energy: 0.6901948203643163 and loss: 0.00461086422301523.
Iter 573 add a min_energy: 0.425497829914093, a mean_energy: 0.691025985404849 and loss: 0.005399344907254074.
Iter 574 add a min_energy: 0.425497829914093, a mean_energy: 0.6951105197270712 and loss: 0.006179861672046819.
Iter 575 add a min_energy: 0.425497829914093, a mean_energy: 0.7067603034277757 and loss: 0.005868614904781267.
Iter 576 add a min_energy: 0.425497829914093, a mean_energy: 0.6899169658621153 and loss: 0.006337237993730074.
Iter 577 add a min_energy: 0.425497829914093, a mean_energy: 0.7089690702656904 and loss: 0.0072822374643998836.
Iter 578 add a min_energy: 0.425497829914093, a mean_energy: 0.7068959747751554 and loss: 0.007020761855373143.
Iter 579 add a min_energy: 0.425497829914093, a mean_energy: 0.6976333322624365 and loss: 0.00521132410180285.
Iter 580 add a min_energy: 0.425497829914093, a mean_energy: 0.6936547110478083 and loss: 0.004490580560997994.
Iter 581 add a min_energy: 0.425497829914093, a mean_energy: 0.7104160462816557 and loss: 0.0028088101684038535.
Iter 582 add a min_energy: 0.425497829914093, a mean_energy: 0.6920788337786993 and loss: 0.004023507058243053.
Iter 583 add a min_energy: 0.425497829914093, a mean_energy: 0.7064127375682195 and loss: 0.004570094984227597.
Iter 584 add a min_energy: 0.425497829914093, a mean_energy: 0.6956127770245075 and loss: 0.002432671674086015.
Iter 585 add a min_energy: 0.425497829914093, a mean_energy: 0.6961629924674829 and loss: 0.0012135257607700572.
Iter 586 add a min_energy: 0.425497829914093, a mean_energy: 0.6837639616181453 and loss: 0.002526378782323235.
Iter 587 add a min_energy: 0.425497829914093, a mean_energy: 0.7009739850958189 and loss: 0.0021968170450863524.
Iter 588 add a min_energy: 0.425497829914093, a mean_energy: 0.6988434034089247 and loss: 0.002347680299254175.
Iter 589 add a min_energy: 0.425497829914093, a mean_energy: 0.6933427378535271 and loss: 0.0022158236786232063.
Iter 590 add a min_energy: 0.425497829914093, a mean_energy: 0.6937702124317487 and loss: 0.0015520630322582616.
Iter 591 add a min_energy: 0.425497829914093, a mean_energy: 0.6892361852029959 and loss: 0.00430445687819477.
Iter 592 add a min_energy: 0.425497829914093, a mean_energy: 0.6996274689833323 and loss: 0.00232518820881513.
Iter 593 add a min_energy: 0.425497829914093, a mean_energy: 0.7130351786812147 and loss: 0.0012024631292620732.
Iter 594 add a min_energy: 0.425497829914093, a mean_energy: 0.6932611614465714 and loss: 0.0009051917608953264.
Iter 595 add a min_energy: 0.425497829914093, a mean_energy: 0.6935631632804871 and loss: 0.0018442323574152104.
Iter 596 add a min_energy: 0.425497829914093, a mean_energy: 0.6869856640696526 and loss: 0.004056285446943583.
Iter 597 add a min_energy: 0.425497829914093, a mean_energy: 0.6986623095969359 and loss: 0.0022939835445313847.
Iter 598 add a min_energy: 0.425497829914093, a mean_energy: 0.7111390791833401 and loss: 0.0014672615021667596.
Iter 599 add a min_energy: 0.425497829914093, a mean_energy: 0.7001314759254456 and loss: 0.0020168232775381032.
Iter 600 add a min_energy: 0.425497829914093, a mean_energy: 0.7000910316904386 and loss: 0.002365360908221517.
Iter 601 add a min_energy: 0.425497829914093, a mean_energy: 0.6873447746038437 and loss: 0.0036516316628659477.
Iter 602 add a min_energy: 0.425497829914093, a mean_energy: 0.6791678716739019 and loss: 0.003674108849657078.
Iter 603 add a min_energy: 0.425497829914093, a mean_energy: 0.6912473986546198 and loss: 0.0018915615853231458.
Iter 604 add a min_energy: 0.425497829914093, a mean_energy: 0.7018154772619406 and loss: 0.000489940250131116.
Iter 605 add a min_energy: 0.425497829914093, a mean_energy: 0.7003947459161282 and loss: 0.0032690750298775668.
Iter 606 add a min_energy: 0.425497829914093, a mean_energy: 0.6945795652767023 and loss: 0.0032715827114139008.
Iter 607 add a min_energy: 0.425497829914093, a mean_energy: 0.6857582740485668 and loss: 0.0033414629518044602.
Iter 608 add a min_energy: 0.425497829914093, a mean_energy: 0.6957622207701206 and loss: 0.0034265451564565804.
Iter 609 add a min_energy: 0.425497829914093, a mean_energy: 0.6952302667001883 and loss: 0.0015198853957100764.
Iter 610 add a min_energy: 0.425497829914093, a mean_energy: 0.7027083436648051 and loss: 0.0029708275639341603.
Iter 611 add a min_energy: 0.425497829914093, a mean_energy: 0.6987788466115793 and loss: 0.0033833447005542235.
Iter 612 add a min_energy: 0.425497829914093, a mean_energy: 0.6966274939477444 and loss: 0.004386293100588574.
Iter 613 add a min_energy: 0.425497829914093, a mean_energy: 0.6856289356946945 and loss: 0.0037750350694391423.
Iter 614 add a min_energy: 0.425497829914093, a mean_energy: 0.6933686633904775 and loss: 0.001331804119734283.
Iter 615 add a min_energy: 0.425497829914093, a mean_energy: 0.6816830250124136 and loss: 0.014555774071127061.
Iter 616 add a min_energy: 0.425497829914093, a mean_energy: 0.6930019669234753 and loss: 0.015536469828278528.
Iter 617 add a min_energy: 0.425497829914093, a mean_energy: 0.7002994331220785 and loss: 0.004184585613969114.
Iter 618 add a min_energy: 0.425497829914093, a mean_energy: 0.6990513987839222 and loss: 0.002129423338716947.
Iter 619 add a min_energy: 0.425497829914093, a mean_energy: 0.7051150028904279 and loss: 0.0017279889197039605.
Iter 620 add a min_energy: 0.425497829914093, a mean_energy: 0.6994938589632511 and loss: 0.0030794577527502786.
Iter 621 add a min_energy: 0.425497829914093, a mean_energy: 0.698179803788662 and loss: 0.003155956034291654.
Iter 622 add a min_energy: 0.425497829914093, a mean_energy: 0.7020366316040357 and loss: 0.0023315821417986167.
Iter 623 add a min_energy: 0.425497829914093, a mean_energy: 0.6961657591164112 and loss: 0.0021693639827012746.
Iter 624 add a min_energy: 0.425497829914093, a mean_energy: 0.6939965126415094 and loss: 0.0020189142335909605.
Iter 625 add a min_energy: 0.425497829914093, a mean_energy: 0.6981500660379728 and loss: 0.00235728154116584.
Iter 626 add a min_energy: 0.425497829914093, a mean_energy: 0.6907588131725788 and loss: 0.0022042056171719965.
Iter 627 add a min_energy: 0.425497829914093, a mean_energy: 0.6953332101305326 and loss: 0.002165400911669788.
Iter 628 add a min_energy: 0.425497829914093, a mean_energy: 0.6954150199890137 and loss: 0.0016031841424836233.
Iter 629 add a min_energy: 0.425497829914093, a mean_energy: 0.6913508487244447 and loss: 0.0014692817770497852.
Iter 630 add a min_energy: 0.425497829914093, a mean_energy: 0.7028429005295038 and loss: 0.000993494924884308.
Iter 631 add a min_energy: 0.425497829914093, a mean_energy: 0.7017974058787028 and loss: 0.005281808525827658.
Iter 632 add a min_energy: 0.425497829914093, a mean_energy: 0.7048377878963947 and loss: 0.0065675918238017.
Iter 633 add a min_energy: 0.425497829914093, a mean_energy: 0.7098307522634665 and loss: 0.006278007319032863.
Iter 634 add a min_energy: 0.425497829914093, a mean_energy: 0.6901245253781477 and loss: 0.010929401064411991.
Iter 635 add a min_energy: 0.425497829914093, a mean_energy: 0.7108241356909275 and loss: 0.014015953371945122.
Iter 636 add a min_energy: 0.425497829914093, a mean_energy: 0.6919681367774805 and loss: 0.013690090696464922.
Iter 637 add a min_energy: 0.425497829914093, a mean_energy: 0.7117585241794586 and loss: 0.0038592782574765148.
Iter 638 add a min_energy: 0.425497829914093, a mean_energy: 0.6859082567195097 and loss: 0.01900095585758102.
Iter 639 add a min_energy: 0.425497829914093, a mean_energy: 0.707877313097318 and loss: 0.003964777123462042.
Iter 640 add a min_energy: 0.425497829914093, a mean_energy: 0.7053217726449171 and loss: 0.0033461939496571393.
Iter 641 add a min_energy: 0.425497829914093, a mean_energy: 0.6763556854178508 and loss: 0.0032951675163298165.
Iter 642 add a min_energy: 0.425497829914093, a mean_energy: 0.6960223503410816 and loss: 0.0033484635395718125.
Iter 643 add a min_energy: 0.425497829914093, a mean_energy: 0.7043709369997183 and loss: 0.011782207179223578.
Iter 644 add a min_energy: 0.425497829914093, a mean_energy: 0.709740836173296 and loss: 0.004267034533668949.
Iter 645 add a min_energy: 0.425497829914093, a mean_energy: 0.6865160365899404 and loss: 0.01648207128661899.
Iter 646 add a min_energy: 0.425497829914093, a mean_energy: 0.6980189842482408 and loss: 0.00834218856529333.
Iter 647 add a min_energy: 0.425497829914093, a mean_energy: 0.6949623314042886 and loss: 0.008054498561209971.
Iter 648 add a min_energy: 0.425497829914093, a mean_energy: 0.6771001368761063 and loss: 0.0054915160824804765.
Iter 649 add a min_energy: 0.425497829914093, a mean_energy: 0.7017516034344832 and loss: 0.012059447103742743.
Iter 650 add a min_energy: 0.425497829914093, a mean_energy: 0.6983871447543303 and loss: 0.0073674430671397464.
Iter 651 add a min_energy: 0.425497829914093, a mean_energy: 0.6915949583053589 and loss: 0.004565356313876049.
Iter 652 add a min_energy: 0.425497829914093, a mean_energy: 0.6980738701919714 and loss: 0.006014139623468145.
Iter 653 add a min_energy: 0.425497829914093, a mean_energy: 0.7066792311767737 and loss: 0.009680541102271688.
Iter 654 add a min_energy: 0.425497829914093, a mean_energy: 0.6963981886704763 and loss: 0.008475803110904064.
Iter 655 add a min_energy: 0.425497829914093, a mean_energy: 0.6854596224923929 and loss: 0.007253143920324588.
Iter 656 add a min_energy: 0.425497829914093, a mean_energy: 0.6941645642121633 and loss: 0.005503101599727655.
Iter 657 add a min_energy: 0.425497829914093, a mean_energy: 0.6866007161637148 and loss: 0.0009778136581029093.
Iter 658 add a min_energy: 0.425497829914093, a mean_energy: 0.7017273406187693 and loss: 0.004627470731574111.
Iter 659 add a min_energy: 0.425497829914093, a mean_energy: 0.683836272607247 and loss: 0.0006672499064476807.
Iter 660 add a min_energy: 0.425497829914093, a mean_energy: 0.7090913218756517 and loss: 0.004603143820059241.
Iter 661 add a min_energy: 0.425497829914093, a mean_energy: 0.6900583505630493 and loss: 0.004775853036485211.
Iter 662 add a min_energy: 0.425497829914093, a mean_energy: 0.6960777516166369 and loss: 0.00527106025173117.
Iter 663 add a min_energy: 0.425497829914093, a mean_energy: 0.7079004583259424 and loss: 0.006632001039435982.
Iter 664 add a min_energy: 0.425497829914093, a mean_energy: 0.7063602072497209 and loss: 0.006278606571145293.
Iter 665 add a min_energy: 0.425497829914093, a mean_energy: 0.6982163389523824 and loss: 0.006260580608909305.
Iter 666 add a min_energy: 0.425497829914093, a mean_energy: 0.7036340733369192 and loss: 0.007143816847406409.
Iter 667 add a min_energy: 0.425497829914093, a mean_energy: 0.7068437747657299 and loss: 0.004125793780670765.
Iter 668 add a min_energy: 0.425497829914093, a mean_energy: 0.7010244230429331 and loss: 0.004075973787813536.
Iter 669 add a min_energy: 0.425497829914093, a mean_energy: 0.6877214374641577 and loss: 0.0033946577817258097.
Iter 670 add a min_energy: 0.425497829914093, a mean_energy: 0.6952420224746069 and loss: 0.0038514534693389175.
Iter 671 add a min_energy: 0.425497829914093, a mean_energy: 0.6814602160205444 and loss: 0.006411547424729348.
Iter 672 add a min_energy: 0.425497829914093, a mean_energy: 0.7016940489411354 and loss: 0.0023825693072043103.
Iter 673 add a min_energy: 0.425497829914093, a mean_energy: 0.7061398662626743 and loss: 0.0016580164077491472.
Iter 674 add a min_energy: 0.425497829914093, a mean_energy: 0.6780548716584841 and loss: 0.028472758863186703.
Iter 675 add a min_energy: 0.425497829914093, a mean_energy: 0.6970968581736088 and loss: 0.029182309280555287.
Iter 676 add a min_energy: 0.425497829914093, a mean_energy: 0.694719459861517 and loss: 0.028526899570352225.
Iter 677 add a min_energy: 0.425497829914093, a mean_energy: 0.6902138603230318 and loss: 0.027463278391766113.
Iter 678 add a min_energy: 0.425497829914093, a mean_energy: 0.6992167830467224 and loss: 0.027895823846024848.
Iter 679 add a min_energy: 0.425497829914093, a mean_energy: 0.7014986624320348 and loss: 0.026978809781489345.
Iter 680 add a min_energy: 0.425497829914093, a mean_energy: 0.6973683424293995 and loss: 0.026649145943899232.
Iter 681 add a min_energy: 0.425497829914093, a mean_energy: 0.6990563484529654 and loss: 0.026920476796753138.
Iter 682 add a min_energy: 0.425497829914093, a mean_energy: 0.6868339820454518 and loss: 0.028318000121283812.
Iter 683 add a min_energy: 0.425497829914093, a mean_energy: 0.7061821054667234 and loss: 0.055730999988132315.
Iter 684 add a min_energy: 0.425497829914093, a mean_energy: 0.6883741058409214 and loss: 0.05278210357759419.
Iter 685 add a min_energy: 0.425497829914093, a mean_energy: 0.6829144358634949 and loss: 0.053469939019375336.
Iter 686 add a min_energy: 0.425497829914093, a mean_energy: 0.7047221151491007 and loss: 0.0504670971299321.
Iter 687 add a min_energy: 0.425497829914093, a mean_energy: 0.7037296456595262 and loss: 0.05060362341348203.
Iter 688 add a min_energy: 0.42418044805526733, a mean_energy: 0.6892292040089766 and loss: 0.0446573133975883.
Iter 689 add a min_energy: 0.42418044805526733, a mean_energy: 0.7104759998619556 and loss: 0.046124258787194373.
Iter 690 add a min_energy: 0.42418044805526733, a mean_energy: 0.6977521913746992 and loss: 0.046458660396155545.
Iter 691 add a min_energy: 0.42418044805526733, a mean_energy: 0.6858303112288316 and loss: 0.04360254487580409.
Iter 692 add a min_energy: 0.42418044805526733, a mean_energy: 0.7009643465280533 and loss: 0.04388525802847815.
Iter 693 add a min_energy: 0.42418044805526733, a mean_energy: 0.6793659621228775 and loss: 0.04267159816274388.
Iter 694 add a min_energy: 0.42418044805526733, a mean_energy: 0.7102843672037125 and loss: 0.04044068390742708.
Iter 695 add a min_energy: 0.42418044805526733, a mean_energy: 0.7074050654967626 and loss: 0.0417239141315335.
Iter 696 add a min_energy: 0.42418044805526733, a mean_energy: 0.6908945590257645 and loss: 0.038310068188958615.
Iter 697 add a min_energy: 0.42418044805526733, a mean_energy: 0.7083535119891167 and loss: 0.03897971338046905.
Iter 698 add a min_energy: 0.42418044805526733, a mean_energy: 0.7072177032629648 and loss: 0.040712068364814336.
Iter 699 add a min_energy: 0.42418044805526733, a mean_energy: 0.7064518022040526 and loss: 0.043928508687794576.
Iter 700 add a min_energy: 0.42418044805526733, a mean_energy: 0.6980365241567293 and loss: 0.037938957547291804.
Iter 701 add a min_energy: 0.42418044805526733, a mean_energy: 0.6809336300939322 and loss: 0.02836460173497298.
Iter 702 add a min_energy: 0.42418044805526733, a mean_energy: 0.6999484996000925 and loss: 0.028994898369174304.
Iter 703 add a min_energy: 0.42418044805526733, a mean_energy: 0.7069723395009836 and loss: 0.03198169192442228.
Iter 704 add a min_energy: 0.42418044805526733, a mean_energy: 0.7040539061029752 and loss: 0.04212173738600872.
Iter 705 add a min_energy: 0.42418044805526733, a mean_energy: 0.7026653761665026 and loss: 0.03544008637027869.
Iter 706 add a min_energy: 0.42418044805526733, a mean_energy: 0.689431415249904 and loss: 0.04107872678399845.
Iter 707 add a min_energy: 0.42418044805526733, a mean_energy: 0.6996786879996458 and loss: 0.018767391482127426.
Iter 708 add a min_energy: 0.42418044805526733, a mean_energy: 0.7022057821353277 and loss: 0.028595727973733078.
Iter 709 add a min_energy: 0.42418044805526733, a mean_energy: 0.6911386710902055 and loss: 0.02232868408554686.
Iter 710 add a min_energy: 0.42418044805526733, a mean_energy: 0.6933926704029242 and loss: 0.018994176125714825.
Iter 711 add a min_energy: 0.42418044805526733, a mean_energy: 0.6843491892019907 and loss: 0.04405876332836972.
Iter 712 add a min_energy: 0.42418044805526733, a mean_energy: 0.68559738372763 and loss: 0.02812805315275166.
Iter 713 add a min_energy: 0.42418044805526733, a mean_energy: 0.6923948843032122 and loss: 0.04021364280385334.
Iter 714 add a min_energy: 0.42418044805526733, a mean_energy: 0.7089089974761009 and loss: 0.026702547485595564.
Iter 715 add a min_energy: 0.42418044805526733, a mean_energy: 0.7046045909325281 and loss: 0.03699248293227009.
Iter 716 add a min_energy: 0.42418044805526733, a mean_energy: 0.7002443354576826 and loss: 0.02441126902871068.
Iter 717 add a min_energy: 0.42418044805526733, a mean_energy: 0.7004669507344564 and loss: 0.026866407142293137.
Iter 718 add a min_energy: 0.42418044805526733, a mean_energy: 0.681860901415348 and loss: 0.022930480866966352.
Iter 719 add a min_energy: 0.42418044805526733, a mean_energy: 0.6875946819782257 and loss: 0.017132843964883328.
Iter 720 add a min_energy: 0.42418044805526733, a mean_energy: 0.6976216305047274 and loss: 0.019582003114546224.
Iter 721 add a min_energy: 0.42418044805526733, a mean_energy: 0.6915979919334253 and loss: 0.023966703814091668.
Iter 722 add a min_energy: 0.42418044805526733, a mean_energy: 0.708761565387249 and loss: 0.026009228174557305.
Iter 723 add a min_energy: 0.42418044805526733, a mean_energy: 0.6869945997993151 and loss: 0.022181024072743603.
Iter 724 add a min_energy: 0.42418044805526733, a mean_energy: 0.6893470175564289 and loss: 0.012743214504722036.
Iter 725 add a min_energy: 0.42418044805526733, a mean_energy: 0.6935659522811571 and loss: 0.01205824405828687.
Iter 726 add a min_energy: 0.42418044805526733, a mean_energy: 0.7023448857168356 and loss: 0.0181358545407669.
Iter 727 add a min_energy: 0.42418044805526733, a mean_energy: 0.6937444135546684 and loss: 0.010933382665324256.
Iter 728 add a min_energy: 0.42418044805526733, a mean_energy: 0.7135552515586218 and loss: 0.016138462628900774.
Iter 729 add a min_energy: 0.42418044805526733, a mean_energy: 0.6871094989279906 and loss: 0.011812726058433067.
Iter 730 add a min_energy: 0.42418044805526733, a mean_energy: 0.6814203759034475 and loss: 0.009542834021485511.
Iter 731 add a min_energy: 0.42418044805526733, a mean_energy: 0.6972108806173006 and loss: 0.013436838857282777.
Iter 732 add a min_energy: 0.42418044805526733, a mean_energy: 0.6906939744949341 and loss: 0.010319894153807267.
Iter 733 add a min_energy: 0.42418044805526733, a mean_energy: 0.689953957994779 and loss: 0.008593829218989867.
Iter 734 add a min_energy: 0.42418044805526733, a mean_energy: 0.686653945595026 and loss: 0.0031455536292560337.
Iter 735 add a min_energy: 0.42418044805526733, a mean_energy: 0.6833610845108827 and loss: 0.00860275034934907.
Iter 736 add a min_energy: 0.42418044805526733, a mean_energy: 0.710122416416804 and loss: 0.0028096538124202687.
Iter 737 add a min_energy: 0.42418044805526733, a mean_energy: 0.7025935674707094 and loss: 0.0028270865839087043.
Iter 738 add a min_energy: 0.42418044805526733, a mean_energy: 0.7036916762590408 and loss: 0.004456386267624739.
Iter 739 add a min_energy: 0.42418044805526733, a mean_energy: 0.6822848009566466 and loss: 0.0020115651041103665.
Iter 740 add a min_energy: 0.42418044805526733, a mean_energy: 0.709703654050827 and loss: 0.002439143809066673.
Iter 741 add a min_energy: 0.42418044805526733, a mean_energy: 0.6981493383646011 and loss: 0.0033043243825909567.
Iter 742 add a min_energy: 0.42418044805526733, a mean_energy: 0.6812320686876774 and loss: 0.0029274550682127027.
Iter 743 add a min_energy: 0.42418044805526733, a mean_energy: 0.7142983041703701 and loss: 0.008424958646497404.
Iter 744 add a min_energy: 0.42418044805526733, a mean_energy: 0.7047065024574598 and loss: 0.008042685204238603.
Iter 745 add a min_energy: 0.42418044805526733, a mean_energy: 0.6934853382408619 and loss: 0.0066464235978201435.
Iter 746 add a min_energy: 0.42418044805526733, a mean_energy: 0.6959462103744348 and loss: 0.0077788014935023155.
Iter 747 add a min_energy: 0.42418044805526733, a mean_energy: 0.6971765384078026 and loss: 0.00732382160955664.
Iter 748 add a min_energy: 0.42418044805526733, a mean_energy: 0.6961380243301392 and loss: 0.007173615166346458.
Iter 749 add a min_energy: 0.42418044805526733, a mean_energy: 0.7080142237246037 and loss: 0.004498900560726619.
Iter 750 add a min_energy: 0.42418044805526733, a mean_energy: 0.7003358080983162 and loss: 0.004821692121563343.
Iter 751 add a min_energy: 0.42418044805526733, a mean_energy: 0.6964778093000253 and loss: 0.005985889088333295.
Iter 752 add a min_energy: 0.42418044805526733, a mean_energy: 0.6937559222181638 and loss: 0.004477006407320549.
Iter 753 add a min_energy: 0.42418044805526733, a mean_energy: 0.712920106947422 and loss: 0.01650685813881007.
Iter 754 add a min_energy: 0.42418044805526733, a mean_energy: 0.6872719650467237 and loss: 0.005497855082138446.
Iter 755 add a min_energy: 0.42418044805526733, a mean_energy: 0.6961809558173021 and loss: 0.005173199379966413.
Iter 756 add a min_energy: 0.42418044805526733, a mean_energy: 0.6858453651269277 and loss: 0.005128803313228057.
Iter 757 add a min_energy: 0.42418044805526733, a mean_energy: 0.6878139264881611 and loss: 0.004757774882180255.
Iter 758 add a min_energy: 0.42418044805526733, a mean_energy: 0.7071890234947205 and loss: 0.005093019913494131.
Iter 759 add a min_energy: 0.42418044805526733, a mean_energy: 0.6926777046173811 and loss: 0.004614251002563698.
Iter 760 add a min_energy: 0.42418044805526733, a mean_energy: 0.7047023450334867 and loss: 0.005282525071245218.
Iter 761 add a min_energy: 0.42418044805526733, a mean_energy: 0.7013501872618993 and loss: 0.004643581733793681.
Iter 762 add a min_energy: 0.42418044805526733, a mean_energy: 0.7042824551463127 and loss: 0.004155004369699335.
Iter 763 add a min_energy: 0.42418044805526733, a mean_energy: 0.6805055166284243 and loss: 0.004212611061729706.
Iter 764 add a min_energy: 0.42418044805526733, a mean_energy: 0.6894041560590267 and loss: 0.0047628164860152415.
Iter 765 add a min_energy: 0.42418044805526733, a mean_energy: 0.694931493451198 and loss: 0.00402867698573574.
Iter 766 add a min_energy: 0.42418044805526733, a mean_energy: 0.6655570082366467 and loss: 0.006934407816859874.
Iter 767 add a min_energy: 0.42418044805526733, a mean_energy: 0.6889114615817865 and loss: 0.0006644095817676305.
Iter 768 add a min_energy: 0.42418044805526733, a mean_energy: 0.7003423037628332 and loss: 0.0003826173519019519.
Iter 769 add a min_energy: 0.42418044805526733, a mean_energy: 0.6980155482888222 and loss: 0.0003056906985718465.
Iter 770 add a min_energy: 0.42418044805526733, a mean_energy: 0.6881663942088684 and loss: 0.0005950973514057652.
Iter 771 add a min_energy: 0.42418044805526733, a mean_energy: 0.6950303384413322 and loss: 0.006836877402307769.
Iter 772 add a min_energy: 0.42418044805526733, a mean_energy: 0.6972685952981313 and loss: 0.007223442925888207.
Iter 773 add a min_energy: 0.42418044805526733, a mean_energy: 0.6851253068695465 and loss: 0.007593081859978843.
Iter 774 add a min_energy: 0.42418044805526733, a mean_energy: 0.6921439481278261 and loss: 0.0013827781066421002.
Iter 775 add a min_energy: 0.42418044805526733, a mean_energy: 0.6996168382465839 and loss: 0.006707995271582755.
Iter 776 add a min_energy: 0.42418044805526733, a mean_energy: 0.6814562976360321 and loss: 0.003552318152771871.
Iter 777 add a min_energy: 0.42418044805526733, a mean_energy: 0.6887491183976332 and loss: 0.007321043864073946.
Iter 778 add a min_energy: 0.42418044805526733, a mean_energy: 0.6840813917418321 and loss: 0.008213319540595246.
Iter 779 add a min_energy: 0.42418044805526733, a mean_energy: 0.6785422048221031 and loss: 0.0058168490000202865.
Iter 780 add a min_energy: 0.42418044805526733, a mean_energy: 0.7133653884132704 and loss: 0.0027567847329270827.
Iter 781 add a min_energy: 0.42418044805526733, a mean_energy: 0.6918858153124651 and loss: 0.0033386323772874554.
Iter 782 add a min_energy: 0.42418044805526733, a mean_energy: 0.698252389828364 and loss: 0.00286673990580157.
Iter 783 add a min_energy: 0.42418044805526733, a mean_energy: 0.6976834939171871 and loss: 0.0029553033454773.
Iter 784 add a min_energy: 0.42418044805526733, a mean_energy: 0.6930714100599289 and loss: 0.0067167504201903604.
Iter 785 add a min_energy: 0.42418044805526733, a mean_energy: 0.6940770739068588 and loss: 0.0026284887074609783.
Iter 786 add a min_energy: 0.42418044805526733, a mean_energy: 0.6995365942517916 and loss: 0.002176841338136319.
Iter 787 add a min_energy: 0.42418044805526733, a mean_energy: 0.690948644032081 and loss: 0.00599173881186813.
Iter 788 add a min_energy: 0.42418044805526733, a mean_energy: 0.6803873622169098 and loss: 0.00527911895236366.
Iter 789 add a min_energy: 0.42418044805526733, a mean_energy: 0.7024959238866965 and loss: 0.0051738231881737085.
Iter 790 add a min_energy: 0.42418044805526733, a mean_energy: 0.6879162775973479 and loss: 0.00515042820016288.
Iter 791 add a min_energy: 0.42418044805526733, a mean_energy: 0.7018332835286856 and loss: 0.004178085417963984.
Iter 792 add a min_energy: 0.42418044805526733, a mean_energy: 0.702367597570022 and loss: 0.004434482107184438.
Iter 793 add a min_energy: 0.42418044805526733, a mean_energy: 0.694352695097526 and loss: 0.00514269059660174.
Iter 794 add a min_energy: 0.42418044805526733, a mean_energy: 0.6861187281707922 and loss: 0.003735961972971526.
Iter 795 add a min_energy: 0.42418044805526733, a mean_energy: 0.7123494471112887 and loss: 0.006855215725739359.
Iter 796 add a min_energy: 0.42418044805526733, a mean_energy: 0.7063600483040015 and loss: 0.006842726696353313.
Iter 797 add a min_energy: 0.42418044805526733, a mean_energy: 0.715406616528829 and loss: 0.0030828490895306476.
Iter 798 add a min_energy: 0.42418044805526733, a mean_energy: 0.6958871198197206 and loss: 0.0049828741092810625.
Iter 799 add a min_energy: 0.42418044805526733, a mean_energy: 0.7005524591853222 and loss: 0.0025579055097703.
Iter 800 add a min_energy: 0.42418044805526733, a mean_energy: 0.7141288469235102 and loss: 0.010212771741104189.
Iter 801 add a min_energy: 0.42418044805526733, a mean_energy: 0.6974019979437193 and loss: 0.003807783150765776.
Iter 802 add a min_energy: 0.42418044805526733, a mean_energy: 0.6887593691547712 and loss: 0.007977465284694648.
Iter 803 add a min_energy: 0.42418044805526733, a mean_energy: 0.6883045944074789 and loss: 0.00164927154743999.
Iter 804 add a min_energy: 0.42418044805526733, a mean_energy: 0.6857302722831567 and loss: 0.0015601770099762686.
Iter 805 add a min_energy: 0.42418044805526733, a mean_energy: 0.6939656101167202 and loss: 0.0017396541537916888.
Iter 806 add a min_energy: 0.42418044805526733, a mean_energy: 0.6866332783053318 and loss: 0.010544829205507563.
Iter 807 add a min_energy: 0.42418044805526733, a mean_energy: 0.6794824500878652 and loss: 0.011390585350489025.
Iter 808 add a min_energy: 0.42418044805526733, a mean_energy: 0.7044954436520735 and loss: 0.0072902530662619066.
Iter 809 add a min_energy: 0.42418044805526733, a mean_energy: 0.7028646320104599 and loss: 0.007282796536451285.
Iter 810 add a min_energy: 0.42418044805526733, a mean_energy: 0.6990517886976401 and loss: 0.007293703546662787.
Iter 811 add a min_energy: 0.42418044805526733, a mean_energy: 0.7064387624462446 and loss: 0.007275686266213022.
Iter 812 add a min_energy: 0.42418044805526733, a mean_energy: 0.6965027625362078 and loss: 0.00643296428110531.
Iter 813 add a min_energy: 0.42418044805526733, a mean_energy: 0.7028554690380892 and loss: 0.011858679810707946.
Iter 814 add a min_energy: 0.42418044805526733, a mean_energy: 0.6960381045937538 and loss: 0.011695508607836186.
Iter 815 add a min_energy: 0.42418044805526733, a mean_energy: 0.6878863361974558 and loss: 0.011131551109005895.
Iter 816 add a min_energy: 0.42418044805526733, a mean_energy: 0.6944298427551985 and loss: 0.01086558516625823.
Iter 817 add a min_energy: 0.42418044805526733, a mean_energy: 0.699805119385322 and loss: 0.010782443698648024.
Iter 818 add a min_energy: 0.42418044805526733, a mean_energy: 0.7000617943704128 and loss: 0.007053263499005535.
Iter 819 add a min_energy: 0.42418044805526733, a mean_energy: 0.7040507942438126 and loss: 0.007036257815695126.
Iter 820 add a min_energy: 0.42418044805526733, a mean_energy: 0.6756381951272488 and loss: 0.010116125063264614.
Iter 821 add a min_energy: 0.42418044805526733, a mean_energy: 0.7015566217402617 and loss: 0.010208090834226994.
Iter 822 add a min_energy: 0.42418044805526733, a mean_energy: 0.698621142655611 and loss: 0.009924756438702081.
Iter 823 add a min_energy: 0.42418044805526733, a mean_energy: 0.6889420288304487 and loss: 0.006703310569957357.
Iter 824 add a min_energy: 0.42418044805526733, a mean_energy: 0.7090218029916286 and loss: 0.009880993216773463.
Iter 825 add a min_energy: 0.42418044805526733, a mean_energy: 0.69020397712787 and loss: 0.03555975057626978.
Iter 826 add a min_energy: 0.42418044805526733, a mean_energy: 0.6939398938169082 and loss: 0.03498153333776722.
Iter 827 add a min_energy: 0.42418044805526733, a mean_energy: 0.6869039572775364 and loss: 0.030773087058871745.
Iter 828 add a min_energy: 0.42418044805526733, a mean_energy: 0.6983067144950231 and loss: 0.0326253902245776.
Iter 829 add a min_energy: 0.42418044805526733, a mean_energy: 0.6917830370366573 and loss: 0.02944202588411132.
Iter 830 add a min_energy: 0.42418044805526733, a mean_energy: 0.6842756476253271 and loss: 0.028296119630427413.
Iter 831 add a min_energy: 0.42418044805526733, a mean_energy: 0.6950534035762151 and loss: 0.028091238898435334.
Iter 832 add a min_energy: 0.42418044805526733, a mean_energy: 0.6980677296717962 and loss: 0.026347930414646.
Iter 833 add a min_energy: 0.42418044805526733, a mean_energy: 0.6946680136024952 and loss: 0.025331388904631946.
Iter 834 add a min_energy: 0.42418044805526733, a mean_energy: 0.7041609572867552 and loss: 0.025787240820014556.
Iter 835 add a min_energy: 0.42418044805526733, a mean_energy: 0.6987638200322787 and loss: 0.024152807036936542.
Iter 836 add a min_energy: 0.42418044805526733, a mean_energy: 0.6904601057370504 and loss: 0.02254248898805393.
Iter 837 add a min_energy: 0.42418044805526733, a mean_energy: 0.6978410892188549 and loss: 0.022047450488038526.
Iter 838 add a min_energy: 0.42418044805526733, a mean_energy: 0.6981307528913021 and loss: 0.02489615870806481.
Iter 839 add a min_energy: 0.42418044805526733, a mean_energy: 0.7012567147612572 and loss: 0.02444054382851836.
Iter 840 add a min_energy: 0.42418044805526733, a mean_energy: 0.7063358488182226 and loss: 0.020552315900300534.
Iter 841 add a min_energy: 0.42418044805526733, a mean_energy: 0.6950019598007202 and loss: 0.01905740100284463.
Iter 842 add a min_energy: 0.42418044805526733, a mean_energy: 0.6991104024151961 and loss: 0.01774172245095046.
Iter 843 add a min_energy: 0.42418044805526733, a mean_energy: 0.7013263062884411 and loss: 0.01709238330394862.
Iter 844 add a min_energy: 0.42418044805526733, a mean_energy: 0.6870172011355559 and loss: 0.015695185355890363.
Iter 845 add a min_energy: 0.42418044805526733, a mean_energy: 0.6934555458525816 and loss: 0.014161980411368466.
Iter 846 add a min_energy: 0.42418044805526733, a mean_energy: 0.6908755662540594 and loss: 0.01311039168236828.
Iter 847 add a min_energy: 0.42418044805526733, a mean_energy: 0.6889935806393623 and loss: 0.014254534708698646.
Iter 848 add a min_energy: 0.42418044805526733, a mean_energy: 0.6857346097628275 and loss: 0.014530005274082373.
Iter 849 add a min_energy: 0.42418044805526733, a mean_energy: 0.7063177699844042 and loss: 0.01280563748536631.
Iter 850 add a min_energy: 0.42418044805526733, a mean_energy: 0.6823406877617041 and loss: 0.012789057008771308.
Iter 851 add a min_energy: 0.42418044805526733, a mean_energy: 0.6785957540074984 and loss: 0.0100791829553236.
Iter 852 add a min_energy: 0.42418044805526733, a mean_energy: 0.6996449542542299 and loss: 0.009400157329516337.
Iter 853 add a min_energy: 0.42418044805526733, a mean_energy: 0.691373772919178 and loss: 0.00718571818013202.
Iter 854 add a min_energy: 0.42418044805526733, a mean_energy: 0.6859333099176487 and loss: 0.011091146003123865.
Iter 855 add a min_energy: 0.42418044805526733, a mean_energy: 0.7047151339550813 and loss: 0.012530906423517276.
Iter 856 add a min_energy: 0.42418044805526733, a mean_energy: 0.6903268471360207 and loss: 0.01114399031257851.
Iter 857 add a min_energy: 0.42418044805526733, a mean_energy: 0.6996549181640148 and loss: 0.008331680551023974.
Iter 858 add a min_energy: 0.42418044805526733, a mean_energy: 0.700396524121364 and loss: 0.011113071640154683.
Iter 859 add a min_energy: 0.42418044805526733, a mean_energy: 0.6936309722562631 and loss: 0.007781449365243955.
Iter 860 add a min_energy: 0.42418044805526733, a mean_energy: 0.6990468328197798 and loss: 0.01065518571849624.
Iter 861 add a min_energy: 0.42418044805526733, a mean_energy: 0.7096369341015816 and loss: 0.01082690448099561.
Iter 862 add a min_energy: 0.42418044805526733, a mean_energy: 0.6963092150787512 and loss: 0.00797036598534239.
Iter 863 add a min_energy: 0.42418044805526733, a mean_energy: 0.690628514935573 and loss: 0.007927216892114307.
Iter 864 add a min_energy: 0.42418044805526733, a mean_energy: 0.6796312121053537 and loss: 0.007622442282976139.
Iter 865 add a min_energy: 0.42418044805526733, a mean_energy: 0.6692883869012197 and loss: 0.005294624617987458.
Iter 866 add a min_energy: 0.42418044805526733, a mean_energy: 0.6869717339674631 and loss: 0.005054956449328724.
Iter 867 add a min_energy: 0.42418044805526733, a mean_energy: 0.6987801901996136 and loss: 0.005589820326514335.
Iter 868 add a min_energy: 0.42418044805526733, a mean_energy: 0.695310927927494 and loss: 0.002365224948763929.
Iter 869 add a min_energy: 0.42418044805526733, a mean_energy: 0.6826252937316895 and loss: 0.007020333414641901.
Iter 870 add a min_energy: 0.42418044805526733, a mean_energy: 0.6983162090182304 and loss: 0.004907897374744405.
Iter 871 add a min_energy: 0.42418044805526733, a mean_energy: 0.6926240343600512 and loss: 0.034343964366078075.
Iter 872 add a min_energy: 0.42418044805526733, a mean_energy: 0.7086436338722706 and loss: 0.0318378761345651.
Iter 873 add a min_energy: 0.42418044805526733, a mean_energy: 0.7013390008360147 and loss: 0.03163882799131186.
Iter 874 add a min_energy: 0.42418044805526733, a mean_energy: 0.6862789938847224 and loss: 0.03142541588964044.
Iter 875 add a min_energy: 0.42418044805526733, a mean_energy: 0.7196917446951071 and loss: 0.031323493602930644.
Iter 876 add a min_energy: 0.42418044805526733, a mean_energy: 0.6865326836705208 and loss: 0.03017362653789345.
Iter 877 add a min_energy: 0.42418044805526733, a mean_energy: 0.7028162355224291 and loss: 0.03094644553375275.
Iter 878 add a min_energy: 0.42418044805526733, a mean_energy: 0.688532485316197 and loss: 0.030055919997072834.
Iter 879 add a min_energy: 0.42418044805526733, a mean_energy: 0.6856038955350717 and loss: 0.029960679042800985.
Iter 880 add a min_energy: 0.42418044805526733, a mean_energy: 0.693334891150395 and loss: 0.03318179574975584.
Iter 881 add a min_energy: 0.42418044805526733, a mean_energy: 0.7033837909499804 and loss: 0.0314186484507005.
Iter 882 add a min_energy: 0.42418044805526733, a mean_energy: 0.6935616868237654 and loss: 0.03189012568092778.
Iter 883 add a min_energy: 0.42418044805526733, a mean_energy: 0.7015033115943273 and loss: 0.0308207640462789.
Iter 884 add a min_energy: 0.42418044805526733, a mean_energy: 0.7020709303518137 and loss: 0.028056366173714063.
Iter 885 add a min_energy: 0.42418044805526733, a mean_energy: 0.693756578490138 and loss: 0.02506306429339291.
Iter 886 add a min_energy: 0.42418044805526733, a mean_energy: 0.6802012516806523 and loss: 0.0232108882333772.
Iter 887 add a min_energy: 0.42418044805526733, a mean_energy: 0.7087538441022238 and loss: 0.021284390299784225.
Iter 888 add a min_energy: 0.42418044805526733, a mean_energy: 0.7097027090688547 and loss: 0.02184796625269002.
Iter 889 add a min_energy: 0.42418044805526733, a mean_energy: 0.6881206159790357 and loss: 0.020455779873881384.
Iter 890 add a min_energy: 0.42418044805526733, a mean_energy: 0.6898521333932877 and loss: 0.019467752934710713.
Iter 891 add a min_energy: 0.42418044805526733, a mean_energy: 0.6857176547249159 and loss: 0.016247929065763403.
Iter 892 add a min_energy: 0.42418044805526733, a mean_energy: 0.6905460183819135 and loss: 0.015094542050028342.
Iter 893 add a min_energy: 0.42418044805526733, a mean_energy: 0.7011603104571501 and loss: 0.016426905170906895.
Iter 894 add a min_energy: 0.42418044805526733, a mean_energy: 0.6999067204693953 and loss: 0.014191514516619685.
Iter 895 add a min_energy: 0.42418044805526733, a mean_energy: 0.6984981472293535 and loss: 0.013809764278957441.
Iter 896 add a min_energy: 0.42418044805526733, a mean_energy: 0.6928822534779707 and loss: 0.01262719931481105.
Iter 897 add a min_energy: 0.42418044805526733, a mean_energy: 0.6867889606704315 and loss: 0.01184054087543528.
Iter 898 add a min_energy: 0.42418044805526733, a mean_energy: 0.7026738127072653 and loss: 0.009488016931063412.
Iter 899 add a min_energy: 0.42418044805526733, a mean_energy: 0.6991543397307396 and loss: 0.009554641644832324.
Iter 900 add a min_energy: 0.42418044805526733, a mean_energy: 0.698997667680184 and loss: 0.00793868637030597.
Iter 901 add a min_energy: 0.42418044805526733, a mean_energy: 0.689802007128795 and loss: 0.009574048701602896.
Iter 902 add a min_energy: 0.42418044805526733, a mean_energy: 0.7007390099267164 and loss: 0.009196073118036193.
Iter 903 add a min_energy: 0.42418044805526733, a mean_energy: 0.6978773499528567 and loss: 0.008379276949765715.
Iter 904 add a min_energy: 0.42418044805526733, a mean_energy: 0.6843174149592718 and loss: 0.02285971622030176.
Iter 905 add a min_energy: 0.42418044805526733, a mean_energy: 0.7049333850542704 and loss: 0.006934282177499867.
Iter 906 add a min_energy: 0.42418044805526733, a mean_energy: 0.7105865677197775 and loss: 0.005080491019933584.
Iter 907 add a min_energy: 0.42418044805526733, a mean_energy: 0.7057598953445753 and loss: 0.004305238175954113.
Iter 908 add a min_energy: 0.42418044805526733, a mean_energy: 0.7047270598510901 and loss: 0.005647646593955338.
Iter 909 add a min_energy: 0.42418044805526733, a mean_energy: 0.6965068144102892 and loss: 0.0031481585192494736.
Iter 910 add a min_energy: 0.42418044805526733, a mean_energy: 0.6865154430270195 and loss: 0.0022897167067053303.
Iter 911 add a min_energy: 0.42418044805526733, a mean_energy: 0.6972347175081571 and loss: 0.002931753998285953.
Iter 912 add a min_energy: 0.42418044805526733, a mean_energy: 0.6819991345206896 and loss: 0.0187609345480491.
Iter 913 add a min_energy: 0.42418044805526733, a mean_energy: 0.7054430606464545 and loss: 0.014374353061207306.
Iter 914 add a min_energy: 0.42418044805526733, a mean_energy: 0.6969528620441755 and loss: 0.0033598788044152195.
Iter 915 add a min_energy: 0.42418044805526733, a mean_energy: 0.6873964487264553 and loss: 0.016864524657455086.
Iter 916 add a min_energy: 0.42418044805526733, a mean_energy: 0.6947867348790169 and loss: 0.015400992939438776.
Iter 917 add a min_energy: 0.42418044805526733, a mean_energy: 0.7043166408936182 and loss: 0.015482814377006437.
Iter 918 add a min_energy: 0.42418044805526733, a mean_energy: 0.6966192573308945 and loss: 0.010806153992452487.
Iter 919 add a min_energy: 0.42418044805526733, a mean_energy: 0.7001764712234338 and loss: 0.013824284113738488.
Iter 920 add a min_energy: 0.42418044805526733, a mean_energy: 0.7010616598029932 and loss: 0.002054884527109306.
Iter 921 add a min_energy: 0.42418044805526733, a mean_energy: 0.7054110628863176 and loss: 0.0021256748698884696.
Iter 922 add a min_energy: 0.42418044805526733, a mean_energy: 0.6882968743642172 and loss: 0.0017655659690805686.
Iter 923 add a min_energy: 0.42418044805526733, a mean_energy: 0.710702499995629 and loss: 0.0019201834444658263.
Iter 924 add a min_energy: 0.42418044805526733, a mean_energy: 0.687111851448814 and loss: 0.0017046265508659853.
Iter 925 add a min_energy: 0.42418044805526733, a mean_energy: 0.6851674367984136 and loss: 0.006736584342593389.
Iter 926 add a min_energy: 0.42418044805526733, a mean_energy: 0.707257617264986 and loss: 0.0006978184520997613.
Iter 927 add a min_energy: 0.42418044805526733, a mean_energy: 0.6863216732939085 and loss: 0.006062600441829884.
Iter 928 add a min_energy: 0.42418044805526733, a mean_energy: 0.6970343366265297 and loss: 0.009009230950922528.
Iter 929 add a min_energy: 0.42418044805526733, a mean_energy: 0.7092224483688673 and loss: 0.000645157021667863.
Iter 930 add a min_energy: 0.42418044805526733, a mean_energy: 0.7073927546540896 and loss: 0.0009440661168520581.
Iter 931 add a min_energy: 0.42418044805526733, a mean_energy: 0.7087170593440533 and loss: 0.002828908670383779.
Iter 932 add a min_energy: 0.42418044805526733, a mean_energy: 0.7052103963991007 and loss: 0.019973905582343035.
Iter 933 add a min_energy: 0.42418044805526733, a mean_energy: 0.6985427811741829 and loss: 0.01956338605935215.
Iter 934 add a min_energy: 0.42418044805526733, a mean_energy: 0.6977097652852535 and loss: 0.00440837024496072.
Iter 935 add a min_energy: 0.42418044805526733, a mean_energy: 0.7066159521540006 and loss: 0.018431536500053386.
Iter 936 add a min_energy: 0.42418044805526733, a mean_energy: 0.6947698617974917 and loss: 0.017443365285498075.
Iter 937 add a min_energy: 0.42418044805526733, a mean_energy: 0.7015334740281105 and loss: 0.016837003097133266.
Iter 938 add a min_energy: 0.42418044805526733, a mean_energy: 0.6896991630395254 and loss: 0.003992960040477599.
Iter 939 add a min_energy: 0.42418044805526733, a mean_energy: 0.7099164873361588 and loss: 0.01432715182330678.
Iter 940 add a min_energy: 0.42418044805526733, a mean_energy: 0.6966905227551857 and loss: 0.012821765128487208.
Iter 941 add a min_energy: 0.42418044805526733, a mean_energy: 0.6932029587527117 and loss: 0.011655220238523847.
Iter 942 add a min_energy: 0.42418044805526733, a mean_energy: 0.6937483437359333 and loss: 0.011015540892800135.
Iter 943 add a min_energy: 0.42418044805526733, a mean_energy: 0.7009848070641359 and loss: 0.009872930016354501.
Iter 944 add a min_energy: 0.42418044805526733, a mean_energy: 0.6980718858540058 and loss: 0.00876700588831048.
Iter 945 add a min_energy: 0.42418044805526733, a mean_energy: 0.6966964056094488 and loss: 0.008110828195590968.
Iter 946 add a min_energy: 0.42418044805526733, a mean_energy: 0.6871558154622713 and loss: 0.0022304483357196013.
Iter 947 add a min_energy: 0.42418044805526733, a mean_energy: 0.703628983348608 and loss: 0.006575625842808548.
Iter 948 add a min_energy: 0.42418044805526733, a mean_energy: 0.6804372668266296 and loss: 0.0028395285498405923.
Iter 949 add a min_energy: 0.42418044805526733, a mean_energy: 0.6989553471406301 and loss: 0.0024994650189371897.
Iter 950 add a min_energy: 0.42418044805526733, a mean_energy: 0.696898932258288 and loss: 0.0027245705192100096.
Iter 951 add a min_energy: 0.42418044805526733, a mean_energy: 0.6930719278752804 and loss: 0.0010380336687501315.
Iter 952 add a min_energy: 0.42418044805526733, a mean_energy: 0.6955528383453687 and loss: 0.001127132692259151.
Iter 953 add a min_energy: 0.42418044805526733, a mean_energy: 0.6875287344058355 and loss: 0.000632582492179928.
Iter 954 add a min_energy: 0.42418044805526733, a mean_energy: 0.7014543203016123 and loss: 0.0009388112929974416.
Iter 955 add a min_energy: 0.42418044805526733, a mean_energy: 0.6949243942896525 and loss: 0.0009917477541923985.
Iter 956 add a min_energy: 0.42418044805526733, a mean_energy: 0.6963069923222065 and loss: 0.0009823080483053052.
Iter 957 add a min_energy: 0.42418044805526733, a mean_energy: 0.7115384079515934 and loss: 0.0023034221000400785.
Iter 958 add a min_energy: 0.42418044805526733, a mean_energy: 0.6892082219322523 and loss: 0.002170070460769212.
Iter 959 add a min_energy: 0.42418044805526733, a mean_energy: 0.7029300394157568 and loss: 0.002160585976347496.
Iter 960 add a min_energy: 0.42418044805526733, a mean_energy: 0.6937089326481024 and loss: 0.002031131662431704.
Iter 961 add a min_energy: 0.42418044805526733, a mean_energy: 0.705151924242576 and loss: 0.0021445807967368944.
Iter 962 add a min_energy: 0.42418044805526733, a mean_energy: 0.6880712465693554 and loss: 0.002230803315190946.
Iter 963 add a min_energy: 0.42418044805526733, a mean_energy: 0.7057202172776064 and loss: 0.0025850088756431753.
Iter 964 add a min_energy: 0.42418044805526733, a mean_energy: 0.6980716524024805 and loss: 0.0014158066190020275.
Iter 965 add a min_energy: 0.42418044805526733, a mean_energy: 0.7104850548009077 and loss: 0.004653320003123896.
Iter 966 add a min_energy: 0.42418044805526733, a mean_energy: 0.6962003211180369 and loss: 0.004913333486105692.
Iter 967 add a min_energy: 0.42418044805526733, a mean_energy: 0.6938894738753637 and loss: 0.0018807221325557496.
Iter 968 add a min_energy: 0.42418044805526733, a mean_energy: 0.7026787971456846 and loss: 0.012307609594496846.
Iter 969 add a min_energy: 0.42418044805526733, a mean_energy: 0.6877420792977015 and loss: 0.0043990769081043045.
Iter 970 add a min_energy: 0.42418044805526733, a mean_energy: 0.6950556437174479 and loss: 0.004168579619963444.
Iter 971 add a min_energy: 0.42418044805526733, a mean_energy: 0.7032000596324602 and loss: 0.004507099924841848.
Iter 972 add a min_energy: 0.42418044805526733, a mean_energy: 0.7014275851349036 and loss: 0.0019483237048878949.
Iter 973 add a min_energy: 0.42418044805526733, a mean_energy: 0.7063006845613321 and loss: 0.0023156750957163924.
Iter 974 add a min_energy: 0.42418044805526733, a mean_energy: 0.6893884465098381 and loss: 0.00429745131247403.
Iter 975 add a min_energy: 0.42418044805526733, a mean_energy: 0.6853899657726288 and loss: 0.0021318254896638385.
Iter 976 add a min_energy: 0.42418044805526733, a mean_energy: 0.6933623092869917 and loss: 0.0019493721234115483.
Iter 977 add a min_energy: 0.42418044805526733, a mean_energy: 0.7049982709189256 and loss: 0.0023598540185965763.
Iter 978 add a min_energy: 0.42418044805526733, a mean_energy: 0.7082322717954715 and loss: 0.0027368402273096437.
Iter 979 add a min_energy: 0.42418044805526733, a mean_energy: 0.6891702773670355 and loss: 0.0016294224393854301.
Iter 980 add a min_energy: 0.42418044805526733, a mean_energy: 0.6921661756932735 and loss: 0.001251627040478935.
Iter 981 add a min_energy: 0.42418044805526733, a mean_energy: 0.7133774136503538 and loss: 0.0015982555674083562.
Iter 982 add a min_energy: 0.42418044805526733, a mean_energy: 0.7021522944172224 and loss: 0.0015344024170185471.
Iter 983 add a min_energy: 0.42418044805526733, a mean_energy: 0.6948085861901442 and loss: 0.0011525446156206356.
Iter 984 add a min_energy: 0.42418044805526733, a mean_energy: 0.7067993097007275 and loss: 0.003928282262980714.
Iter 985 add a min_energy: 0.42418044805526733, a mean_energy: 0.6846825070679188 and loss: 0.003390342271584536.
Iter 986 add a min_energy: 0.42418044805526733, a mean_energy: 0.7101495700577894 and loss: 0.0015748922043305636.
Iter 987 add a min_energy: 0.42418044805526733, a mean_energy: 0.6978377637763818 and loss: 0.0011413805745152494.
Iter 988 add a min_energy: 0.42418044805526733, a mean_energy: 0.6852052261432012 and loss: 0.0009707787623916688.
Iter 989 add a min_energy: 0.42418044805526733, a mean_energy: 0.7055724064509074 and loss: 0.0032519670643603154.
Iter 990 add a min_energy: 0.42418044805526733, a mean_energy: 0.6955288338164488 and loss: 0.0029386403160953194.
Iter 991 add a min_energy: 0.42418044805526733, a mean_energy: 0.6958732766409715 and loss: 0.0032116103777617066.
Iter 992 add a min_energy: 0.42418044805526733, a mean_energy: 0.7029046093424162 and loss: 0.002989866207484807.
Iter 993 add a min_energy: 0.42418044805526733, a mean_energy: 0.7010315991938114 and loss: 0.0027484570975072685.
Iter 994 add a min_energy: 0.42418044805526733, a mean_energy: 0.6982989323635896 and loss: 0.00268141343429158.
Iter 995 add a min_energy: 0.42418044805526733, a mean_energy: 0.6977795250713825 and loss: 0.0007465945872813979.
Iter 996 add a min_energy: 0.42418044805526733, a mean_energy: 0.6927723189194998 and loss: 0.0013596854415195469.
Iter 997 add a min_energy: 0.42418044805526733, a mean_energy: 0.699034490933021 and loss: 0.0012855432337668053.
Iter 998 add a min_energy: 0.42418044805526733, a mean_energy: 0.6899540287752947 and loss: 0.001098045615617443.
Iter 999 add a min_energy: 0.42418044805526733, a mean_energy: 0.7053152148922285 and loss: 0.0012539738516624988.
Iter 1000 add a min_energy: 0.42418044805526733, a mean_energy: 0.6985610549648603 and loss: 0.001400106928455289.
Iter 1001 add a min_energy: 0.42418044805526733, a mean_energy: 0.6978806654612223 and loss: 0.0019075021535502879.
Iter 1002 add a min_energy: 0.42418044805526733, a mean_energy: 0.6970742071668307 and loss: 0.0013131055349429417.
Iter 1003 add a min_energy: 0.42418044805526733, a mean_energy: 0.7182408422231674 and loss: 0.0024814000673970874.
Iter 1004 add a min_energy: 0.42418044805526733, a mean_energy: 0.6971660541991392 and loss: 0.0023397349133742963.
Iter 1005 add a min_energy: 0.42418044805526733, a mean_energy: 0.6975037703911463 and loss: 0.0022162301065271816.
Iter 1006 add a min_energy: 0.42418044805526733, a mean_energy: 0.6939661018550396 and loss: 0.0011949767257236443.
Iter 1007 add a min_energy: 0.42418044805526733, a mean_energy: 0.7029153977831205 and loss: 0.0012592087780180573.
Iter 1008 add a min_energy: 0.42418044805526733, a mean_energy: 0.7035128896435102 and loss: 0.000980041496296214.
Iter 1009 add a min_energy: 0.42418044805526733, a mean_energy: 0.6876420229673386 and loss: 0.0010822434451847412.
Iter 1010 add a min_energy: 0.42418044805526733, a mean_energy: 0.6883504558354616 and loss: 0.0011314932800410233.
Iter 1011 add a min_energy: 0.42418044805526733, a mean_energy: 0.6939842539529005 and loss: 0.0012119056547342504.
Iter 1012 add a min_energy: 0.42418044805526733, a mean_energy: 0.6930993261436621 and loss: 0.0011417096235769113.
Iter 1013 add a min_energy: 0.42418044805526733, a mean_energy: 0.6900936091939608 and loss: 0.0014816259811785545.
Iter 1014 add a min_energy: 0.42418044805526733, a mean_energy: 0.6893228677411875 and loss: 0.001966661177151302.
Iter 1015 add a min_energy: 0.42418044805526733, a mean_energy: 0.7028754148632288 and loss: 0.0016567538523718833.
Iter 1016 add a min_energy: 0.42418044805526733, a mean_energy: 0.7007030347983042 and loss: 0.0014311351561002343.
Iter 1017 add a min_energy: 0.42418044805526733, a mean_energy: 0.6946672101815542 and loss: 0.0013008775337140313.
Iter 1018 add a min_energy: 0.42418044805526733, a mean_energy: 0.6933933806916078 and loss: 0.0012736504671214772.
Iter 1019 add a min_energy: 0.42418044805526733, a mean_energy: 0.7056343319515387 and loss: 0.001118793112050841.
Iter 1020 add a min_energy: 0.42418044805526733, a mean_energy: 0.6920209390421709 and loss: 0.0009816462865053388.
Iter 1021 add a min_energy: 0.42418044805526733, a mean_energy: 0.6977852148314317 and loss: 0.0012689904437622951.
Iter 1022 add a min_energy: 0.42418044805526733, a mean_energy: 0.6911928144594034 and loss: 0.0011057480532108567.
Iter 1023 add a min_energy: 0.42418044805526733, a mean_energy: 0.6992194590469202 and loss: 0.0009391713856532485.
Iter 1024 add a min_energy: 0.42418044805526733, a mean_energy: 0.6944250203669071 and loss: 0.00047139520123616575.
Iter 1025 add a min_energy: 0.42418044805526733, a mean_energy: 0.6851696639011303 and loss: 0.0011083284834689762.
Iter 1026 add a min_energy: 0.42418044805526733, a mean_energy: 0.6914631885786852 and loss: 0.0013964026004550777.
Iter 1027 add a min_energy: 0.42418044805526733, a mean_energy: 0.6992981247603893 and loss: 0.0013190228315178736.
Iter 1028 add a min_energy: 0.42418044805526733, a mean_energy: 0.6977404616773129 and loss: 0.0008140418773634968.
Iter 1029 add a min_energy: 0.42418044805526733, a mean_energy: 0.6834671311080456 and loss: 0.0014334620758477557.
Iter 1030 add a min_energy: 0.42418044805526733, a mean_energy: 0.6883407607674599 and loss: 0.0013449378114469546.
Iter 1031 add a min_energy: 0.42418044805526733, a mean_energy: 0.7096375326315562 and loss: 0.0004330024334578981.
Iter 1032 add a min_energy: 0.42418044805526733, a mean_energy: 0.6813559258977572 and loss: 0.001025995968293873.
Iter 1033 add a min_energy: 0.42418044805526733, a mean_energy: 0.6910322370628516 and loss: 0.0013904430019660685.
Iter 1034 add a min_energy: 0.42418044805526733, a mean_energy: 0.6764781679958105 and loss: 0.002337915449280626.
Iter 1035 add a min_energy: 0.42418044805526733, a mean_energy: 0.6842322958012422 and loss: 0.002612049040539735.
Iter 1036 add a min_energy: 0.42418044805526733, a mean_energy: 0.6779811245699724 and loss: 0.0034705501730111794.
Iter 1037 add a min_energy: 0.42418044805526733, a mean_energy: 0.6991055781642596 and loss: 0.0006181011230425531.
Iter 1038 add a min_energy: 0.42418044805526733, a mean_energy: 0.6995503045618534 and loss: 0.0019734009304172846.
Iter 1039 add a min_energy: 0.42418044805526733, a mean_energy: 0.6976010439296564 and loss: 0.0021189762798512614.
Iter 1040 add a min_energy: 0.42418044805526733, a mean_energy: 0.6859163778523604 and loss: 0.002081992263237417.
Iter 1041 add a min_energy: 0.42418044805526733, a mean_energy: 0.6966521181166172 and loss: 0.001865579321462417.
Iter 1042 add a min_energy: 0.42418044805526733, a mean_energy: 0.7056022634108862 and loss: 0.0022494172650936754.
Iter 1043 add a min_energy: 0.42418044805526733, a mean_energy: 0.6879764907062054 and loss: 0.002230673463296231.
Iter 1044 add a min_energy: 0.42418044805526733, a mean_energy: 0.6930755662421385 and loss: 0.0025885653082303576.
Iter 1045 add a min_energy: 0.42418044805526733, a mean_energy: 0.6830097287893295 and loss: 0.0012753240703011442.
Iter 1046 add a min_energy: 0.42418044805526733, a mean_energy: 0.6987955855826536 and loss: 0.0022328866367396084.
Iter 1047 add a min_energy: 0.42418044805526733, a mean_energy: 0.6920171963671843 and loss: 0.0008776034726594865.
Iter 1048 add a min_energy: 0.42418044805526733, a mean_energy: 0.7075144002834955 and loss: 0.002614222289292521.
Iter 1049 add a min_energy: 0.42418044805526733, a mean_energy: 0.6968727962424358 and loss: 0.0013759753981129096.
Iter 1050 add a min_energy: 0.42418044805526733, a mean_energy: 0.7023723386228085 and loss: 0.003204421403463771.
Iter 1051 add a min_energy: 0.42418044805526733, a mean_energy: 0.697202755138278 and loss: 0.002728423814244545.
Iter 1052 add a min_energy: 0.42418044805526733, a mean_energy: 0.7084104418754578 and loss: 0.004386795303220508.
Iter 1053 add a min_energy: 0.42418044805526733, a mean_energy: 0.6941258478909731 and loss: 0.003943453804467848.
Iter 1054 add a min_energy: 0.42418044805526733, a mean_energy: 0.6843724710245928 and loss: 0.0032975860699573432.
Iter 1055 add a min_energy: 0.42418044805526733, a mean_energy: 0.6997226302822431 and loss: 0.0037467601028011066.
Iter 1056 add a min_energy: 0.42418044805526733, a mean_energy: 0.7035234495997429 and loss: 0.0036465400621921024.
Iter 1057 add a min_energy: 0.42418044805526733, a mean_energy: 0.7030376146237055 and loss: 0.00399420722993019.
Iter 1058 add a min_energy: 0.42418044805526733, a mean_energy: 0.7062352672219276 and loss: 0.004327606111802318.
Iter 1059 add a min_energy: 0.42418044805526733, a mean_energy: 0.6982999953130881 and loss: 0.004336131750691534.
Iter 1060 add a min_energy: 0.42418044805526733, a mean_energy: 0.7016755317648252 and loss: 0.003973725744729153.
Iter 1061 add a min_energy: 0.42418044805526733, a mean_energy: 0.6922944436470667 and loss: 0.0036759505906395133.
Iter 1062 add a min_energy: 0.42418044805526733, a mean_energy: 0.6864369275669256 and loss: 0.001125040469962672.
Iter 1063 add a min_energy: 0.42418044805526733, a mean_energy: 0.6905051246285439 and loss: 0.0021450730719186563.
Iter 1064 add a min_energy: 0.42418044805526733, a mean_energy: 0.699801596502463 and loss: 0.0009792364261062467.
Iter 1065 add a min_energy: 0.42418044805526733, a mean_energy: 0.6916519030928612 and loss: 0.0008723432883625318.
Iter 1066 add a min_energy: 0.42418044805526733, a mean_energy: 0.7090342324227095 and loss: 0.0017654765029139435.
Iter 1067 add a min_energy: 0.42418044805526733, a mean_energy: 0.705082081258297 and loss: 0.0012250359375195546.
Iter 1068 add a min_energy: 0.42418044805526733, a mean_energy: 0.6985230135420958 and loss: 0.0019528395053202748.
Iter 1069 add a min_energy: 0.42418044805526733, a mean_energy: 0.7013049473365148 and loss: 0.0005584463042334425.
Iter 1070 add a min_energy: 0.42418044805526733, a mean_energy: 0.6879327781498432 and loss: 0.0006433820505821275.
Iter 1071 add a min_energy: 0.42418044805526733, a mean_energy: 0.6884020964304606 and loss: 0.0012641423499431793.
Iter 1072 add a min_energy: 0.42418044805526733, a mean_energy: 0.7148330907026926 and loss: 0.0004314222373152641.
Iter 1073 add a min_energy: 0.42418044805526733, a mean_energy: 0.700769762819012 and loss: 0.0006027722370721849.
Iter 1074 add a min_energy: 0.42418044805526733, a mean_energy: 0.6909141354262829 and loss: 0.0005557792738537555.
Iter 1075 add a min_energy: 0.42418044805526733, a mean_energy: 0.6844282367577156 and loss: 0.001329330421581651.
Iter 1076 add a min_energy: 0.42418044805526733, a mean_energy: 0.7035392957429091 and loss: 0.0009347075322902967.
Iter 1077 add a min_energy: 0.42418044805526733, a mean_energy: 0.6985712548096975 and loss: 0.0007733877565005408.
Iter 1078 add a min_energy: 0.42418044805526733, a mean_energy: 0.6930016999443372 and loss: 0.0008548424172499125.
Iter 1079 add a min_energy: 0.42418044805526733, a mean_energy: 0.706849983582894 and loss: 0.000735447795459927.
Iter 1080 add a min_energy: 0.42418044805526733, a mean_energy: 0.7078711359451214 and loss: 0.0018757230996808718.
Iter 1081 add a min_energy: 0.42418044805526733, a mean_energy: 0.6872271889199814 and loss: 0.0007261242948719823.
Iter 1082 add a min_energy: 0.42418044805526733, a mean_energy: 0.7069449163973331 and loss: 0.0020864982126577304.
Iter 1083 add a min_energy: 0.42418044805526733, a mean_energy: 0.699995053311189 and loss: 0.0024629816355439763.
Iter 1084 add a min_energy: 0.42418044805526733, a mean_energy: 0.708691536138455 and loss: 0.01045922819941865.
Iter 1085 add a min_energy: 0.42418044805526733, a mean_energy: 0.7018750769396623 and loss: 0.01022169449101866.
Iter 1086 add a min_energy: 0.42418044805526733, a mean_energy: 0.6855892290671667 and loss: 0.0012273786662123111.
Iter 1087 add a min_energy: 0.42418044805526733, a mean_energy: 0.6853682845830917 and loss: 0.0019686528840556286.
Iter 1088 add a min_energy: 0.42418044805526733, a mean_energy: 0.6964622686306635 and loss: 0.0018291915023286372.
Iter 1089 add a min_energy: 0.42418044805526733, a mean_energy: 0.6935526964565119 and loss: 0.0018117678431958414.
Iter 1090 add a min_energy: 0.42418044805526733, a mean_energy: 0.700982291251421 and loss: 0.001163379050870937.
Iter 1091 add a min_energy: 0.42418044805526733, a mean_energy: 0.6951849386096001 and loss: 0.0009261804399488683.
Iter 1092 add a min_energy: 0.42418044805526733, a mean_energy: 0.7116494414707025 and loss: 0.008455926277458885.
Iter 1093 add a min_energy: 0.42418044805526733, a mean_energy: 0.7034079345564047 and loss: 0.02463994451161302.
Iter 1094 add a min_energy: 0.42418044805526733, a mean_energy: 0.7049740105867386 and loss: 0.013507454203857447.
Iter 1095 add a min_energy: 0.42418044805526733, a mean_energy: 0.6830909413595995 and loss: 0.007961255571159983.
Iter 1096 add a min_energy: 0.42418044805526733, a mean_energy: 0.6955463824172815 and loss: 0.008182698260496744.
Iter 1097 add a min_energy: 0.42418044805526733, a mean_energy: 0.7010762865344683 and loss: 0.022801332123046043.
Iter 1098 add a min_energy: 0.42418044805526733, a mean_energy: 0.69763790940245 and loss: 0.007726352410039883.
Iter 1099 add a min_energy: 0.42418044805526733, a mean_energy: 0.6889858928819498 and loss: 0.0011477785936117768.
Iter 1100 add a min_energy: 0.42418044805526733, a mean_energy: 0.6968304874996344 and loss: 0.001524476827260371.
Iter 1101 add a min_energy: 0.42418044805526733, a mean_energy: 0.6967836916446686 and loss: 0.0033942938783714.
Iter 1102 add a min_energy: 0.42418044805526733, a mean_energy: 0.6980426174898943 and loss: 0.006950563177167201.
Iter 1103 add a min_energy: 0.42418044805526733, a mean_energy: 0.7028488243619601 and loss: 0.01820164389225435.
Iter 1104 add a min_energy: 0.42418044805526733, a mean_energy: 0.7020578893522421 and loss: 0.011923396854222808.
Iter 1105 add a min_energy: 0.42418044805526733, a mean_energy: 0.679768263672789 and loss: 0.017948698722067426.
Iter 1106 add a min_energy: 0.42418044805526733, a mean_energy: 0.7001990874608358 and loss: 0.017013515524702684.
Iter 1107 add a min_energy: 0.42418044805526733, a mean_energy: 0.6973104079564413 and loss: 0.01728158980634598.
Iter 1108 add a min_energy: 0.42418044805526733, a mean_energy: 0.6907252172629038 and loss: 0.015143357882831.
Iter 1109 add a min_energy: 0.42418044805526733, a mean_energy: 0.7128779428700606 and loss: 0.0033383664401851047.
Iter 1110 add a min_energy: 0.42418044805526733, a mean_energy: 0.6940924984713396 and loss: 0.009762658340071055.
Iter 1111 add a min_energy: 0.42418044805526733, a mean_energy: 0.7095731161534786 and loss: 0.0021887685341423716.
Iter 1112 add a min_energy: 0.42418044805526733, a mean_energy: 0.7020379056533178 and loss: 0.004184611914952975.
Iter 1113 add a min_energy: 0.42418044805526733, a mean_energy: 0.7010342056552569 and loss: 0.0038271029352983927.
Iter 1114 add a min_energy: 0.42418044805526733, a mean_energy: 0.6902715203662714 and loss: 0.003965115911892881.
Iter 1115 add a min_energy: 0.42418044805526733, a mean_energy: 0.7002258288363615 and loss: 0.003968981744057138.
Iter 1116 add a min_energy: 0.42418044805526733, a mean_energy: 0.6838439740240574 and loss: 0.003840651174167282.
Iter 1117 add a min_energy: 0.42418044805526733, a mean_energy: 0.6964978240430355 and loss: 0.0030412470404507785.
Iter 1118 add a min_energy: 0.42418044805526733, a mean_energy: 0.7002572330335776 and loss: 0.0026826840772561215.
Iter 1119 add a min_energy: 0.42418044805526733, a mean_energy: 0.7030871752649546 and loss: 0.0018689864043909862.
Iter 1120 add a min_energy: 0.42418044805526733, a mean_energy: 0.6951130082209905 and loss: 0.0034286453801622534.
Iter 1121 add a min_energy: 0.42418044805526733, a mean_energy: 0.6994758024811745 and loss: 0.0033214155099303686.
Iter 1122 add a min_energy: 0.42418044805526733, a mean_energy: 0.694658720244964 and loss: 0.0033567501008482468.
Iter 1123 add a min_energy: 0.42418044805526733, a mean_energy: 0.695351475228866 and loss: 0.003030071563817402.
Iter 1124 add a min_energy: 0.42418044805526733, a mean_energy: 0.6990441518525282 and loss: 0.002131845574531047.
Iter 1125 add a min_energy: 0.42418044805526733, a mean_energy: 0.6977096473177274 and loss: 0.0015274340060502122.
Iter 1126 add a min_energy: 0.42418044805526733, a mean_energy: 0.6808510348200798 and loss: 0.007630004371905973.
Iter 1127 add a min_energy: 0.42418044805526733, a mean_energy: 0.7055054741601149 and loss: 0.0025551617504288525.
Iter 1128 add a min_energy: 0.42418044805526733, a mean_energy: 0.6971375954647859 and loss: 0.002947636348415033.
Iter 1129 add a min_energy: 0.42418044805526733, a mean_energy: 0.6876933785776297 and loss: 0.0023124635897498.
Iter 1130 add a min_energy: 0.42418044805526733, a mean_energy: 0.6967484876513481 and loss: 0.002275535872268316.
Iter 1131 add a min_energy: 0.42418044805526733, a mean_energy: 0.7022009889284769 and loss: 0.0021618158309805384.
Iter 1132 add a min_energy: 0.42418044805526733, a mean_energy: 0.6870560192813476 and loss: 0.0014134056339871566.
Iter 1133 add a min_energy: 0.42418044805526733, a mean_energy: 0.6923025399446487 and loss: 0.0017905095127606018.
Iter 1134 add a min_energy: 0.42418044805526733, a mean_energy: 0.6922277311484019 and loss: 0.0015672181546434697.
Iter 1135 add a min_energy: 0.42418044805526733, a mean_energy: 0.6933669609328111 and loss: 0.0015013650923571282.
Iter 1136 add a min_energy: 0.42418044805526733, a mean_energy: 0.7005870838960012 and loss: 0.0010924464743314747.
Iter 1137 add a min_energy: 0.42418044805526733, a mean_energy: 0.709349966297547 and loss: 0.0020524198344309833.
Iter 1138 add a min_energy: 0.42418044805526733, a mean_energy: 0.6917692037920157 and loss: 0.002485929649821286.
Iter 1139 add a min_energy: 0.42418044805526733, a mean_energy: 0.6935022622346878 and loss: 0.0013628851926228613.
Iter 1140 add a min_energy: 0.42418044805526733, a mean_energy: 0.70603246986866 and loss: 0.0024347396251466298.
Iter 1141 add a min_energy: 0.42418044805526733, a mean_energy: 0.6959525570273399 and loss: 0.0015138931252944583.
Iter 1142 add a min_energy: 0.42418044805526733, a mean_energy: 0.6887844658146302 and loss: 0.002356769768570737.
Iter 1143 add a min_energy: 0.42418044805526733, a mean_energy: 0.7055948500831922 and loss: 0.005265965739535555.
Iter 1144 add a min_energy: 0.42418044805526733, a mean_energy: 0.7045742596189181 and loss: 0.003946067229731746.
Iter 1145 add a min_energy: 0.42418044805526733, a mean_energy: 0.696457385395964 and loss: 0.0005282540219667837.
Iter 1146 add a min_energy: 0.42418044805526733, a mean_energy: 0.6896919334928194 and loss: 0.0011650066799214608.
Iter 1147 add a min_energy: 0.42418044805526733, a mean_energy: 0.7032873493929704 and loss: 0.0021922555209208452.
Iter 1148 add a min_energy: 0.42418044805526733, a mean_energy: 0.6963024251163006 and loss: 0.002145697012905314.
Iter 1149 add a min_energy: 0.42418044805526733, a mean_energy: 0.7045826278626919 and loss: 0.007829906570038923.
Iter 1150 add a min_energy: 0.42418044805526733, a mean_energy: 0.7103297511736552 and loss: 0.0033193712296223383.
Iter 1151 add a min_energy: 0.42418044805526733, a mean_energy: 0.6830628390113512 and loss: 0.003172871559495795.
Iter 1152 add a min_energy: 0.42418044805526733, a mean_energy: 0.6945704221725464 and loss: 0.007886380104266044.
Iter 1153 add a min_energy: 0.42418044805526733, a mean_energy: 0.6964672257502874 and loss: 0.007695013040679579.
Iter 1154 add a min_energy: 0.42418044805526733, a mean_energy: 0.7055850612620512 and loss: 0.007424797828285764.
Iter 1155 add a min_energy: 0.42418044805526733, a mean_energy: 0.696461978678902 and loss: 0.003060628475203999.
Iter 1156 add a min_energy: 0.42418044805526733, a mean_energy: 0.701899224271377 and loss: 0.0030129663102988562.
Iter 1157 add a min_energy: 0.42418044805526733, a mean_energy: 0.6956352802614371 and loss: 0.0029416553869943208.
Iter 1158 add a min_energy: 0.42418044805526733, a mean_energy: 0.7036080571512381 and loss: 0.004942700895613609.
Iter 1159 add a min_energy: 0.42418044805526733, a mean_energy: 0.6930608327190081 and loss: 0.003397743314035792.
Iter 1160 add a min_energy: 0.42418044805526733, a mean_energy: 0.6966571770608425 and loss: 0.002267543333152312.
Iter 1161 add a min_energy: 0.42418044805526733, a mean_energy: 0.6948854563136896 and loss: 0.004678256899987482.
Iter 1162 add a min_energy: 0.42418044805526733, a mean_energy: 0.6957404663165411 and loss: 0.004562673791556988.
Iter 1163 add a min_energy: 0.42418044805526733, a mean_energy: 0.6990567619601885 and loss: 0.004385078551588715.
Iter 1164 add a min_energy: 0.42418044805526733, a mean_energy: 0.6932781295229992 and loss: 0.0026492258590861406.
Iter 1165 add a min_energy: 0.42418044805526733, a mean_energy: 0.690298347423474 and loss: 0.003193946379056486.
Iter 1166 add a min_energy: 0.42418044805526733, a mean_energy: 0.6980293790499369 and loss: 0.00214254958737206.
Iter 1167 add a min_energy: 0.42418044805526733, a mean_energy: 0.6957880432407061 and loss: 0.002727487753040816.
Iter 1168 add a min_energy: 0.42418044805526733, a mean_energy: 0.700617058823506 and loss: 0.0028751742850953665.
Iter 1169 add a min_energy: 0.42418044805526733, a mean_energy: 0.6806779454151789 and loss: 0.003480671548741775.
Iter 1170 add a min_energy: 0.42418044805526733, a mean_energy: 0.7000669228533903 and loss: 0.002522172314454202.
Iter 1171 add a min_energy: 0.42418044805526733, a mean_energy: 0.7018798887729645 and loss: 0.0031698629557753598.
Iter 1172 add a min_energy: 0.42418044805526733, a mean_energy: 0.6970076176027457 and loss: 0.003037102728567508.
Iter 1173 add a min_energy: 0.42418044805526733, a mean_energy: 0.7011766470968723 and loss: 0.002615722658798432.
Iter 1174 add a min_energy: 0.42418044805526733, a mean_energy: 0.695124763995409 and loss: 0.0026030550689699226.
Iter 1175 add a min_energy: 0.42418044805526733, a mean_energy: 0.697331881771485 and loss: 0.002376155607903593.
Iter 1176 add a min_energy: 0.42418044805526733, a mean_energy: 0.7078044724961122 and loss: 0.0029734277668902387.
Iter 1177 add a min_energy: 0.42418044805526733, a mean_energy: 0.6966861461599668 and loss: 0.004695755741442327.
Iter 1178 add a min_energy: 0.42418044805526733, a mean_energy: 0.6944015007466078 and loss: 0.0037825737872389464.
Iter 1179 add a min_energy: 0.42418044805526733, a mean_energy: 0.6975766109923521 and loss: 0.0033651440446446318.
Iter 1180 add a min_energy: 0.42418044805526733, a mean_energy: 0.7026805182298025 and loss: 0.003327198271889633.
Iter 1181 add a min_energy: 0.42418044805526733, a mean_energy: 0.695168986916542 and loss: 0.0022892063336802217.
Iter 1182 add a min_energy: 0.42418044805526733, a mean_energy: 0.7069592488308748 and loss: 0.0025277267303916284.
Iter 1183 add a min_energy: 0.42418044805526733, a mean_energy: 0.7023803057769934 and loss: 0.006642873545942673.
Iter 1184 add a min_energy: 0.42418044805526733, a mean_energy: 0.7069062528510889 and loss: 0.015223009749479521.
Iter 1185 add a min_energy: 0.42418044805526733, a mean_energy: 0.6961876029769579 and loss: 0.014537259268701726.
Iter 1186 add a min_energy: 0.42418044805526733, a mean_energy: 0.70081519211332 and loss: 0.013449444358719049.
Iter 1187 add a min_energy: 0.42418044805526733, a mean_energy: 0.6938762553036213 and loss: 0.010684784244387862.
Iter 1188 add a min_energy: 0.42418044805526733, a mean_energy: 0.6757022608071566 and loss: 0.002817149944615833.
Iter 1189 add a min_energy: 0.42418044805526733, a mean_energy: 0.6981829218566418 and loss: 0.002570185872205781.
Iter 1190 add a min_energy: 0.42418044805526733, a mean_energy: 0.7119931603471438 and loss: 0.009420796454367088.
Iter 1191 add a min_energy: 0.42418044805526733, a mean_energy: 0.7020417874058088 and loss: 0.004625249640214216.
Iter 1192 add a min_energy: 0.42418044805526733, a mean_energy: 0.6907948330044746 and loss: 0.009170862769900878.
Iter 1193 add a min_energy: 0.42418044805526733, a mean_energy: 0.700766375909249 and loss: 0.012435812744246249.
Iter 1194 add a min_energy: 0.42418044805526733, a mean_energy: 0.7055093633631865 and loss: 0.011879099670851686.
Iter 1195 add a min_energy: 0.42418044805526733, a mean_energy: 0.70487933481733 and loss: 0.011972724011730253.
Iter 1196 add a min_energy: 0.42418044805526733, a mean_energy: 0.6996352852632602 and loss: 0.004448527680804048.
Iter 1197 add a min_energy: 0.42418044805526733, a mean_energy: 0.6919508446007967 and loss: 0.011123869231357464.
Iter 1198 add a min_energy: 0.42418044805526733, a mean_energy: 0.7048322732249895 and loss: 0.007683137698263676.
Iter 1199 add a min_energy: 0.42418044805526733, a mean_energy: 0.7023633966843287 and loss: 0.011729703344249527.
Iter 1200 add a min_energy: 0.42418044805526733, a mean_energy: 0.684720283995072 and loss: 0.011678690989781611.
Iter 1201 add a min_energy: 0.42418044805526733, a mean_energy: 0.6976687995096048 and loss: 0.010344626115068202.
Iter 1202 add a min_energy: 0.42418044805526733, a mean_energy: 0.6983318713804086 and loss: 0.007561753569205062.
Iter 1203 add a min_energy: 0.42418044805526733, a mean_energy: 0.6997370210786661 and loss: 0.004506404485831762.
Iter 1204 add a min_energy: 0.42418044805526733, a mean_energy: 0.7037888715664545 and loss: 0.006968529853043561.
Iter 1205 add a min_energy: 0.42418044805526733, a mean_energy: 0.706320233643055 and loss: 0.0055586551361801306.
Iter 1206 add a min_energy: 0.42418044805526733, a mean_energy: 0.6991505262752374 and loss: 0.005469964278804628.
Iter 1207 add a min_energy: 0.42418044805526733, a mean_energy: 0.6919610574841499 and loss: 0.008871674822092954.
Iter 1208 add a min_energy: 0.42418044805526733, a mean_energy: 0.6851094911495844 and loss: 0.007219600325841813.
Iter 1209 add a min_energy: 0.42418044805526733, a mean_energy: 0.6949836655209461 and loss: 0.006217872141894298.
Iter 1210 add a min_energy: 0.42418044805526733, a mean_energy: 0.690990075469017 and loss: 0.004092388566304872.
Iter 1211 add a min_energy: 0.42418044805526733, a mean_energy: 0.7041580801208814 and loss: 0.006847670100685674.
Iter 1212 add a min_energy: 0.42418044805526733, a mean_energy: 0.6977387182414532 and loss: 0.009449740765543106.
Iter 1213 add a min_energy: 0.42418044805526733, a mean_energy: 0.6985503124694029 and loss: 0.00627903405506205.
Iter 1214 add a min_energy: 0.42418044805526733, a mean_energy: 0.6892432992657026 and loss: 0.005350248147725849.
Iter 1215 add a min_energy: 0.42418044805526733, a mean_energy: 0.6996395774185658 and loss: 0.008736817292532822.
Iter 1216 add a min_energy: 0.42418044805526733, a mean_energy: 0.7045554767052332 and loss: 0.004856624913109845.
Iter 1217 add a min_energy: 0.42418044805526733, a mean_energy: 0.6915636758009592 and loss: 0.019758337285025275.
Iter 1218 add a min_energy: 0.42418044805526733, a mean_energy: 0.7056133088966211 and loss: 0.027429309763179442.
Iter 1219 add a min_energy: 0.42418044805526733, a mean_energy: 0.694377933939298 and loss: 0.02678413346370088.
Iter 1220 add a min_energy: 0.42418044805526733, a mean_energy: 0.6948253052930037 and loss: 0.023444411609753777.
Iter 1221 add a min_energy: 0.42418044805526733, a mean_energy: 0.7024395695577065 and loss: 0.018623492529392736.
Iter 1222 add a min_energy: 0.42418044805526733, a mean_energy: 0.686901306733489 and loss: 0.024842653608528113.
Iter 1223 add a min_energy: 0.42418044805526733, a mean_energy: 0.69385173295935 and loss: 0.02607536484925539.
Iter 1224 add a min_energy: 0.42418044805526733, a mean_energy: 0.6965762687226137 and loss: 0.029995282041755705.
Iter 1225 add a min_energy: 0.42418044805526733, a mean_energy: 0.6950544988115629 and loss: 0.022692823634154896.
Iter 1226 add a min_energy: 0.42418044805526733, a mean_energy: 0.6911786372462908 and loss: 0.014481083263436305.
Iter 1227 add a min_energy: 0.42418044805526733, a mean_energy: 0.6921500042080879 and loss: 0.020755790615345243.
Iter 1228 add a min_energy: 0.42418044805526733, a mean_energy: 0.699684868256251 and loss: 0.020132546695563188.
Iter 1229 add a min_energy: 0.42418044805526733, a mean_energy: 0.6938044192890326 and loss: 0.016083397802478906.
Iter 1230 add a min_energy: 0.42418044805526733, a mean_energy: 0.68907982048889 and loss: 0.014922964920744606.
Iter 1231 add a min_energy: 0.42418044805526733, a mean_energy: 0.6946839510152737 and loss: 0.018371855819359538.
Iter 1232 add a min_energy: 0.42418044805526733, a mean_energy: 0.6933999471366405 and loss: 0.013247281293455043.
Iter 1233 add a min_energy: 0.42418044805526733, a mean_energy: 0.69623356188337 and loss: 0.010010008685457462.
Iter 1234 add a min_energy: 0.42418044805526733, a mean_energy: 0.7021358758211136 and loss: 0.010040987826822511.
Iter 1235 add a min_energy: 0.42418044805526733, a mean_energy: 0.6945278334120909 and loss: 0.009858907888537308.
Iter 1236 add a min_energy: 0.42418044805526733, a mean_energy: 0.6844936509927114 and loss: 0.01615833872104831.
Iter 1237 add a min_energy: 0.42418044805526733, a mean_energy: 0.6977591601510843 and loss: 0.014139334451850465.
Iter 1238 add a min_energy: 0.42418044805526733, a mean_energy: 0.7052365566293398 and loss: 0.013284259819509796.
Iter 1239 add a min_energy: 0.42418044805526733, a mean_energy: 0.6987355723977089 and loss: 0.01294058852160273.
Iter 1240 add a min_energy: 0.42418044805526733, a mean_energy: 0.7037058596809705 and loss: 0.0091826021861961.
Iter 1241 add a min_energy: 0.42418044805526733, a mean_energy: 0.6981299743056297 and loss: 0.008091044519211877.
Iter 1242 add a min_energy: 0.42418044805526733, a mean_energy: 0.6908129466076692 and loss: 0.005452952263417118.
Iter 1243 add a min_energy: 0.42418044805526733, a mean_energy: 0.7112727798521519 and loss: 0.006360390063636071.
Iter 1244 add a min_energy: 0.42418044805526733, a mean_energy: 0.69139682687819 and loss: 0.003747614798198054.
Iter 1245 add a min_energy: 0.42418044805526733, a mean_energy: 0.6970572248101234 and loss: 0.007153641015941878.
Iter 1246 add a min_energy: 0.42418044805526733, a mean_energy: 0.6762234394749006 and loss: 0.003136712095429718.
Iter 1247 add a min_energy: 0.42418044805526733, a mean_energy: 0.7062969586501519 and loss: 0.006108287184777635.
Iter 1248 add a min_energy: 0.42418044805526733, a mean_energy: 0.6946220695972443 and loss: 0.00513931895036333.
Iter 1249 add a min_energy: 0.42418044805526733, a mean_energy: 0.6934463270008564 and loss: 0.005353660256102126.
Iter 1250 add a min_energy: 0.42418044805526733, a mean_energy: 0.7007696181535721 and loss: 0.004174291526047586.
Iter 1251 add a min_energy: 0.42418044805526733, a mean_energy: 0.6931837213536104 and loss: 0.00397251572311435.
Iter 1252 add a min_energy: 0.42418044805526733, a mean_energy: 0.6871542073786259 and loss: 0.002320876967750376.
Iter 1253 add a min_energy: 0.42418044805526733, a mean_energy: 0.6966345018396775 and loss: 0.002611109559391404.
Iter 1254 add a min_energy: 0.42418044805526733, a mean_energy: 0.6957962457090616 and loss: 0.0022599725600623566.
Iter 1255 add a min_energy: 0.42418044805526733, a mean_energy: 0.6984360031783581 and loss: 0.0038860026837962427.
Iter 1256 add a min_energy: 0.42418044805526733, a mean_energy: 0.6947745122015476 and loss: 0.004366321924914688.
Iter 1257 add a min_energy: 0.42418044805526733, a mean_energy: 0.7024179411431154 and loss: 0.0021538748061126355.
Iter 1258 add a min_energy: 0.42418044805526733, a mean_energy: 0.6975601514180502 and loss: 0.00827165882305126.
Iter 1259 add a min_energy: 0.42418044805526733, a mean_energy: 0.6948525061209997 and loss: 0.007451237088834708.
Iter 1260 add a min_energy: 0.42418044805526733, a mean_energy: 0.7006922022749981 and loss: 0.0073545852436359424.
Iter 1261 add a min_energy: 0.42418044805526733, a mean_energy: 0.7014400052527586 and loss: 0.010034176816429622.
Iter 1262 add a min_energy: 0.42418044805526733, a mean_energy: 0.6816011853516102 and loss: 0.012903820460799994.
Iter 1263 add a min_energy: 0.42418044805526733, a mean_energy: 0.6961331740021706 and loss: 0.007580323401311255.
Iter 1264 add a min_energy: 0.42418044805526733, a mean_energy: 0.6840252876281738 and loss: 0.0019647762227027023.
Iter 1265 add a min_energy: 0.42418044805526733, a mean_energy: 0.6968453054626783 and loss: 0.0033804839958643867.
Iter 1266 add a min_energy: 0.42418044805526733, a mean_energy: 0.6950293940802416 and loss: 0.0029692806605851603.
Iter 1267 add a min_energy: 0.42418044805526733, a mean_energy: 0.6908512338995934 and loss: 0.0029101395276094023.
Iter 1268 add a min_energy: 0.42418044805526733, a mean_energy: 0.7059489625195662 and loss: 0.003339606034983083.
Iter 1269 add a min_energy: 0.42418044805526733, a mean_energy: 0.7025321908295155 and loss: 0.002760094309714439.
Iter 1270 add a min_energy: 0.42418044805526733, a mean_energy: 0.7064382197956244 and loss: 0.0033072070776385344.
Iter 1271 add a min_energy: 0.42418044805526733, a mean_energy: 0.6869825571775436 and loss: 0.0018549251284378765.
Iter 1272 add a min_energy: 0.42418044805526733, a mean_energy: 0.6930764988064766 and loss: 0.002604253403286268.
Iter 1273 add a min_energy: 0.42418044805526733, a mean_energy: 0.7088121535877386 and loss: 0.006000041825963679.
Iter 1274 add a min_energy: 0.42418044805526733, a mean_energy: 0.7023233883082867 and loss: 0.005974459210003677.
Iter 1275 add a min_energy: 0.42418044805526733, a mean_energy: 0.707139520595471 and loss: 0.008319155760658802.
Iter 1276 add a min_energy: 0.42418044805526733, a mean_energy: 0.6956936530768871 and loss: 0.005214528549855324.
Iter 1277 add a min_energy: 0.42418044805526733, a mean_energy: 0.7060231181482474 and loss: 0.012603666322441474.
Iter 1278 add a min_energy: 0.42418044805526733, a mean_energy: 0.6847131587564945 and loss: 0.00794390161478001.
Iter 1279 add a min_energy: 0.42418044805526733, a mean_energy: 0.7003770681718985 and loss: 0.007815989734881736.
Iter 1280 add a min_energy: 0.42418044805526733, a mean_energy: 0.6774317361414433 and loss: 0.005775979782717909.
Iter 1281 add a min_energy: 0.42418044805526733, a mean_energy: 0.6806633447607359 and loss: 0.0034597815575725245.
Iter 1282 add a min_energy: 0.42418044805526733, a mean_energy: 0.6819774496058623 and loss: 0.00262187467686189.
Iter 1283 add a min_energy: 0.42418044805526733, a mean_energy: 0.7127436796824137 and loss: 0.005691203476053067.
Iter 1284 add a min_energy: 0.42418044805526733, a mean_energy: 0.6961261859784523 and loss: 0.0055758903992947275.
Iter 1285 add a min_energy: 0.42418044805526733, a mean_energy: 0.6936422238747278 and loss: 0.007983538917295972.
Iter 1286 add a min_energy: 0.42418044805526733, a mean_energy: 0.7025039792060852 and loss: 0.007012834957606164.
Iter 1287 add a min_energy: 0.42418044805526733, a mean_energy: 0.6924528727928797 and loss: 0.007518356218553636.
Iter 1288 add a min_energy: 0.42418044805526733, a mean_energy: 0.7047825666765372 and loss: 0.0019207785111585419.
Iter 1289 add a min_energy: 0.42418044805526733, a mean_energy: 0.7007828404506048 and loss: 0.0019199314581364085.
Iter 1290 add a min_energy: 0.42418044805526733, a mean_energy: 0.6917733817050854 and loss: 0.006614506367869682.
Iter 1291 add a min_energy: 0.42418044805526733, a mean_energy: 0.7096682985623678 and loss: 0.014664565893781144.
Iter 1292 add a min_energy: 0.42418044805526733, a mean_energy: 0.6833497776339451 and loss: 0.0017545686658449028.
Iter 1293 add a min_energy: 0.42418044805526733, a mean_energy: 0.6908074139306942 and loss: 0.0017317144572870744.
Iter 1294 add a min_energy: 0.42418044805526733, a mean_energy: 0.6898712279895941 and loss: 0.00616732480422932.
Iter 1295 add a min_energy: 0.42418044805526733, a mean_energy: 0.7051417392989 and loss: 0.015514701794151821.
Iter 1296 add a min_energy: 0.42418044805526733, a mean_energy: 0.690182146926721 and loss: 0.009492242556228915.
Iter 1297 add a min_energy: 0.42418044805526733, a mean_energy: 0.6823299881070852 and loss: 0.005875308737938563.
Iter 1298 add a min_energy: 0.42418044805526733, a mean_energy: 0.6892504865924517 and loss: 0.003974806493522764.
Iter 1299 add a min_energy: 0.42418044805526733, a mean_energy: 0.697975629940629 and loss: 0.0026100885968593462.
Iter 1300 add a min_energy: 0.42418044805526733, a mean_energy: 0.6935677404205004 and loss: 0.0011509886150345761.
Iter 1301 add a min_energy: 0.42418044805526733, a mean_energy: 0.7011297736316919 and loss: 0.0016472450565388225.
Iter 1302 add a min_energy: 0.42418044805526733, a mean_energy: 0.6809809307257334 and loss: 0.001027498179950054.
Iter 1303 add a min_energy: 0.42418044805526733, a mean_energy: 0.695163240035375 and loss: 0.0015593974135735605.
Iter 1304 add a min_energy: 0.42418044805526733, a mean_energy: 0.7039356529712677 and loss: 0.0018820559554005639.
Iter 1305 add a min_energy: 0.42418044805526733, a mean_energy: 0.7050047889351845 and loss: 0.0019039019419451512.
Iter 1306 add a min_energy: 0.42418044805526733, a mean_energy: 0.7123266731699308 and loss: 0.0022595015399247903.
Iter 1307 add a min_energy: 0.42418044805526733, a mean_energy: 0.7005459914604822 and loss: 0.0024793379963007744.
Iter 1308 add a min_energy: 0.42418044805526733, a mean_energy: 0.7151742031176885 and loss: 0.007417953243771089.
Iter 1309 add a min_energy: 0.42418044805526733, a mean_energy: 0.7065786210199198 and loss: 0.005316911722971034.
Iter 1310 add a min_energy: 0.42418044805526733, a mean_energy: 0.7156956580777963 and loss: 0.0172149493652485.
Iter 1311 add a min_energy: 0.42418044805526733, a mean_energy: 0.7017898360888163 and loss: 0.01748420511457247.
Iter 1312 add a min_energy: 0.42418044805526733, a mean_energy: 0.7006937501331171 and loss: 0.026878429290159996.
Iter 1313 add a min_energy: 0.42418044805526733, a mean_energy: 0.698777021219333 and loss: 0.032075892542829124.
Iter 1314 add a min_energy: 0.42418044805526733, a mean_energy: 0.6938456209997336 and loss: 0.02961542497360517.
Iter 1315 add a min_energy: 0.42418044805526733, a mean_energy: 0.7063047314683596 and loss: 0.030164636161941906.
Iter 1316 add a min_energy: 0.42418044805526733, a mean_energy: 0.7062322547038397 and loss: 0.02193144087896642.
Iter 1317 add a min_energy: 0.42418044805526733, a mean_energy: 0.7062922827899456 and loss: 0.02232017794204607.
Iter 1318 add a min_energy: 0.42418044805526733, a mean_energy: 0.6981027151147524 and loss: 0.020091401376094463.
Iter 1319 add a min_energy: 0.42418044805526733, a mean_energy: 0.6970694673558077 and loss: 0.023916348064694636.
Iter 1320 add a min_energy: 0.42418044805526733, a mean_energy: 0.7027015710870425 and loss: 0.014406930156112092.
Iter 1321 add a min_energy: 0.42418044805526733, a mean_energy: 0.6906562199195226 and loss: 0.016887406478286727.
Iter 1322 add a min_energy: 0.42418044805526733, a mean_energy: 0.703118097037077 and loss: 0.018272631433719443.
Iter 1323 add a min_energy: 0.42418044805526733, a mean_energy: 0.7120673594375452 and loss: 0.00922840923743226.
Iter 1324 add a min_energy: 0.42418044805526733, a mean_energy: 0.6869506612420082 and loss: 0.021311896490340675.
Iter 1325 add a min_energy: 0.42418044805526733, a mean_energy: 0.6910460789998373 and loss: 0.014171149884724947.
Iter 1326 add a min_energy: 0.42418044805526733, a mean_energy: 0.6829976129035155 and loss: 0.00841256299063711.
Iter 1327 add a min_energy: 0.42418044805526733, a mean_energy: 0.7065209746360779 and loss: 0.012113100187665558.
Iter 1328 add a min_energy: 0.42418044805526733, a mean_energy: 0.6968235404541095 and loss: 0.01016410322940212.
Iter 1329 add a min_energy: 0.42418044805526733, a mean_energy: 0.696245568494002 and loss: 0.01501185032261581.
Iter 1330 add a min_energy: 0.42418044805526733, a mean_energy: 0.6935221540431181 and loss: 0.008104053939502791.
Iter 1331 add a min_energy: 0.42418044805526733, a mean_energy: 0.7043399016062418 and loss: 0.007086493423682588.
Iter 1332 add a min_energy: 0.42418044805526733, a mean_energy: 0.6839769954482714 and loss: 0.008512631549639146.
Iter 1333 add a min_energy: 0.42418044805526733, a mean_energy: 0.7121015377342701 and loss: 0.0059959044676168435.
Iter 1334 add a min_energy: 0.42418044805526733, a mean_energy: 0.711922187358141 and loss: 0.009877546025362238.
Iter 1335 add a min_energy: 0.42418044805526733, a mean_energy: 0.6953572059671084 and loss: 0.01592996096837213.
Iter 1336 add a min_energy: 0.42418044805526733, a mean_energy: 0.6969131156802177 and loss: 0.012421044364129967.
Iter 1337 add a min_energy: 0.42418044805526733, a mean_energy: 0.7104247994720936 and loss: 0.007456472031796447.
Iter 1338 add a min_energy: 0.42418044805526733, a mean_energy: 0.7029875467220942 and loss: 0.006052328271938594.
Iter 1339 add a min_energy: 0.42418044805526733, a mean_energy: 0.7107259631156921 and loss: 0.00374309468643737.
Iter 1340 add a min_energy: 0.42418044805526733, a mean_energy: 0.6966700876752535 and loss: 0.0067206124510805374.
Iter 1341 add a min_energy: 0.42418044805526733, a mean_energy: 0.6888428820918003 and loss: 0.00656859650736091.
Iter 1342 add a min_energy: 0.42418044805526733, a mean_energy: 0.6971351504325867 and loss: 0.005135520877204945.
Iter 1343 add a min_energy: 0.42418044805526733, a mean_energy: 0.691957221676906 and loss: 0.00629322076918286.
Iter 1344 add a min_energy: 0.42418044805526733, a mean_energy: 0.6942588550349077 and loss: 0.005173132281500031.
Iter 1345 add a min_energy: 0.42418044805526733, a mean_energy: 0.6763777894278368 and loss: 0.008303010121923969.
Iter 1346 add a min_energy: 0.42418044805526733, a mean_energy: 0.6929368538161119 and loss: 0.008289288661117434.
Iter 1347 add a min_energy: 0.42418044805526733, a mean_energy: 0.7062839083373547 and loss: 0.006707844474712409.
Iter 1348 add a min_energy: 0.42418044805526733, a mean_energy: 0.6971565708518028 and loss: 0.007024804460437917.
Iter 1349 add a min_energy: 0.42418044805526733, a mean_energy: 0.6933366072674593 and loss: 0.0076485545692313965.
Iter 1350 add a min_energy: 0.42418044805526733, a mean_energy: 0.7031199348469576 and loss: 0.008955528375604148.
Iter 1351 add a min_energy: 0.42418044805526733, a mean_energy: 0.701974573234717 and loss: 0.008321275892594723.
Iter 1352 add a min_energy: 0.42418044805526733, a mean_energy: 0.6935915437837442 and loss: 0.008151535844126106.
Iter 1353 add a min_energy: 0.42418044805526733, a mean_energy: 0.6851821796347698 and loss: 0.0058834243120927665.
Iter 1354 add a min_energy: 0.42418044805526733, a mean_energy: 0.6963569161792597 and loss: 0.006181975706248821.
Iter 1355 add a min_energy: 0.42418044805526733, a mean_energy: 0.6936164647340775 and loss: 0.008060377145602754.
Iter 1356 add a min_energy: 0.42418044805526733, a mean_energy: 0.6890283872683843 and loss: 0.008700347044017608.
Iter 1357 add a min_energy: 0.42418044805526733, a mean_energy: 0.6913128842910131 and loss: 0.008835047889686677.
Iter 1358 add a min_energy: 0.42418044805526733, a mean_energy: 0.6949071325361729 and loss: 0.013405094806960111.
Iter 1359 add a min_energy: 0.42418044805526733, a mean_energy: 0.7047839673856894 and loss: 0.008610427932402149.
Iter 1360 add a min_energy: 0.42418044805526733, a mean_energy: 0.6968363082657257 and loss: 0.008897275909407752.
Iter 1361 add a min_energy: 0.42418044805526733, a mean_energy: 0.7044125323494276 and loss: 0.007715612995650418.
Iter 1362 add a min_energy: 0.42418044805526733, a mean_energy: 0.6942149810492992 and loss: 0.009110786758619404.
Iter 1363 add a min_energy: 0.42418044805526733, a mean_energy: 0.6921785399317741 and loss: 0.008008683330964496.
Iter 1364 add a min_energy: 0.42418044805526733, a mean_energy: 0.6997001618146896 and loss: 0.009556278560572964.
Iter 1365 add a min_energy: 0.42418044805526733, a mean_energy: 0.7075382235149542 and loss: 0.010374870835501092.
Iter 1366 add a min_energy: 0.42418044805526733, a mean_energy: 0.7040546337763468 and loss: 0.0058497670989051094.
Iter 1367 add a min_energy: 0.42418044805526733, a mean_energy: 0.6949687314530214 and loss: 0.01270442123612702.
Iter 1368 add a min_energy: 0.42418044805526733, a mean_energy: 0.698118886599938 and loss: 0.009704298486384225.
Iter 1369 add a min_energy: 0.42418044805526733, a mean_energy: 0.6921463745335737 and loss: 0.011957321304097362.
Iter 1370 add a min_energy: 0.42418044805526733, a mean_energy: 0.6962802944084009 and loss: 0.00910964805310155.
Iter 1371 add a min_energy: 0.42418044805526733, a mean_energy: 0.6915012095123529 and loss: 0.004255311228837744.
Iter 1372 add a min_energy: 0.42418044805526733, a mean_energy: 0.7024570914606253 and loss: 0.004704971353658053.
Iter 1373 add a min_energy: 0.42418044805526733, a mean_energy: 0.6923669675985972 and loss: 0.0044433216542153365.
Iter 1374 add a min_energy: 0.42418044805526733, a mean_energy: 0.7033848327895006 and loss: 0.004107437295380829.
Iter 1375 add a min_energy: 0.42418044805526733, a mean_energy: 0.7005789826313654 and loss: 0.004416200886992652.
Iter 1376 add a min_energy: 0.42418044805526733, a mean_energy: 0.6950224141279856 and loss: 0.0031893939540422467.
Iter 1377 add a min_energy: 0.42418044805526733, a mean_energy: 0.6960523761808872 and loss: 0.003933584326436682.
Iter 1378 add a min_energy: 0.42418044805526733, a mean_energy: 0.6927710560460886 and loss: 0.0035940757326896867.
Iter 1379 add a min_energy: 0.42418044805526733, a mean_energy: 0.7079979392389456 and loss: 0.008130763615797737.
Iter 1380 add a min_energy: 0.42418044805526733, a mean_energy: 0.7002268495659033 and loss: 0.009848425837448448.
Iter 1381 add a min_energy: 0.42418044805526733, a mean_energy: 0.6855106875300407 and loss: 0.009487608059687095.
Iter 1382 add a min_energy: 0.42418044805526733, a mean_energy: 0.699177335947752 and loss: 0.0028982389076737496.
Iter 1383 add a min_energy: 0.42418044805526733, a mean_energy: 0.7028900670508543 and loss: 0.0066497624459664305.
Iter 1384 add a min_energy: 0.42418044805526733, a mean_energy: 0.7096057323118051 and loss: 0.00389203818603021.
Iter 1385 add a min_energy: 0.42418044805526733, a mean_energy: 0.7201059646904469 and loss: 0.004805563622549555.
Iter 1386 add a min_energy: 0.42418044805526733, a mean_energy: 0.6906067083279291 and loss: 0.004677171969590289.
Iter 1387 add a min_energy: 0.42418044805526733, a mean_energy: 0.7026405396560828 and loss: 0.004111611049931998.
Iter 1388 add a min_energy: 0.42418044805526733, a mean_energy: 0.6931846203903357 and loss: 0.0041152004245193895.
Iter 1389 add a min_energy: 0.42418044805526733, a mean_energy: 0.6812081206589937 and loss: 0.0037766959678981814.
Iter 1390 add a min_energy: 0.42418044805526733, a mean_energy: 0.6998689497510592 and loss: 0.005125493016615929.
Iter 1391 add a min_energy: 0.42418044805526733, a mean_energy: 0.6976559100051721 and loss: 0.00502749175231185.
Iter 1392 add a min_energy: 0.42418044805526733, a mean_energy: 0.6892682102819284 and loss: 0.008109823227593729.
Iter 1393 add a min_energy: 0.42418044805526733, a mean_energy: 0.6623115260154009 and loss: 0.003222840007760961.
Iter 1394 add a min_energy: 0.42418044805526733, a mean_energy: 0.7024942872424921 and loss: 0.0019445710603760733.
Iter 1395 add a min_energy: 0.42418044805526733, a mean_energy: 0.685309212654829 and loss: 0.009299960586247864.
Iter 1396 add a min_energy: 0.42418044805526733, a mean_energy: 0.7074701798458894 and loss: 0.001956406275852336.
Iter 1397 add a min_energy: 0.42418044805526733, a mean_energy: 0.7050653646389643 and loss: 0.0017257416224978716.
Iter 1398 add a min_energy: 0.42418044805526733, a mean_energy: 0.7080341950058937 and loss: 0.0019682811240087804.
Iter 1399 add a min_energy: 0.42418044805526733, a mean_energy: 0.6897531325618426 and loss: 0.0017779189927703265.
Iter 1400 add a min_energy: 0.42418044805526733, a mean_energy: 0.689905463407437 and loss: 0.0022661069354177987.
Iter 1401 add a min_energy: 0.42418044805526733, a mean_energy: 0.6871579450865587 and loss: 0.006340307441193725.
Iter 1402 add a min_energy: 0.42418044805526733, a mean_energy: 0.69800029322505 and loss: 0.0019916153358391637.
Iter 1403 add a min_energy: 0.42418044805526733, a mean_energy: 0.6905991608897845 and loss: 0.007529601530020782.
Iter 1404 add a min_energy: 0.42418044805526733, a mean_energy: 0.7026763372123241 and loss: 0.001390543350708682.
Iter 1405 add a min_energy: 0.42418044805526733, a mean_energy: 0.6893345999221007 and loss: 0.005388548190570334.
Iter 1406 add a min_energy: 0.42418044805526733, a mean_energy: 0.6825215717156728 and loss: 0.010762841414647445.
Iter 1407 add a min_energy: 0.42418044805526733, a mean_energy: 0.6883338429033756 and loss: 0.006515438084619717.
Iter 1408 add a min_energy: 0.42418044805526733, a mean_energy: 0.7020605256160101 and loss: 0.009419425311227615.
Iter 1409 add a min_energy: 0.42418044805526733, a mean_energy: 0.6774662931760153 and loss: 0.0050199618819786315.
Iter 1410 add a min_energy: 0.42418044805526733, a mean_energy: 0.7073388956487179 and loss: 0.008843921510076087.
Iter 1411 add a min_energy: 0.42418044805526733, a mean_energy: 0.6997001928587755 and loss: 0.009420938681692064.
Iter 1412 add a min_energy: 0.42418044805526733, a mean_energy: 0.6867126698295275 and loss: 0.008324679335279788.
Iter 1413 add a min_energy: 0.42418044805526733, a mean_energy: 0.6882030814886093 and loss: 0.008445894390507658.
Iter 1414 add a min_energy: 0.42418044805526733, a mean_energy: 0.6967943335572878 and loss: 0.002006147859933286.
Iter 1415 add a min_energy: 0.42418044805526733, a mean_energy: 0.6984241157770157 and loss: 0.006211906226443358.
Iter 1416 add a min_energy: 0.42418044805526733, a mean_energy: 0.7042759110530218 and loss: 0.0065730513775222365.
Iter 1417 add a min_energy: 0.42418044805526733, a mean_energy: 0.6889704478283724 and loss: 0.006220270552104622.
Iter 1418 add a min_energy: 0.42418044805526733, a mean_energy: 0.6838903501629829 and loss: 0.0017421955413633055.
Iter 1419 add a min_energy: 0.42418044805526733, a mean_energy: 0.7095039747655392 and loss: 0.00543286621128215.
Iter 1420 add a min_energy: 0.42418044805526733, a mean_energy: 0.7010664107898871 and loss: 0.0063354541253282885.
Iter 1421 add a min_energy: 0.42418044805526733, a mean_energy: 0.7030455023050308 and loss: 0.00499613483348761.
Iter 1422 add a min_energy: 0.42418044805526733, a mean_energy: 0.6887420527637005 and loss: 0.005395971517152113.
Iter 1423 add a min_energy: 0.42418044805526733, a mean_energy: 0.6983776651322842 and loss: 0.005134693510390554.
Iter 1424 add a min_energy: 0.42418044805526733, a mean_energy: 0.7110648117959499 and loss: 0.0020431418959990532.
Iter 1425 add a min_energy: 0.42418044805526733, a mean_energy: 0.6891242184986671 and loss: 0.00587925278847303.
Iter 1426 add a min_energy: 0.42418044805526733, a mean_energy: 0.6932582855224609 and loss: 0.004821807935317811.
Iter 1427 add a min_energy: 0.42418044805526733, a mean_energy: 0.6931812303761641 and loss: 0.004751299315708027.
Iter 1428 add a min_energy: 0.42418044805526733, a mean_energy: 0.6770117258032163 and loss: 0.003705064581247301.
Iter 1429 add a min_energy: 0.42418044805526733, a mean_energy: 0.7061136364936829 and loss: 0.005511862275210218.
Iter 1430 add a min_energy: 0.42418044805526733, a mean_energy: 0.701221893231074 and loss: 0.0014513262832126378.
Iter 1431 add a min_energy: 0.42418044805526733, a mean_energy: 0.6985744374493758 and loss: 0.0015756675952320468.
Iter 1432 add a min_energy: 0.42418044805526733, a mean_energy: 0.7006577414770921 and loss: 0.0017878371486029635.
Iter 1433 add a min_energy: 0.42418044805526733, a mean_energy: 0.697185487796863 and loss: 0.0023861514793273118.
Iter 1434 add a min_energy: 0.42418044805526733, a mean_energy: 0.7060961499810219 and loss: 0.0029724684682662247.
Iter 1435 add a min_energy: 0.42418044805526733, a mean_energy: 0.690185888359944 and loss: 0.00261351701950558.
Iter 1436 add a min_energy: 0.42418044805526733, a mean_energy: 0.706488928447167 and loss: 0.008462624275981717.
Iter 1437 add a min_energy: 0.42418044805526733, a mean_energy: 0.7100186025102934 and loss: 0.004895498391468619.
Iter 1438 add a min_energy: 0.42418044805526733, a mean_energy: 0.6961090303957462 and loss: 0.004389066990734101.
Iter 1439 add a min_energy: 0.42418044805526733, a mean_energy: 0.6865786773463091 and loss: 0.003351669046194902.
Iter 1440 add a min_energy: 0.42418044805526733, a mean_energy: 0.6768551816542944 and loss: 0.006991589048802995.
Iter 1441 add a min_energy: 0.42418044805526733, a mean_energy: 0.6955904563268026 and loss: 0.0019338725548400685.
Iter 1442 add a min_energy: 0.42418044805526733, a mean_energy: 0.6912650465965271 and loss: 0.0015035333805641826.
Iter 1443 add a min_energy: 0.42418044805526733, a mean_energy: 0.7073109671473503 and loss: 0.0019132375221670135.
Iter 1444 add a min_energy: 0.42418044805526733, a mean_energy: 0.6940863020718098 and loss: 0.006782802870187708.
Iter 1445 add a min_energy: 0.42418044805526733, a mean_energy: 0.6876405229171118 and loss: 0.001523430745296002.
Iter 1446 add a min_energy: 0.42418044805526733, a mean_energy: 0.705405971656243 and loss: 0.007176251659847521.
Iter 1447 add a min_energy: 0.42418044805526733, a mean_energy: 0.7006938631335894 and loss: 0.0065752173117210235.
Iter 1448 add a min_energy: 0.42418044805526733, a mean_energy: 0.6906884796917439 and loss: 0.006303993475184041.
Iter 1449 add a min_energy: 0.42418044805526733, a mean_energy: 0.6897422124942144 and loss: 0.0011359523055635525.
Iter 1450 add a min_energy: 0.42418044805526733, a mean_energy: 0.6945523098111153 and loss: 0.001118039307602704.
Iter 1451 add a min_energy: 0.42418044805526733, a mean_energy: 0.6887730434536934 and loss: 0.0008442673087568642.
Iter 1452 add a min_energy: 0.42418044805526733, a mean_energy: 0.7002808066705862 and loss: 0.0007648839347683282.
Iter 1453 add a min_energy: 0.42418044805526733, a mean_energy: 0.6967820425828298 and loss: 0.0006230445340144954.
Iter 1454 add a min_energy: 0.42418044805526733, a mean_energy: 0.6880652966598669 and loss: 0.00396041467296052.
Iter 1455 add a min_energy: 0.42418044805526733, a mean_energy: 0.7046447061002254 and loss: 0.0008946835892876137.
Iter 1456 add a min_energy: 0.42418044805526733, a mean_energy: 0.6848990519841512 and loss: 0.003828564406380164.
Iter 1457 add a min_energy: 0.42418044805526733, a mean_energy: 0.6885186272362868 and loss: 0.004723580068512394.
Iter 1458 add a min_energy: 0.42418044805526733, a mean_energy: 0.6977501225968202 and loss: 0.004530179428591006.
Iter 1459 add a min_energy: 0.42418044805526733, a mean_energy: 0.6896989668409029 and loss: 0.0023468765880111262.
Iter 1460 add a min_energy: 0.42418044805526733, a mean_energy: 0.694271499911944 and loss: 0.004355483257623947.
Iter 1461 add a min_energy: 0.42418044805526733, a mean_energy: 0.6900530643761158 and loss: 0.002172291280895143.
Iter 1462 add a min_energy: 0.42418044805526733, a mean_energy: 0.6891540698707104 and loss: 0.0026495554476449225.
Iter 1463 add a min_energy: 0.42418044805526733, a mean_energy: 0.6919299693157276 and loss: 0.0018594432257628426.
Iter 1464 add a min_energy: 0.42418044805526733, a mean_energy: 0.7004877142608166 and loss: 0.0023689288793018767.
Iter 1465 add a min_energy: 0.42418044805526733, a mean_energy: 0.7064069882035255 and loss: 0.004042689679041596.
Iter 1466 add a min_energy: 0.42418044805526733, a mean_energy: 0.7099945594867071 and loss: 0.003550967348187099.
Iter 1467 add a min_energy: 0.42418044805526733, a mean_energy: 0.7052828023831049 and loss: 0.001306122684394788.
Iter 1468 add a min_energy: 0.42418044805526733, a mean_energy: 0.6950544311354557 and loss: 0.0007939685010451027.
Iter 1469 add a min_energy: 0.42418044805526733, a mean_energy: 0.7003197173277537 and loss: 0.0007713844646645255.
Iter 1470 add a min_energy: 0.42418044805526733, a mean_energy: 0.6942348815500736 and loss: 0.0006599497859807113.
Iter 1471 add a min_energy: 0.42418044805526733, a mean_energy: 0.7069413351515929 and loss: 0.005768545472547532.
Iter 1472 add a min_energy: 0.42418044805526733, a mean_energy: 0.6858415380120277 and loss: 0.0006947142368683125.
Iter 1473 add a min_energy: 0.42418044805526733, a mean_energy: 0.6894679789741834 and loss: 0.000361287514944503.
Iter 1474 add a min_energy: 0.42418044805526733, a mean_energy: 0.6982847613592943 and loss: 0.0004894246220555599.
Iter 1475 add a min_energy: 0.42418044805526733, a mean_energy: 0.7010493054986 and loss: 0.0005643901588490138.
Iter 1476 add a min_energy: 0.42418044805526733, a mean_energy: 0.6948168861369292 and loss: 0.0005205686696710438.
Iter 1477 add a min_energy: 0.42418044805526733, a mean_energy: 0.6898800147076448 and loss: 0.0005025958154670458.
Iter 1478 add a min_energy: 0.42418044805526733, a mean_energy: 0.6832547647257646 and loss: 0.0031621006375300085.
Iter 1479 add a min_energy: 0.42418044805526733, a mean_energy: 0.6914816498756409 and loss: 0.0027327461514060664.
Iter 1480 add a min_energy: 0.42418044805526733, a mean_energy: 0.6971905864775181 and loss: 0.0025293780912084797.
Iter 1481 add a min_energy: 0.42418044805526733, a mean_energy: 0.7026567322512468 and loss: 0.0025330619072278238.
Iter 1482 add a min_energy: 0.42418044805526733, a mean_energy: 0.6967076361179352 and loss: 0.0014730624209682087.
Iter 1483 add a min_energy: 0.42418044805526733, a mean_energy: 0.701713797946771 and loss: 0.0027783161812367785.
Iter 1484 add a min_energy: 0.42418044805526733, a mean_energy: 0.6980537275473276 and loss: 0.0026957546883596343.
Iter 1485 add a min_energy: 0.42418044805526733, a mean_energy: 0.6982233884433905 and loss: 0.003157098996066502.
Iter 1486 add a min_energy: 0.42418044805526733, a mean_energy: 0.7067927407721678 and loss: 0.0008579094791739075.
Iter 1487 add a min_energy: 0.42418044805526733, a mean_energy: 0.7012079817553362 and loss: 0.0009879189662572862.
Iter 1488 add a min_energy: 0.42418044805526733, a mean_energy: 0.6942497876783212 and loss: 0.0007728745128174713.
Iter 1489 add a min_energy: 0.42418044805526733, a mean_energy: 0.6957812917729219 and loss: 0.003450085634115056.
Iter 1490 add a min_energy: 0.42418044805526733, a mean_energy: 0.695801335076491 and loss: 0.0033481490060244872.
Iter 1491 add a min_energy: 0.42418044805526733, a mean_energy: 0.6944288921852907 and loss: 0.0035219671918950966.
Iter 1492 add a min_energy: 0.42418044805526733, a mean_energy: 0.6869739641745886 and loss: 0.0011753929034878069.
Iter 1493 add a min_energy: 0.42418044805526733, a mean_energy: 0.7032221021751562 and loss: 0.0016185342102007206.
Iter 1494 add a min_energy: 0.42418044805526733, a mean_energy: 0.6838053694615761 and loss: 0.0009574890600841379.
Iter 1495 add a min_energy: 0.42418044805526733, a mean_energy: 0.7176394276320934 and loss: 0.0013570112723841558.
Iter 1496 add a min_energy: 0.42418044805526733, a mean_energy: 0.682553730905056 and loss: 0.001164724434390351.
Iter 1497 add a min_energy: 0.42418044805526733, a mean_energy: 0.702075028171142 and loss: 0.002247897819919918.
Iter 1498 add a min_energy: 0.42418044805526733, a mean_energy: 0.6968099636336168 and loss: 0.0009981484620757205.
Iter 1499 add a min_energy: 0.42418044805526733, a mean_energy: 0.6928607585529486 and loss: 0.0015773391093881056.
Iter 1500 add a min_energy: 0.42418044805526733, a mean_energy: 0.6970266159623861 and loss: 0.0010357864712889362.
Iter 1501 add a min_energy: 0.42418044805526733, a mean_energy: 0.693327767153581 and loss: 0.001193450993680637.
Iter 1502 add a min_energy: 0.42418044805526733, a mean_energy: 0.6973348557949066 and loss: 0.0011331346153367634.
Iter 1503 add a min_energy: 0.42418044805526733, a mean_energy: 0.6902271807193756 and loss: 0.001690426795312803.
Iter 1504 add a min_energy: 0.42418044805526733, a mean_energy: 0.7018395662307739 and loss: 0.0010717194741983696.
Iter 1505 add a min_energy: 0.42418044805526733, a mean_energy: 0.7037437943120798 and loss: 0.0008304389621889896.
Iter 1506 add a min_energy: 0.42418044805526733, a mean_energy: 0.7099353397885958 and loss: 0.001774912705616103.
Iter 1507 add a min_energy: 0.42418044805526733, a mean_energy: 0.705584446589152 and loss: 0.0021030927931771502.
Iter 1508 add a min_energy: 0.42418044805526733, a mean_energy: 0.6975284889340401 and loss: 0.0019863417676941964.
Iter 1509 add a min_energy: 0.42418044805526733, a mean_energy: 0.6914848325153192 and loss: 0.0016181472384334578.
Iter 1510 add a min_energy: 0.42418044805526733, a mean_energy: 0.6941798850893974 and loss: 0.0006754590234863187.
Iter 1511 add a min_energy: 0.42418044805526733, a mean_energy: 0.6870009501775106 and loss: 0.0019338692744539187.
Iter 1512 add a min_energy: 0.42418044805526733, a mean_energy: 0.7041510020693144 and loss: 0.0007292455789136762.
Iter 1513 add a min_energy: 0.42418044805526733, a mean_energy: 0.6838766361276308 and loss: 0.00892076504936335.
Iter 1514 add a min_energy: 0.42418044805526733, a mean_energy: 0.7064320209125677 and loss: 0.009104334781510707.
Iter 1515 add a min_energy: 0.42418044805526733, a mean_energy: 0.6888403569658598 and loss: 0.009906703263293909.
Iter 1516 add a min_energy: 0.42418044805526733, a mean_energy: 0.6969372245172659 and loss: 0.009375230178404298.
Iter 1517 add a min_energy: 0.42418044805526733, a mean_energy: 0.7025357186794281 and loss: 0.008114946665023933.
Iter 1518 add a min_energy: 0.42418044805526733, a mean_energy: 0.6980520685513815 and loss: 0.007868298602309327.
Iter 1519 add a min_energy: 0.42418044805526733, a mean_energy: 0.6847966685891151 and loss: 0.007292251807372882.
Iter 1520 add a min_energy: 0.42418044805526733, a mean_energy: 0.6989534609019756 and loss: 0.0068478896835398664.
Iter 1521 add a min_energy: 0.42418044805526733, a mean_energy: 0.699387926608324 and loss: 0.006489903783593066.
Iter 1522 add a min_energy: 0.42418044805526733, a mean_energy: 0.7171157499154409 and loss: 0.006140201663656959.
Iter 1523 add a min_energy: 0.42418044805526733, a mean_energy: 0.692319351558884 and loss: 0.005281185656961605.
Iter 1524 add a min_energy: 0.42418044805526733, a mean_energy: 0.7155757993459702 and loss: 0.005633919711636742.
Iter 1525 add a min_energy: 0.42418044805526733, a mean_energy: 0.6872976173957189 and loss: 0.00483765515760996.
Iter 1526 add a min_energy: 0.42418044805526733, a mean_energy: 0.6968009981016318 and loss: 0.004420232759408236.
Iter 1527 add a min_energy: 0.42418044805526733, a mean_energy: 0.6948846094310284 and loss: 0.00559454718954632.
Iter 1528 add a min_energy: 0.42418044805526733, a mean_energy: 0.7059382448593775 and loss: 0.004198715881613856.
Iter 1529 add a min_energy: 0.42418044805526733, a mean_energy: 0.6969152142604192 and loss: 0.0034898414990179767.
Iter 1530 add a min_energy: 0.42418044805526733, a mean_energy: 0.6995565990606943 and loss: 0.003166377236368952.
Iter 1531 add a min_energy: 0.42418044805526733, a mean_energy: 0.6888524914781252 and loss: 0.0022956019748973174.
Iter 1532 add a min_energy: 0.42418044805526733, a mean_energy: 0.6986009242633978 and loss: 0.0020139758923051927.
Iter 1533 add a min_energy: 0.42418044805526733, a mean_energy: 0.6927329289416472 and loss: 0.0015809437288251105.
Iter 1534 add a min_energy: 0.42418044805526733, a mean_energy: 0.6895479299128056 and loss: 0.0017078977816869295.
Iter 1535 add a min_energy: 0.42418044805526733, a mean_energy: 0.6970990635454655 and loss: 0.0013725604988821588.
Iter 1536 add a min_energy: 0.42418044805526733, a mean_energy: 0.6948422491550446 and loss: 0.0011433747194715678.
Iter 1537 add a min_energy: 0.42418044805526733, a mean_energy: 0.7042848480244478 and loss: 0.0010066149260368486.
Iter 1538 add a min_energy: 0.42418044805526733, a mean_energy: 0.7100381130973498 and loss: 0.00547124793630499.
Iter 1539 add a min_energy: 0.42418044805526733, a mean_energy: 0.6949583068490028 and loss: 0.005894589406975698.
Iter 1540 add a min_energy: 0.42418044805526733, a mean_energy: 0.6890072108556827 and loss: 0.005021940801197741.
Iter 1541 add a min_energy: 0.42418044805526733, a mean_energy: 0.6907284048696359 and loss: 0.0005348876547480384.
Iter 1542 add a min_energy: 0.42418044805526733, a mean_energy: 0.6951721509297689 and loss: 0.005535377099482053.
Iter 1543 add a min_energy: 0.42418044805526733, a mean_energy: 0.6809284935394923 and loss: 0.0009339047208422291.
Iter 1544 add a min_energy: 0.42418044805526733, a mean_energy: 0.696417269607385 and loss: 0.005820270921362836.
Iter 1545 add a min_energy: 0.42418044805526733, a mean_energy: 0.686907752106587 and loss: 0.0010597017741554497.
Iter 1546 add a min_energy: 0.42418044805526733, a mean_energy: 0.7023505692680677 and loss: 0.00528983738570445.
Iter 1547 add a min_energy: 0.42418044805526733, a mean_energy: 0.6981885669132074 and loss: 0.005324498355711413.
Iter 1548 add a min_energy: 0.42418044805526733, a mean_energy: 0.6901080422103405 and loss: 0.00047778783422862625.
Iter 1549 add a min_energy: 0.42418044805526733, a mean_energy: 0.6992829057077566 and loss: 0.00035027164166841755.
Iter 1550 add a min_energy: 0.42418044805526733, a mean_energy: 0.6960040765504042 and loss: 0.00034371654353296255.
Iter 1551 add a min_energy: 0.42418044805526733, a mean_energy: 0.6886376862724622 and loss: 0.00019159164837131688.
Iter 1552 add a min_energy: 0.42418044805526733, a mean_energy: 0.6971560070912043 and loss: 0.0002149313722562262.
Iter 1553 add a min_energy: 0.42418044805526733, a mean_energy: 0.6787805507580439 and loss: 0.0003476216666052036.
Iter 1554 add a min_energy: 0.42418044805526733, a mean_energy: 0.7068237438797951 and loss: 0.00034788963193201837.
Iter 1555 add a min_energy: 0.42418044805526733, a mean_energy: 0.7066411835451921 and loss: 0.00037962791929256243.
Iter 1556 add a min_energy: 0.42418044805526733, a mean_energy: 0.7011880526940028 and loss: 0.0007610998924363467.
Iter 1557 add a min_energy: 0.42418044805526733, a mean_energy: 0.6918994175891081 and loss: 0.001551519722746094.
Iter 1558 add a min_energy: 0.42418044805526733, a mean_energy: 0.6852734585603079 and loss: 0.0015984317182600567.
Iter 1559 add a min_energy: 0.42418044805526733, a mean_energy: 0.7000750179092089 and loss: 0.011941125203328242.
Iter 1560 add a min_energy: 0.42418044805526733, a mean_energy: 0.6990121640264988 and loss: 0.011518046218493005.
Iter 1561 add a min_energy: 0.42418044805526733, a mean_energy: 0.6947302979727586 and loss: 0.011295237275650903.
Iter 1562 add a min_energy: 0.42418044805526733, a mean_energy: 0.696427925179402 and loss: 0.009925274931859797.
Iter 1563 add a min_energy: 0.42418044805526733, a mean_energy: 0.699703981479009 and loss: 0.0099503388734524.
Iter 1564 add a min_energy: 0.42418044805526733, a mean_energy: 0.6890396059801182 and loss: 0.008954681693978278.
Iter 1565 add a min_energy: 0.42418044805526733, a mean_energy: 0.7089767095943292 and loss: 0.008404547667478194.
Iter 1566 add a min_energy: 0.42418044805526733, a mean_energy: 0.701541764040788 and loss: 0.007586918367079378.
Iter 1567 add a min_energy: 0.42418044805526733, a mean_energy: 0.7007156424224377 and loss: 0.007251597481185943.
Iter 1568 add a min_energy: 0.42418044805526733, a mean_energy: 0.697000240907073 and loss: 0.0064419858537197935.
Iter 1569 add a min_energy: 0.42418044805526733, a mean_energy: 0.6958935409784317 and loss: 0.005903670178202031.
Iter 1570 add a min_energy: 0.42418044805526733, a mean_energy: 0.7011844975252947 and loss: 0.0053638535869207195.
Iter 1571 add a min_energy: 0.42418044805526733, a mean_energy: 0.7034063798685869 and loss: 0.008407512813318524.
Iter 1572 add a min_energy: 0.42418044805526733, a mean_energy: 0.7026845018068949 and loss: 0.008573751672471909.
Iter 1573 add a min_energy: 0.42418044805526733, a mean_energy: 0.6918262975911299 and loss: 0.007476721607291531.
Iter 1574 add a min_energy: 0.42418044805526733, a mean_energy: 0.7001461026569208 and loss: 0.007367080489111685.
Iter 1575 add a min_energy: 0.42418044805526733, a mean_energy: 0.6984737801055113 and loss: 0.007275726140501644.
Iter 1576 add a min_energy: 0.42418044805526733, a mean_energy: 0.6788844832529625 and loss: 0.0026593382789424384.
Iter 1577 add a min_energy: 0.42418044805526733, a mean_energy: 0.6871479364732901 and loss: 0.0023933316135738474.
Iter 1578 add a min_energy: 0.42418044805526733, a mean_energy: 0.6863838074107965 and loss: 0.0021149847979644015.
Iter 1579 add a min_energy: 0.42418044805526733, a mean_energy: 0.6848711830874284 and loss: 0.0030650164640227957.
Iter 1580 add a min_energy: 0.42418044805526733, a mean_energy: 0.697422206401825 and loss: 0.0024058402780216676.
Iter 1581 add a min_energy: 0.42418044805526733, a mean_energy: 0.6941662567357222 and loss: 0.002240034288972687.
Iter 1582 add a min_energy: 0.42418044805526733, a mean_energy: 0.6989935413002968 and loss: 0.0023012444074765647.
Iter 1583 add a min_energy: 0.42418044805526733, a mean_energy: 0.6879528450469176 and loss: 0.0014081684336639496.
Iter 1584 add a min_energy: 0.42418044805526733, a mean_energy: 0.6911912274857362 and loss: 0.002054287717861831.
Iter 1585 add a min_energy: 0.42418044805526733, a mean_energy: 0.7059816078593334 and loss: 0.0011463857420238545.
Iter 1586 add a min_energy: 0.42418044805526733, a mean_energy: 0.7027012755473455 and loss: 0.0008972815163592726.
Iter 1587 add a min_energy: 0.42418044805526733, a mean_energy: 0.6859972377618154 and loss: 0.0009396832901281301.
Iter 1588 add a min_energy: 0.42418044805526733, a mean_energy: 0.6885337525357803 and loss: 0.0009307063086705278.
Iter 1589 add a min_energy: 0.42418044805526733, a mean_energy: 0.7014065918823084 and loss: 0.0007402662512824704.
Iter 1590 add a min_energy: 0.42418044805526733, a mean_energy: 0.6881418445458015 and loss: 0.0007069358806534908.
Iter 1591 add a min_energy: 0.42418044805526733, a mean_energy: 0.6907131802290678 and loss: 0.0018392175618568967.
Iter 1592 add a min_energy: 0.42418044805526733, a mean_energy: 0.7006728028257688 and loss: 0.0012105964417989537.
Iter 1593 add a min_energy: 0.42418044805526733, a mean_energy: 0.6918552493055662 and loss: 0.0006589332112516723.
Iter 1594 add a min_energy: 0.42418044805526733, a mean_energy: 0.7065609072645506 and loss: 0.0012859363250617617.
Iter 1595 add a min_energy: 0.42418044805526733, a mean_energy: 0.6990680620074272 and loss: 0.0011157302191090505.
Iter 1596 add a min_energy: 0.42418044805526733, a mean_energy: 0.7035332061350346 and loss: 0.0011347402764235654.
Iter 1597 add a min_energy: 0.42418044805526733, a mean_energy: 0.6981901178757349 and loss: 0.0011444176411457118.
Iter 1598 add a min_energy: 0.42418044805526733, a mean_energy: 0.6754948285718759 and loss: 0.00033838057818401585.
Iter 1599 add a min_energy: 0.42418044805526733, a mean_energy: 0.6873522189756235 and loss: 0.00048378108221654533.
Iter 1600 add a min_energy: 0.42418044805526733, a mean_energy: 0.7047386902074019 and loss: 0.0003044018280856271.
Iter 1601 add a min_energy: 0.42418044805526733, a mean_energy: 0.7059481143951416 and loss: 0.00025894249554212113.
Iter 1602 add a min_energy: 0.42418044805526733, a mean_energy: 0.6796227445205053 and loss: 0.0011269782068007383.
Iter 1603 add a min_energy: 0.42418044805526733, a mean_energy: 0.697880836824576 and loss: 0.0011989596716861209.
Iter 1604 add a min_energy: 0.42418044805526733, a mean_energy: 0.6997436967988809 and loss: 0.00035522398014598195.
Iter 1605 add a min_energy: 0.42418044805526733, a mean_energy: 0.7060982411106428 and loss: 0.0007627249651723724.
Iter 1606 add a min_energy: 0.42418044805526733, a mean_energy: 0.7048735345403353 and loss: 0.0010810167004945408.
Iter 1607 add a min_energy: 0.42418044805526733, a mean_energy: 0.6843998730182648 and loss: 0.0003289713106333332.
Iter 1608 add a min_energy: 0.42418044805526733, a mean_energy: 0.6934907870988051 and loss: 0.00024144592440073848.
Iter 1609 add a min_energy: 0.42418044805526733, a mean_energy: 0.6964947121838728 and loss: 0.00023880935234984465.
Iter 1610 add a min_energy: 0.42418044805526733, a mean_energy: 0.7034615439673265 and loss: 0.00019216997396550374.
Iter 1611 add a min_energy: 0.42418044805526733, a mean_energy: 0.7028893741468588 and loss: 0.0010462380939501095.
Iter 1612 add a min_energy: 0.42418044805526733, a mean_energy: 0.7009739006559054 and loss: 0.0012199237926143807.
Iter 1613 add a min_energy: 0.42418044805526733, a mean_energy: 0.6915439541141192 and loss: 0.0007720164498772434.
Iter 1614 add a min_energy: 0.42418044805526733, a mean_energy: 0.693275069197019 and loss: 0.0004619820519031939.
Iter 1615 add a min_energy: 0.42418044805526733, a mean_energy: 0.6930970959365368 and loss: 0.0005471703197205281.
Iter 1616 add a min_energy: 0.42418044805526733, a mean_energy: 0.6929305034379164 and loss: 0.00019375462328260739.
Iter 1617 add a min_energy: 0.42418044805526733, a mean_energy: 0.7004813924431801 and loss: 0.00020643589221416267.
Iter 1618 add a min_energy: 0.42418044805526733, a mean_energy: 0.7069531095524629 and loss: 0.0009904775822911222.
Iter 1619 add a min_energy: 0.42418044805526733, a mean_energy: 0.6949889175593853 and loss: 0.000815040309421254.
Iter 1620 add a min_energy: 0.42418044805526733, a mean_energy: 0.6917419321835041 and loss: 0.0006756259779385053.
Iter 1621 add a min_energy: 0.42418044805526733, a mean_energy: 0.704160230855147 and loss: 0.0007441435200644387.
Iter 1622 add a min_energy: 0.42418044805526733, a mean_energy: 0.7008942328393459 and loss: 0.0007755071265945549.
Iter 1623 add a min_energy: 0.42418044805526733, a mean_energy: 0.6883277023832003 and loss: 0.00015770105605275974.
Iter 1624 add a min_energy: 0.42418044805526733, a mean_energy: 0.7074133008718491 and loss: 0.0006697085139806884.
Iter 1625 add a min_energy: 0.42418044805526733, a mean_energy: 0.684795985619227 and loss: 0.0001627624851995662.
Iter 1626 add a min_energy: 0.42418044805526733, a mean_energy: 0.688303031027317 and loss: 0.00021386061064906925.
Iter 1627 add a min_energy: 0.42418044805526733, a mean_energy: 0.6977276094257832 and loss: 0.0002227857887355495.
Iter 1628 add a min_energy: 0.42418044805526733, a mean_energy: 0.6944082292417685 and loss: 0.00010929515688791877.
Iter 1629 add a min_energy: 0.42418044805526733, a mean_energy: 0.6813862224419912 and loss: 0.0002774884995874077.
Iter 1630 add a min_energy: 0.42418044805526733, a mean_energy: 0.7071601115167141 and loss: 0.0001534713933451661.
Iter 1631 add a min_energy: 0.42418044805526733, a mean_energy: 0.6909841100374857 and loss: 0.00017491990791701454.
Iter 1632 add a min_energy: 0.42418044805526733, a mean_energy: 0.7018784334262212 and loss: 0.00014825075541690248.
Iter 1633 add a min_energy: 0.42418044805526733, a mean_energy: 0.6900034708281358 and loss: 0.0002217301231771965.
Iter 1634 add a min_energy: 0.42418044805526733, a mean_energy: 0.710777536034584 and loss: 0.00037888488673098374.
Iter 1635 add a min_energy: 0.42418044805526733, a mean_energy: 0.6857379898428917 and loss: 0.0001392122810281648.
Iter 1636 add a min_energy: 0.42418044805526733, a mean_energy: 0.7055613584816456 and loss: 0.00036561466045787334.
Iter 1637 add a min_energy: 0.42418044805526733, a mean_energy: 0.6912270771960417 and loss: 0.00014895963734782574.
Iter 1638 add a min_energy: 0.42418044805526733, a mean_energy: 0.7023972608149052 and loss: 0.0001968884261184793.
Iter 1639 add a min_energy: 0.42418044805526733, a mean_energy: 0.7125628093878428 and loss: 0.0007575985082597258.
Iter 1640 add a min_energy: 0.42418044805526733, a mean_energy: 0.6927113880713781 and loss: 0.0006137694790550672.
Iter 1641 add a min_energy: 0.42418044805526733, a mean_energy: 0.7090793140232563 and loss: 0.000808109102539811.
Iter 1642 add a min_energy: 0.42176195979118347, a mean_energy: 0.7003905915965637 and loss: 0.017288002036634297.
Iter 1643 add a min_energy: 0.42176195979118347, a mean_energy: 0.6937835489710172 and loss: 0.016075242501231296.
Iter 1644 add a min_energy: 0.42176195979118347, a mean_energy: 0.6957408748567104 and loss: 0.015597390694015912.
Iter 1645 add a min_energy: 0.42176195979118347, a mean_energy: 0.6991357238342365 and loss: 0.014903894962329696.
Iter 1646 add a min_energy: 0.42176195979118347, a mean_energy: 0.6871413874129454 and loss: 0.013750854665654233.
Iter 1647 add a min_energy: 0.42176195979118347, a mean_energy: 0.7071357928216457 and loss: 0.015589473803842936.
Iter 1648 add a min_energy: 0.42176195979118347, a mean_energy: 0.7140372358262539 and loss: 0.01832376661563915.
Iter 1649 add a min_energy: 0.42176195979118347, a mean_energy: 0.693766954044501 and loss: 0.017872957159740376.
Iter 1650 add a min_energy: 0.42176195979118347, a mean_energy: 0.686986735711495 and loss: 0.012018489974767687.
Iter 1651 add a min_energy: 0.42176195979118347, a mean_energy: 0.7029269337654114 and loss: 0.011853366637249316.
Iter 1652 add a min_energy: 0.42176195979118347, a mean_energy: 0.7027475175758203 and loss: 0.013986788500994345.
Iter 1653 add a min_energy: 0.42176195979118347, a mean_energy: 0.6999553367495537 and loss: 0.013384734555601024.
Iter 1654 add a min_energy: 0.42176195979118347, a mean_energy: 0.7035812723139921 and loss: 0.013126719847102626.
Iter 1655 add a min_energy: 0.42176195979118347, a mean_energy: 0.6967098514238993 and loss: 0.010376979211991051.
Iter 1656 add a min_energy: 0.42176195979118347, a mean_energy: 0.707447831829389 and loss: 0.013876999365573047.
Iter 1657 add a min_energy: 0.42176195979118347, a mean_energy: 0.686846528823177 and loss: 0.010103997101396832.
Iter 1658 add a min_energy: 0.42176195979118347, a mean_energy: 0.6840361319482327 and loss: 0.007062122753937996.
Iter 1659 add a min_energy: 0.42176195979118347, a mean_energy: 0.6877927035093307 and loss: 0.0058518975679543.
Iter 1660 add a min_energy: 0.42176195979118347, a mean_energy: 0.6880089653035005 and loss: 0.005045795521232248.
Iter 1661 add a min_energy: 0.42176195979118347, a mean_energy: 0.7107085299988588 and loss: 0.0046578866927824885.
Iter 1662 add a min_energy: 0.42176195979118347, a mean_energy: 0.6973094133039316 and loss: 0.005597605428524439.
Iter 1663 add a min_energy: 0.42176195979118347, a mean_energy: 0.6903632171452045 and loss: 0.0032083204890229395.
Iter 1664 add a min_energy: 0.42176195979118347, a mean_energy: 0.7134755278627077 and loss: 0.002910907957591919.
Iter 1665 add a min_energy: 0.42176195979118347, a mean_energy: 0.6857848477860292 and loss: 0.009634198892256753.
Iter 1666 add a min_energy: 0.42176195979118347, a mean_energy: 0.6954916659742594 and loss: 0.010692059199609083.
Iter 1667 add a min_energy: 0.42176195979118347, a mean_energy: 0.6860214037199815 and loss: 0.008655056271471142.
Iter 1668 add a min_energy: 0.42176195979118347, a mean_energy: 0.6946703561892112 and loss: 0.009829356805927022.
Iter 1669 add a min_energy: 0.42176195979118347, a mean_energy: 0.6959733019272486 and loss: 0.009194787148949855.
Iter 1670 add a min_energy: 0.42176195979118347, a mean_energy: 0.6956766272584597 and loss: 0.006971772413914088.
Iter 1671 add a min_energy: 0.42176195979118347, a mean_energy: 0.7043880559504032 and loss: 0.0075756434698559414.
Iter 1672 add a min_energy: 0.42176195979118347, a mean_energy: 0.683207930997014 and loss: 0.0007390846001342652.
Iter 1673 add a min_energy: 0.42176195979118347, a mean_energy: 0.7018801483015219 and loss: 0.005127872760918579.
Iter 1674 add a min_energy: 0.42176195979118347, a mean_energy: 0.6937161646783352 and loss: 0.004741854327606952.
Iter 1675 add a min_energy: 0.42176195979118347, a mean_energy: 0.7185460093120734 and loss: 0.00029095737412621856.
Iter 1676 add a min_energy: 0.42176195979118347, a mean_energy: 0.6780521298448244 and loss: 0.0014732837093163653.
Iter 1677 add a min_energy: 0.42176195979118347, a mean_energy: 0.6906705411771933 and loss: 0.0015275521944907943.
Iter 1678 add a min_energy: 0.42176195979118347, a mean_energy: 0.7074959749976794 and loss: 0.002848784963447777.
Iter 1679 add a min_energy: 0.42176195979118347, a mean_energy: 0.7024723862608274 and loss: 0.0037686216643735577.
Iter 1680 add a min_energy: 0.42176195979118347, a mean_energy: 0.7075455114245415 and loss: 0.0018995445899734253.
Iter 1681 add a min_energy: 0.42176195979118347, a mean_energy: 0.6872703184684118 and loss: 0.0041457811981883315.
Iter 1682 add a min_energy: 0.42176195979118347, a mean_energy: 0.6800757348537445 and loss: 0.002757581076777559.
Iter 1683 add a min_energy: 0.42176195979118347, a mean_energy: 0.7013726507623991 and loss: 0.003995968487554407.
Iter 1684 add a min_energy: 0.42176195979118347, a mean_energy: 0.7067371122539043 and loss: 0.002078162115949113.
Iter 1685 add a min_energy: 0.42176195979118347, a mean_energy: 0.6872656966249148 and loss: 0.0037488409999475248.
Iter 1686 add a min_energy: 0.42176195979118347, a mean_energy: 0.6968276388943195 and loss: 0.0011184373197228705.
Iter 1687 add a min_energy: 0.42176195979118347, a mean_energy: 0.7035605565955242 and loss: 0.0008886214038891101.
Iter 1688 add a min_energy: 0.42176195979118347, a mean_energy: 0.7044355397423109 and loss: 0.003983091005791315.
Iter 1689 add a min_energy: 0.42176195979118347, a mean_energy: 0.6886396333575249 and loss: 0.003513210539332383.
Iter 1690 add a min_energy: 0.42176195979118347, a mean_energy: 0.6852803037812313 and loss: 0.0002649759427479182.
Iter 1691 add a min_energy: 0.42176195979118347, a mean_energy: 0.6953701886037985 and loss: 0.000295097350669958.
Iter 1692 add a min_energy: 0.42176195979118347, a mean_energy: 0.706552634636561 and loss: 0.0029612450689825457.
Iter 1693 add a min_energy: 0.42176195979118347, a mean_energy: 0.7021219879388809 and loss: 0.0031475617520836667.
Iter 1694 add a min_energy: 0.42176195979118347, a mean_energy: 0.705795418471098 and loss: 0.001634818411320492.
Iter 1695 add a min_energy: 0.42176195979118347, a mean_energy: 0.6905186648170153 and loss: 0.0017427607488817707.
Iter 1696 add a min_energy: 0.42176195979118347, a mean_energy: 0.6984366265436014 and loss: 0.0015567478628021603.
Iter 1697 add a min_energy: 0.42176195979118347, a mean_energy: 0.7062262867887815 and loss: 0.003291103003827965.
Iter 1698 add a min_energy: 0.42176195979118347, a mean_energy: 0.684942189604044 and loss: 0.0012622694835057108.
Iter 1699 add a min_energy: 0.42176195979118347, a mean_energy: 0.6833882158001264 and loss: 0.000248043626633054.
Iter 1700 add a min_energy: 0.42176195979118347, a mean_energy: 0.7030686313907305 and loss: 0.0026126162839451893.
Iter 1701 add a min_energy: 0.42176195979118347, a mean_energy: 0.6879544953505198 and loss: 0.00030402995775435774.
Iter 1702 add a min_energy: 0.42176195979118347, a mean_energy: 0.695694496234258 and loss: 0.00029017737559969487.
Iter 1703 add a min_energy: 0.42176195979118347, a mean_energy: 0.7038683034479618 and loss: 0.0002708936935904748.
Iter 1704 add a min_energy: 0.42176195979118347, a mean_energy: 0.6934080409506956 and loss: 0.00023986692978579985.
Iter 1705 add a min_energy: 0.42176195979118347, a mean_energy: 0.6835687203953663 and loss: 0.0009254736929357367.
Iter 1706 add a min_energy: 0.42176195979118347, a mean_energy: 0.6937843138972918 and loss: 0.0009061117511310074.
Iter 1707 add a min_energy: 0.42176195979118347, a mean_energy: 0.6942878452440103 and loss: 0.0011281298239026395.
Iter 1708 add a min_energy: 0.42176195979118347, a mean_energy: 0.6914130946000417 and loss: 0.0026783360684363646.
Iter 1709 add a min_energy: 0.42176195979118347, a mean_energy: 0.6988055941959223 and loss: 0.0011002916338578625.
Iter 1710 add a min_energy: 0.42176195979118347, a mean_energy: 0.6944035527606806 and loss: 0.0010745842382380696.
Iter 1711 add a min_energy: 0.42176195979118347, a mean_energy: 0.7042729010184606 and loss: 0.0008134749693141532.
Iter 1712 add a min_energy: 0.42176195979118347, a mean_energy: 0.7122701977690061 and loss: 0.0015984287562137382.
Iter 1713 add a min_energy: 0.42176195979118347, a mean_energy: 0.6959657644232115 and loss: 0.0015927138738698254.
Iter 1714 add a min_energy: 0.42176195979118347, a mean_energy: 0.6970366301635901 and loss: 6.632721473446406e-05.
Iter 1715 add a min_energy: 0.42176195979118347, a mean_energy: 0.6965559522310892 and loss: 0.00019764935330929628.
Iter 1716 add a min_energy: 0.42176195979118347, a mean_energy: 0.6876211632043123 and loss: 0.0005444940566125605.
Iter 1717 add a min_energy: 0.42176195979118347, a mean_energy: 0.699586762736241 and loss: 6.854154471770498e-05.
Iter 1718 add a min_energy: 0.42176195979118347, a mean_energy: 0.7046953265865644 and loss: 0.0015621399576047268.
Iter 1719 add a min_energy: 0.42176195979118347, a mean_energy: 0.7117412115136782 and loss: 0.001070077817751493.
Iter 1720 add a min_energy: 0.42176195979118347, a mean_energy: 0.6879075778027376 and loss: 0.001689842701649003.
Iter 1721 add a min_energy: 0.42176195979118347, a mean_energy: 0.7063987391690413 and loss: 0.002263823986309864.
Iter 1722 add a min_energy: 0.42176195979118347, a mean_energy: 0.6992870755493641 and loss: 0.0024953750354613485.
Iter 1723 add a min_energy: 0.42176195979118347, a mean_energy: 0.6901074896256129 and loss: 0.0019889516404700117.
Iter 1724 add a min_energy: 0.42176195979118347, a mean_energy: 0.7047809461752573 and loss: 0.0013799838556108664.
Iter 1725 add a min_energy: 0.42176195979118347, a mean_energy: 0.698774008701245 and loss: 0.0025249476291734686.
Iter 1726 add a min_energy: 0.42176195979118347, a mean_energy: 0.7102894820272923 and loss: 0.003793850748524484.
Iter 1727 add a min_energy: 0.42176195979118347, a mean_energy: 0.6788749688615402 and loss: 0.0016778062311603122.
Iter 1728 add a min_energy: 0.42176195979118347, a mean_energy: 0.7136094433565935 and loss: 0.004247890450928226.
Iter 1729 add a min_energy: 0.42176195979118347, a mean_energy: 0.6864513835559288 and loss: 0.0011590882073521506.
Iter 1730 add a min_energy: 0.42176195979118347, a mean_energy: 0.6982423613468806 and loss: 0.001272281258254517.
Iter 1731 add a min_energy: 0.42176195979118347, a mean_energy: 0.6924846271673838 and loss: 0.000802402867090115.
Iter 1732 add a min_energy: 0.42176195979118347, a mean_energy: 0.6960670612752438 and loss: 0.001440225204640751.
Iter 1733 add a min_energy: 0.42176195979118347, a mean_energy: 0.705918891976277 and loss: 0.0018423412788340131.
Iter 1734 add a min_energy: 0.42176195979118347, a mean_energy: 0.6937692736585935 and loss: 0.0007844868377793744.
Iter 1735 add a min_energy: 0.42176195979118347, a mean_energy: 0.7154106386005878 and loss: 0.0031455371418766076.
Iter 1736 add a min_energy: 0.42176195979118347, a mean_energy: 0.6820528420309225 and loss: 0.001469825915393353.
Iter 1737 add a min_energy: 0.42176195979118347, a mean_energy: 0.7020547712842623 and loss: 0.0015499735855815727.
Iter 1738 add a min_energy: 0.42176195979118347, a mean_energy: 0.6952580598493417 and loss: 0.001735097647838994.
Iter 1739 add a min_energy: 0.42176195979118347, a mean_energy: 0.7037338937322298 and loss: 0.0015404498899070395.
Iter 1740 add a min_energy: 0.42176195979118347, a mean_energy: 0.6884502122799555 and loss: 0.0012412639933714704.
Iter 1741 add a min_energy: 0.42176195979118347, a mean_energy: 0.6888570462663969 and loss: 0.0018228288135087659.
Iter 1742 add a min_energy: 0.42176195979118347, a mean_energy: 0.6895325196286043 and loss: 0.0001274935190738131.
Iter 1743 add a min_energy: 0.42176195979118347, a mean_energy: 0.7117423315842947 and loss: 0.0005416648757126716.
Iter 1744 add a min_energy: 0.42176195979118347, a mean_energy: 0.6930571906268597 and loss: 0.0003764453523014466.
Iter 1745 add a min_energy: 0.42176195979118347, a mean_energy: 0.7060280156632265 and loss: 0.0009114972350611905.
Iter 1746 add a min_energy: 0.42176195979118347, a mean_energy: 0.707486417144537 and loss: 0.0011331997479975577.
Iter 1747 add a min_energy: 0.42176195979118347, a mean_energy: 0.704873995234569 and loss: 0.0004819939168384371.
Iter 1748 add a min_energy: 0.42176195979118347, a mean_energy: 0.6800988633185625 and loss: 0.0012318429703059622.
Iter 1749 add a min_energy: 0.42176195979118347, a mean_energy: 0.7069483560820421 and loss: 0.0010580394880022426.
Iter 1750 add a min_energy: 0.42176195979118347, a mean_energy: 0.7009652877847353 and loss: 0.0032893869089915097.
Iter 1751 add a min_energy: 0.42176195979118347, a mean_energy: 0.690989383806785 and loss: 0.004005258279758411.
Iter 1752 add a min_energy: 0.42176195979118347, a mean_energy: 0.7059367063144842 and loss: 0.004867887860593324.
Iter 1753 add a min_energy: 0.42176195979118347, a mean_energy: 0.6954224879542986 and loss: 0.004275638950263125.
Iter 1754 add a min_energy: 0.42176195979118347, a mean_energy: 0.684473238264521 and loss: 0.006917265483042854.
Iter 1755 add a min_energy: 0.42176195979118347, a mean_energy: 0.6941849042971929 and loss: 0.006272378859125796.
Iter 1756 add a min_energy: 0.42176195979118347, a mean_energy: 0.7033081538975239 and loss: 0.004755138473620407.
Iter 1757 add a min_energy: 0.42176195979118347, a mean_energy: 0.6990099661052227 and loss: 0.004222772933759253.
Iter 1758 add a min_energy: 0.42176195979118347, a mean_energy: 0.6985112155477206 and loss: 0.005311637116206797.
Iter 1759 add a min_energy: 0.42176195979118347, a mean_energy: 0.6910075222452482 and loss: 0.004194023004578074.
Iter 1760 add a min_energy: 0.42176195979118347, a mean_energy: 0.6982368317743143 and loss: 0.004092823956287912.
Iter 1761 add a min_energy: 0.42176195979118347, a mean_energy: 0.700801745057106 and loss: 0.003906851865876917.
Iter 1762 add a min_energy: 0.42176195979118347, a mean_energy: 0.7045393747587999 and loss: 0.003503986568320848.
Iter 1763 add a min_energy: 0.42176195979118347, a mean_energy: 0.7111004094282786 and loss: 0.007214783981607992.
Iter 1764 add a min_energy: 0.42176195979118347, a mean_energy: 0.6894393985470136 and loss: 0.0029154589212987375.
Iter 1765 add a min_energy: 0.42176195979118347, a mean_energy: 0.6937837488949299 and loss: 0.002880401538325461.
Iter 1766 add a min_energy: 0.42176195979118347, a mean_energy: 0.7009703678389391 and loss: 0.0017108151307479063.
Iter 1767 add a min_energy: 0.42176195979118347, a mean_energy: 0.704144362360239 and loss: 0.003649707140456964.
Iter 1768 add a min_energy: 0.42176195979118347, a mean_energy: 0.7117664789160093 and loss: 0.01470955364972259.
Iter 1769 add a min_energy: 0.42176195979118347, a mean_energy: 0.6866186894476414 and loss: 0.00364949112151938.
Iter 1770 add a min_energy: 0.42176195979118347, a mean_energy: 0.6990474835038185 and loss: 0.0036128259154801457.
Iter 1771 add a min_energy: 0.42176195979118347, a mean_energy: 0.693509309242169 and loss: 0.006050918088925259.
Iter 1772 add a min_energy: 0.42176195979118347, a mean_energy: 0.696995671838522 and loss: 0.003426003832623937.
Iter 1773 add a min_energy: 0.42176195979118347, a mean_energy: 0.6976927444338799 and loss: 0.0033309934896107248.
Iter 1774 add a min_energy: 0.42176195979118347, a mean_energy: 0.7057870800296465 and loss: 0.01514644420755206.
Iter 1775 add a min_energy: 0.42176195979118347, a mean_energy: 0.6774150965114435 and loss: 0.004957387330143078.
Iter 1776 add a min_energy: 0.42176195979118347, a mean_energy: 0.693812674532334 and loss: 0.001499975977817749.
Iter 1777 add a min_energy: 0.42176195979118347, a mean_energy: 0.6826415794591109 and loss: 0.0017135557963913225.
Iter 1778 add a min_energy: 0.42176195979118347, a mean_energy: 0.7162437761823336 and loss: 0.0017261098624484085.
Iter 1779 add a min_energy: 0.42176195979118347, a mean_energy: 0.687246543665727 and loss: 0.002081206109527228.
Iter 1780 add a min_energy: 0.42176195979118347, a mean_energy: 0.6973767317831516 and loss: 0.00201530458842253.
Iter 1781 add a min_energy: 0.42176195979118347, a mean_energy: 0.6915117191771666 and loss: 0.0013131633017135508.
Iter 1782 add a min_energy: 0.42176195979118347, a mean_energy: 0.6976541193823019 and loss: 0.005085505437067519.
Iter 1783 add a min_energy: 0.42176195979118347, a mean_energy: 0.7065222971141338 and loss: 0.005429794885502297.
Iter 1784 add a min_energy: 0.42176195979118347, a mean_energy: 0.7039650157094002 and loss: 0.00537957271414494.
Iter 1785 add a min_energy: 0.42176195979118347, a mean_energy: 0.6977862529456615 and loss: 0.005579845150843695.
Iter 1786 add a min_energy: 0.42176195979118347, a mean_energy: 0.7104308878382047 and loss: 0.0047316623860757445.
Iter 1787 add a min_energy: 0.42176195979118347, a mean_energy: 0.6888986602425575 and loss: 0.00537936404166819.
Iter 1788 add a min_energy: 0.42176195979118347, a mean_energy: 0.7006375280519327 and loss: 0.003520159131137255.
Iter 1789 add a min_energy: 0.42176195979118347, a mean_energy: 0.6964059881865978 and loss: 0.0074692213548706535.
Iter 1790 add a min_energy: 0.42176195979118347, a mean_energy: 0.7005947070817152 and loss: 0.01232011288463402.
Iter 1791 add a min_energy: 0.42176195979118347, a mean_energy: 0.6817616062859694 and loss: 0.004381465117342371.
Iter 1792 add a min_energy: 0.42176195979118347, a mean_energy: 0.68164566035072 and loss: 0.002461288852782782.
Iter 1793 add a min_energy: 0.42176195979118347, a mean_energy: 0.7002957426011562 and loss: 0.002757848690066478.
Iter 1794 add a min_energy: 0.42176195979118347, a mean_energy: 0.6908296955128511 and loss: 0.0027302806762862365.
Iter 1795 add a min_energy: 0.42176195979118347, a mean_energy: 0.68721903860569 and loss: 0.0029577344448646413.
Iter 1796 add a min_energy: 0.42176195979118347, a mean_energy: 0.6890053699413935 and loss: 0.0027516430425288006.
Iter 1797 add a min_energy: 0.42176195979118347, a mean_energy: 0.7054023835808039 and loss: 0.0024086586600797115.
Iter 1798 add a min_energy: 0.42176195979118347, a mean_energy: 0.7150548746188482 and loss: 0.002848231818191493.
Iter 1799 add a min_energy: 0.42176195979118347, a mean_energy: 0.6983626186847687 and loss: 0.0021397195490453383.
Iter 1800 add a min_energy: 0.42176195979118347, a mean_energy: 0.6925390555212895 and loss: 0.0023213140405812832.
Iter 1801 add a min_energy: 0.42176195979118347, a mean_energy: 0.708676666021347 and loss: 0.0021117985204649127.
Iter 1802 add a min_energy: 0.42176195979118347, a mean_energy: 0.6944718429197868 and loss: 0.0019263925078877129.
Iter 1803 add a min_energy: 0.42176195979118347, a mean_energy: 0.7109105326235294 and loss: 0.0027284255329383623.
Iter 1804 add a min_energy: 0.42176195979118347, a mean_energy: 0.6872649701933066 and loss: 0.002291148823723983.
Iter 1805 add a min_energy: 0.42176195979118347, a mean_energy: 0.7086269135276476 and loss: 0.0016628672085586293.
Iter 1806 add a min_energy: 0.42176195979118347, a mean_energy: 0.6871117992947499 and loss: 0.0023107293996425613.
Iter 1807 add a min_energy: 0.42176195979118347, a mean_energy: 0.6949971343080202 and loss: 0.0025004021874846013.
Iter 1808 add a min_energy: 0.42176195979118347, a mean_energy: 0.7032471559941769 and loss: 0.001596083033823159.
Iter 1809 add a min_energy: 0.42176195979118347, a mean_energy: 0.6964808714886507 and loss: 0.0032451258859321095.
Iter 1810 add a min_energy: 0.42176195979118347, a mean_energy: 0.7062623302141825 and loss: 0.003810610958255388.
Iter 1811 add a min_energy: 0.42176195979118347, a mean_energy: 0.6967732744912306 and loss: 0.002640324263692706.
Iter 1812 add a min_energy: 0.42176195979118347, a mean_energy: 0.6997464771072069 and loss: 0.0036473084872095736.
Iter 1813 add a min_energy: 0.42176195979118347, a mean_energy: 0.6935237900664409 and loss: 0.0030864876368084486.
Iter 1814 add a min_energy: 0.42176195979118347, a mean_energy: 0.6977172531187534 and loss: 0.002144920872290485.
Iter 1815 add a min_energy: 0.42176195979118347, a mean_energy: 0.6863346341997385 and loss: 0.0018869135053072167.
Iter 1816 add a min_energy: 0.42176195979118347, a mean_energy: 0.6810033557315668 and loss: 0.0006497984959172667.
Iter 1817 add a min_energy: 0.42176195979118347, a mean_energy: 0.6997951058049997 and loss: 0.0005009259138319612.
Iter 1818 add a min_energy: 0.42176195979118347, a mean_energy: 0.6942844949662685 and loss: 0.001021032799323188.
Iter 1819 add a min_energy: 0.42176195979118347, a mean_energy: 0.7053667046129704 and loss: 0.0005443916735619443.
Iter 1820 add a min_energy: 0.42176195979118347, a mean_energy: 0.7072763095299403 and loss: 0.0021439138970860265.
Iter 1821 add a min_energy: 0.42176195979118347, a mean_energy: 0.7071295753121376 and loss: 0.0011865867860349202.
Iter 1822 add a min_energy: 0.42176195979118347, a mean_energy: 0.6915080534915129 and loss: 0.0015277448511292551.
Iter 1823 add a min_energy: 0.42176195979118347, a mean_energy: 0.6873230437437693 and loss: 0.0006450079079375228.
Iter 1824 add a min_energy: 0.42176195979118347, a mean_energy: 0.6947056998809179 and loss: 0.00044112712032995464.
Iter 1825 add a min_energy: 0.42176195979118347, a mean_energy: 0.7042623683810234 and loss: 0.0014480534120880927.
Iter 1826 add a min_energy: 0.42176195979118347, a mean_energy: 0.7035752907395363 and loss: 0.001382778933542642.
Iter 1827 add a min_energy: 0.42176195979118347, a mean_energy: 0.7056483024110397 and loss: 0.0011004304461442946.
Iter 1828 add a min_energy: 0.42176195979118347, a mean_energy: 0.7097145716349283 and loss: 0.0017341227038739774.
Iter 1829 add a min_energy: 0.42176195979118347, a mean_energy: 0.6960058634479841 and loss: 0.0022286945080877076.
Iter 1830 add a min_energy: 0.42176195979118347, a mean_energy: 0.6936585791409016 and loss: 0.0007348596963898335.
Iter 1831 add a min_energy: 0.42176195979118347, a mean_energy: 0.6973881050944328 and loss: 0.0006585172933025775.
Iter 1832 add a min_energy: 0.42176195979118347, a mean_energy: 0.7023191812137762 and loss: 0.001049547061871014.
Iter 1833 add a min_energy: 0.42176195979118347, a mean_energy: 0.695844662686189 and loss: 0.0009719179256669641.
Iter 1834 add a min_energy: 0.42176195979118347, a mean_energy: 0.7028917310138544 and loss: 0.0021219643580918535.
Iter 1835 add a min_energy: 0.42176195979118347, a mean_energy: 0.6860224169989427 and loss: 0.0014868678920544457.
Iter 1836 add a min_energy: 0.42176195979118347, a mean_energy: 0.7032190759976705 and loss: 0.0009676031007202787.
Iter 1837 add a min_energy: 0.42176195979118347, a mean_energy: 0.6926677711308002 and loss: 0.0012148365587017782.
Iter 1838 add a min_energy: 0.42176195979118347, a mean_energy: 0.6798190145442883 and loss: 0.0016246475682522338.
Iter 1839 add a min_energy: 0.42176195979118347, a mean_energy: 0.6998531383772691 and loss: 0.0016507111321691498.
Iter 1840 add a min_energy: 0.42176195979118347, a mean_energy: 0.6916287578642368 and loss: 0.0025925000474679074.
Iter 1841 add a min_energy: 0.42176195979118347, a mean_energy: 0.6996342601875464 and loss: 0.0019207758983242342.
Iter 1842 add a min_energy: 0.42176195979118347, a mean_energy: 0.6948378595213095 and loss: 0.00167519546727511.
Iter 1843 add a min_energy: 0.42176195979118347, a mean_energy: 0.6962031697233518 and loss: 0.0013514880873815127.
Iter 1844 add a min_energy: 0.42176195979118347, a mean_energy: 0.695971908668677 and loss: 0.0013562993753437206.
Iter 1845 add a min_energy: 0.42176195979118347, a mean_energy: 0.7123591701189677 and loss: 0.0009857077934801576.
Iter 1846 add a min_energy: 0.42176195979118347, a mean_energy: 0.6965742632746696 and loss: 0.00104674927511274.
Iter 1847 add a min_energy: 0.42176195979118347, a mean_energy: 0.6996633385618528 and loss: 0.0007971150424486667.
Iter 1848 add a min_energy: 0.42176195979118347, a mean_energy: 0.6880462082723776 and loss: 0.0008103564744832327.
Iter 1849 add a min_energy: 0.42176195979118347, a mean_energy: 0.6955483841399351 and loss: 0.0009650559956794183.
Iter 1850 add a min_energy: 0.42176195979118347, a mean_energy: 0.6869375507036845 and loss: 0.0005861983872485145.
Iter 1851 add a min_energy: 0.42176195979118347, a mean_energy: 0.7039721955855688 and loss: 0.0014518904773767264.
Iter 1852 add a min_energy: 0.42176195979118347, a mean_energy: 0.705571295072635 and loss: 0.0017104365338798122.
Iter 1853 add a min_energy: 0.42176195979118347, a mean_energy: 0.7032978547116121 and loss: 0.001002780281990101.
Iter 1854 add a min_energy: 0.42176195979118347, a mean_energy: 0.7034734028081099 and loss: 0.001921501984268593.
Iter 1855 add a min_energy: 0.42176195979118347, a mean_energy: 0.7018683416148027 and loss: 0.00143488898989163.
Iter 1856 add a min_energy: 0.42176195979118347, a mean_energy: 0.6807705921431383 and loss: 0.0005707303254484917.
Iter 1857 add a min_energy: 0.42176195979118347, a mean_energy: 0.6998264640569687 and loss: 0.0007658976441429846.
Iter 1858 add a min_energy: 0.42176195979118347, a mean_energy: 0.7064862238864104 and loss: 0.001897056263155973.
Iter 1859 add a min_energy: 0.42176195979118347, a mean_energy: 0.6897753812372684 and loss: 0.0012146603878239125.
Iter 1860 add a min_energy: 0.42176195979118347, a mean_energy: 0.7044903449714184 and loss: 0.000587580869036448.
Iter 1861 add a min_energy: 0.42176195979118347, a mean_energy: 0.6792873373876015 and loss: 0.0011781431028902135.
Iter 1862 add a min_energy: 0.42176195979118347, a mean_energy: 0.6975465913613638 and loss: 0.0009338040230602178.
Iter 1863 add a min_energy: 0.42176195979118347, a mean_energy: 0.7062536105513573 and loss: 0.0006378658533852041.
Iter 1864 add a min_energy: 0.42176195979118347, a mean_energy: 0.6991258884469668 and loss: 0.0005205458106279339.
Iter 1865 add a min_energy: 0.42176195979118347, a mean_energy: 0.7039968259632587 and loss: 0.00047340721700623667.
Iter 1866 add a min_energy: 0.42176195979118347, a mean_energy: 0.6977389243741831 and loss: 0.0003377841862037554.
Iter 1867 add a min_energy: 0.42176195979118347, a mean_energy: 0.700427039215962 and loss: 0.00048506886955863247.
Iter 1868 add a min_energy: 0.42176195979118347, a mean_energy: 0.6899475107590357 and loss: 0.0010194238987144416.
Iter 1869 add a min_energy: 0.42176195979118347, a mean_energy: 0.6973955271144708 and loss: 0.0009654606580912044.
Iter 1870 add a min_energy: 0.42176195979118347, a mean_energy: 0.6991750734547774 and loss: 0.0003438475450562343.
Iter 1871 add a min_energy: 0.42176195979118347, a mean_energy: 0.7028672968347868 and loss: 0.00038188643110802196.
Iter 1872 add a min_energy: 0.42176195979118347, a mean_energy: 0.6961096289257208 and loss: 0.0005709636620183348.
Iter 1873 add a min_energy: 0.42176195979118347, a mean_energy: 0.7000283971428871 and loss: 0.000706220585430282.
Iter 1874 add a min_energy: 0.42176195979118347, a mean_energy: 0.6896032306055228 and loss: 0.0008619259678110643.
Iter 1875 add a min_energy: 0.42176195979118347, a mean_energy: 0.7063965896765391 and loss: 0.0005317927766145734.
Iter 1876 add a min_energy: 0.42176195979118347, a mean_energy: 0.6872177130232254 and loss: 0.000300671666327235.
Iter 1877 add a min_energy: 0.42176195979118347, a mean_energy: 0.7047484057645003 and loss: 0.00016899082483567098.
Iter 1878 add a min_energy: 0.42176195979118347, a mean_energy: 0.7174986476699511 and loss: 0.0014768587456095422.
Iter 1879 add a min_energy: 0.42176195979118347, a mean_energy: 0.7105687260627747 and loss: 0.0026528634808535654.
Iter 1880 add a min_energy: 0.42176195979118347, a mean_energy: 0.6959306622544924 and loss: 0.002236377918083319.
Iter 1881 add a min_energy: 0.42176195979118347, a mean_energy: 0.6850240044295788 and loss: 0.00037767377298547194.
Iter 1882 add a min_energy: 0.42176195979118347, a mean_energy: 0.6955975548674663 and loss: 0.0009971191529039847.
Iter 1883 add a min_energy: 0.42176195979118347, a mean_energy: 0.6818276916941007 and loss: 0.0004888750344358611.
Iter 1884 add a min_energy: 0.42176195979118347, a mean_energy: 0.6960041907926401 and loss: 0.0004586197412589235.
Iter 1885 add a min_energy: 0.42176195979118347, a mean_energy: 0.700088981539011 and loss: 0.0003614807412888132.
Iter 1886 add a min_energy: 0.42176195979118347, a mean_energy: 0.6923795267939568 and loss: 0.0002847162176766643.
Iter 1887 add a min_energy: 0.42176195979118347, a mean_energy: 0.7054553255438805 and loss: 0.000495901455651465.
Iter 1888 add a min_energy: 0.42176195979118347, a mean_energy: 0.6886044032871723 and loss: 0.0008340435386179895.
Iter 1889 add a min_energy: 0.42176195979118347, a mean_energy: 0.700691090275844 and loss: 0.00043301444706930997.
Iter 1890 add a min_energy: 0.42176195979118347, a mean_energy: 0.702952957401673 and loss: 0.0012779681668910253.
Iter 1891 add a min_energy: 0.42176195979118347, a mean_energy: 0.6832143204907576 and loss: 0.0017859422053360205.
Iter 1892 add a min_energy: 0.42176195979118347, a mean_energy: 0.6878875158727169 and loss: 0.0027732050240564738.
Iter 1893 add a min_energy: 0.42176195979118347, a mean_energy: 0.69424711043636 and loss: 0.0021686818498830775.
Iter 1894 add a min_energy: 0.42176195979118347, a mean_energy: 0.6951561868190765 and loss: 0.0016437855458498493.
Iter 1895 add a min_energy: 0.42176195979118347, a mean_energy: 0.6911117558677992 and loss: 0.0009332996621251782.
Iter 1896 add a min_energy: 0.42176195979118347, a mean_energy: 0.7028651311993599 and loss: 0.000504088870736456.
Iter 1897 add a min_energy: 0.42176195979118347, a mean_energy: 0.6827671062201262 and loss: 0.0006835078363750717.
Iter 1898 add a min_energy: 0.42176195979118347, a mean_energy: 0.7032054315010706 and loss: 0.00019846629772920764.
Iter 1899 add a min_energy: 0.42176195979118347, a mean_energy: 0.7033794062832991 and loss: 9.381720194593365e-05.
Iter 1900 add a min_energy: 0.42176195979118347, a mean_energy: 0.6907328714927038 and loss: 0.0005401027211905217.
Iter 1901 add a min_energy: 0.42176195979118347, a mean_energy: 0.6955200967689356 and loss: 0.0005781082483204158.
Iter 1902 add a min_energy: 0.42176195979118347, a mean_energy: 0.6801739304016033 and loss: 0.0003761992649993067.
Iter 1903 add a min_energy: 0.42176195979118347, a mean_energy: 0.6902513584742943 and loss: 0.00046718812434111135.
Iter 1904 add a min_energy: 0.42176195979118347, a mean_energy: 0.696831651031971 and loss: 0.0004521711079946912.
Iter 1905 add a min_energy: 0.42176195979118347, a mean_energy: 0.6914144878586134 and loss: 0.0008260765471099024.
Iter 1906 add a min_energy: 0.42176195979118347, a mean_energy: 0.7018032185733318 and loss: 0.0006458539007271148.
Iter 1907 add a min_energy: 0.42176195979118347, a mean_energy: 0.6897851464649042 and loss: 0.0006175341846460102.
Iter 1908 add a min_energy: 0.42176195979118347, a mean_energy: 0.6932780010004839 and loss: 9.118442127799151e-05.
Iter 1909 add a min_energy: 0.42176195979118347, a mean_energy: 0.7032164297997952 and loss: 0.0006145541331637547.
Iter 1910 add a min_energy: 0.42176195979118347, a mean_energy: 0.7034415366748968 and loss: 0.0003173575731172375.
Iter 1911 add a min_energy: 0.42176195979118347, a mean_energy: 0.7034288259843985 and loss: 0.0008711780114693674.
Iter 1912 add a min_energy: 0.42176195979118347, a mean_energy: 0.6885299645364285 and loss: 0.0009679079079635846.
Iter 1913 add a min_energy: 0.42176195979118347, a mean_energy: 0.7015762701630592 and loss: 0.0006828810638301602.
Iter 1914 add a min_energy: 0.42176195979118347, a mean_energy: 0.6914337786535422 and loss: 0.00031341049511671805.
Iter 1915 add a min_energy: 0.42176195979118347, a mean_energy: 0.6917389519512653 and loss: 0.0006998322332712997.
Iter 1916 add a min_energy: 0.42176195979118347, a mean_energy: 0.701976265758276 and loss: 0.0003249699782593764.
Iter 1917 add a min_energy: 0.42176195979118347, a mean_energy: 0.6936234831809998 and loss: 0.000648876357176015.
Iter 1918 add a min_energy: 0.42176195979118347, a mean_energy: 0.6988956990341345 and loss: 0.0003354756369389611.
Iter 1919 add a min_energy: 0.42176195979118347, a mean_energy: 0.6948438708980879 and loss: 0.00033864315726881924.
Iter 1920 add a min_energy: 0.42176195979118347, a mean_energy: 0.6919920692841212 and loss: 0.00028345687515788693.
Iter 1921 add a min_energy: 0.42176195979118347, a mean_energy: 0.6844509014238914 and loss: 0.0012967689520715791.
Iter 1922 add a min_energy: 0.42176195979118347, a mean_energy: 0.6969405921796957 and loss: 0.0018100066511639778.
Iter 1923 add a min_energy: 0.42176195979118347, a mean_energy: 0.7087367412944635 and loss: 0.00266592647652243.
Iter 1924 add a min_energy: 0.42176195979118347, a mean_energy: 0.6877032195528349 and loss: 0.0011124038633957619.
Iter 1925 add a min_energy: 0.42176195979118347, a mean_energy: 0.6902459971606731 and loss: 0.0016247650814402038.
Iter 1926 add a min_energy: 0.42176195979118347, a mean_energy: 0.6911874860525131 and loss: 0.0015190849353879498.
Iter 1927 add a min_energy: 0.42176195979118347, a mean_energy: 0.6994230250517527 and loss: 0.0015074439719437783.
Iter 1928 add a min_energy: 0.42176195979118347, a mean_energy: 0.700315867861112 and loss: 0.0015675532518580068.
Iter 1929 add a min_energy: 0.42176195979118347, a mean_energy: 0.6935908049345016 and loss: 0.0014632193306050023.
Iter 1930 add a min_energy: 0.42176195979118347, a mean_energy: 0.7019591927528381 and loss: 0.001654161759843828.
Iter 1931 add a min_energy: 0.42176195979118347, a mean_energy: 0.6901156927148501 and loss: 0.001430041739540282.
Iter 1932 add a min_energy: 0.42176195979118347, a mean_energy: 0.6873858459293842 and loss: 0.0006794041682834803.
Iter 1933 add a min_energy: 0.42176195979118347, a mean_energy: 0.6930677033960819 and loss: 0.000650380945212855.
Iter 1934 add a min_energy: 0.42176195979118347, a mean_energy: 0.7026751091082891 and loss: 0.0005857359086173461.
Iter 1935 add a min_energy: 0.42176195979118347, a mean_energy: 0.7056027166545391 and loss: 0.0013436537741847664.
Iter 1936 add a min_energy: 0.42176195979118347, a mean_energy: 0.6968827533225218 and loss: 0.0012533032657977856.
Iter 1937 add a min_energy: 0.42176195979118347, a mean_energy: 0.6912621284524599 and loss: 0.0011629200242456467.
Iter 1938 add a min_energy: 0.42176195979118347, a mean_energy: 0.7051988417903582 and loss: 0.0011961442278241585.
Iter 1939 add a min_energy: 0.42176195979118347, a mean_energy: 0.704383235424757 and loss: 0.0006796832708406314.
Iter 1940 add a min_energy: 0.42176195979118347, a mean_energy: 0.7066209415594736 and loss: 0.0024130754178778514.
Iter 1941 add a min_energy: 0.42176195979118347, a mean_energy: 0.7003258305291334 and loss: 0.0013630447702983805.
Iter 1942 add a min_energy: 0.42176195979118347, a mean_energy: 0.7035594768822193 and loss: 0.001197780028881236.
Iter 1943 add a min_energy: 0.42176195979118347, a mean_energy: 0.7161552471419176 and loss: 0.0023665973944788474.
Iter 1944 add a min_energy: 0.42176195979118347, a mean_energy: 0.7068196845551332 and loss: 0.001982017302413088.
Iter 1945 add a min_energy: 0.42176195979118347, a mean_energy: 0.6925015971064568 and loss: 0.001352161455309842.
Iter 1946 add a min_energy: 0.42176195979118347, a mean_energy: 0.6933586982389291 and loss: 0.0017924084621375705.
Iter 1947 add a min_energy: 0.42176195979118347, a mean_energy: 0.6900477254142364 and loss: 0.0011102606785489914.
Iter 1948 add a min_energy: 0.42176195979118347, a mean_energy: 0.6938738288978735 and loss: 0.0008909018425062432.
Iter 1949 add a min_energy: 0.42176195979118347, a mean_energy: 0.7126729811231295 and loss: 0.0006956816385463819.
Iter 1950 add a min_energy: 0.42176195979118347, a mean_energy: 0.7001427859067917 and loss: 0.0006882733813159858.
Iter 1951 add a min_energy: 0.42176195979118347, a mean_energy: 0.6997585284213225 and loss: 0.0003017008438276473.
Iter 1952 add a min_energy: 0.42176195979118347, a mean_energy: 0.6848854335645834 and loss: 0.0002525369699180885.
Iter 1953 add a min_energy: 0.42176195979118347, a mean_energy: 0.6983832630018393 and loss: 0.00023283764629897227.
Iter 1954 add a min_energy: 0.42176195979118347, a mean_energy: 0.6869319633891185 and loss: 0.000646708351233258.
Iter 1955 add a min_energy: 0.42176195979118347, a mean_energy: 0.6946084933976332 and loss: 0.0010338955879379288.
Iter 1956 add a min_energy: 0.42176195979118347, a mean_energy: 0.7011948016782602 and loss: 0.0009832578860284656.
Iter 1957 add a min_energy: 0.42176195979118347, a mean_energy: 0.7018957870701948 and loss: 0.0006681953053136405.
Iter 1958 add a min_energy: 0.42176195979118347, a mean_energy: 0.6874722341696421 and loss: 0.0013620227932924984.
Iter 1959 add a min_energy: 0.42176195979118347, a mean_energy: 0.6984933987259865 and loss: 0.001134557483363737.
Iter 1960 add a min_energy: 0.42176195979118347, a mean_energy: 0.7059674126406511 and loss: 0.0010802598995349295.
Iter 1961 add a min_energy: 0.42176195979118347, a mean_energy: 0.6951187513768673 and loss: 0.000557619561707229.
Iter 1962 add a min_energy: 0.42176195979118347, a mean_energy: 0.6870194002985954 and loss: 0.0010152736329415329.
Iter 1963 add a min_energy: 0.42176195979118347, a mean_energy: 0.6951675973832607 and loss: 0.0011524349077580136.
Iter 1964 add a min_energy: 0.42176195979118347, a mean_energy: 0.702472827086846 and loss: 0.0008306221202417144.
Iter 1965 add a min_energy: 0.42176195979118347, a mean_energy: 0.6993106044828892 and loss: 0.0007380040850951138.
Iter 1966 add a min_energy: 0.42176195979118347, a mean_energy: 0.6978047328690687 and loss: 0.0006156958030618021.
Iter 1967 add a min_energy: 0.42176195979118347, a mean_energy: 0.6920806827644507 and loss: 5.5375480936357515e-05.
Iter 1968 add a min_energy: 0.42176195979118347, a mean_energy: 0.7017827605207761 and loss: 0.0002705360358710195.
Iter 1969 add a min_energy: 0.42176195979118347, a mean_energy: 0.6890413922568163 and loss: 0.00038174412302241625.
Iter 1970 add a min_energy: 0.42176195979118347, a mean_energy: 0.6938711379965147 and loss: 0.0005267982814091862.
Iter 1971 add a min_energy: 0.42176195979118347, a mean_energy: 0.7048584235211214 and loss: 0.00014379180197383843.
Iter 1972 add a min_energy: 0.42176195979118347, a mean_energy: 0.6965304482728243 and loss: 0.00024869085317142194.
Iter 1973 add a min_energy: 0.42176195979118347, a mean_energy: 0.6928203745434681 and loss: 0.0002545077383077412.
Iter 1974 add a min_energy: 0.42176195979118347, a mean_energy: 0.6946122907102108 and loss: 0.00046110474831602476.
Iter 1975 add a min_energy: 0.42176195979118347, a mean_energy: 0.6857715845108032 and loss: 0.00018906423002906187.
Iter 1976 add a min_energy: 0.42176195979118347, a mean_energy: 0.6927507693568865 and loss: 0.0002612615999074179.
Iter 1977 add a min_energy: 0.42176195979118347, a mean_energy: 0.7010706750055155 and loss: 8.347253393249525e-05.
Iter 1978 add a min_energy: 0.42176195979118347, a mean_energy: 0.6865487874795994 and loss: 0.0006618378513727157.
Iter 1979 add a min_energy: 0.42176195979118347, a mean_energy: 0.6843248171110948 and loss: 0.0020826422073160745.
Iter 1980 add a min_energy: 0.42176195979118347, a mean_energy: 0.707320666561524 and loss: 0.0004435954805250805.
Iter 1981 add a min_energy: 0.42176195979118347, a mean_energy: 0.6968789498011271 and loss: 0.00035326769052413195.
Iter 1982 add a min_energy: 0.42176195979118347, a mean_energy: 0.6995688639581203 and loss: 0.00010672449140008302.
Iter 1983 add a min_energy: 0.42176195979118347, a mean_energy: 0.705780471364657 and loss: 7.092691486736e-05.
Iter 1984 add a min_energy: 0.42176195979118347, a mean_energy: 0.6954398266971111 and loss: 3.422315708136127e-05.
Iter 1985 add a min_energy: 0.42176195979118347, a mean_energy: 0.6881207215289274 and loss: 0.0003066522882870715.
Iter 1986 add a min_energy: 0.42176195979118347, a mean_energy: 0.7017123227318128 and loss: 0.00043033503033305395.
Iter 1987 add a min_energy: 0.42176195979118347, a mean_energy: 0.703997865319252 and loss: 0.0006825249802236808.
Iter 1988 add a min_energy: 0.42176195979118347, a mean_energy: 0.6939408034086227 and loss: 0.00044608873592509894.
Iter 1989 add a min_energy: 0.42176195979118347, a mean_energy: 0.7002953079839548 and loss: 0.0008278086854987903.
Iter 1990 add a min_energy: 0.42176195979118347, a mean_energy: 0.7083870383600394 and loss: 0.0011290419439016041.
Iter 1991 add a min_energy: 0.42176195979118347, a mean_energy: 0.7034373643497626 and loss: 0.0018775543577414107.
Iter 1992 add a min_energy: 0.42176195979118347, a mean_energy: 0.6939090117812157 and loss: 0.0010935520116019182.
Iter 1993 add a min_energy: 0.42176195979118347, a mean_energy: 0.7015999853610992 and loss: 0.0011737606023364947.
Iter 1994 add a min_energy: 0.42176195979118347, a mean_energy: 0.6939220031102499 and loss: 0.0009308229999787657.
Iter 1995 add a min_energy: 0.42176195979118347, a mean_energy: 0.6971906473239263 and loss: 0.0007290779541436393.
Iter 1996 add a min_energy: 0.42176195979118347, a mean_energy: 0.6902549887696902 and loss: 0.0007528548373047817.
Iter 1997 add a min_energy: 0.42176195979118347, a mean_energy: 0.6980216863254706 and loss: 0.0007578976178239958.
Iter 1998 add a min_energy: 0.42176195979118347, a mean_energy: 0.6829686934749285 and loss: 0.00026922252099320176.
Iter 1999 add a min_energy: 0.42176195979118347, a mean_energy: 0.68359978372852 and loss: 0.01343897696428236.
Iter 2000 add a min_energy: 0.42176195979118347, a mean_energy: 0.6863307543098927 and loss: 0.013606368113155982.
Iter 2001 add a min_energy: 0.42176195979118347, a mean_energy: 0.7017997441192468 and loss: 0.012702308060550518.
Iter 2002 add a min_energy: 0.42176195979118347, a mean_energy: 0.6926026331881682 and loss: 0.012139191379123554.
Iter 2003 add a min_energy: 0.42176195979118347, a mean_energy: 0.69560498620073 and loss: 0.011467557796471645.
Iter 2004 add a min_energy: 0.42176195979118347, a mean_energy: 0.6856940345217785 and loss: 0.011037907460821578.
Iter 2005 add a min_energy: 0.42176195979118347, a mean_energy: 0.7047241454323133 and loss: 0.0005033754690997758.
Iter 2006 add a min_energy: 0.42176195979118347, a mean_energy: 0.6958189960569143 and loss: 0.0005570602003811165.
Iter 2007 add a min_energy: 0.42176195979118347, a mean_energy: 0.6951875413457552 and loss: 0.0006270759528831571.
Iter 2008 add a min_energy: 0.42176195979118347, a mean_energy: 0.6927528033653895 and loss: 0.0005376623909531187.
Iter 2009 add a min_energy: 0.42176195979118347, a mean_energy: 0.7043876697619756 and loss: 0.00020358177094246887.
Iter 2010 add a min_energy: 0.42176195979118347, a mean_energy: 0.7027981802821159 and loss: 0.00017244442408728697.
Iter 2011 add a min_energy: 0.42176195979118347, a mean_energy: 0.6952575209240118 and loss: 5.962601877105586e-05.
Iter 2012 add a min_energy: 0.42176195979118347, a mean_energy: 0.6890668055663506 and loss: 0.005954599559296297.
Iter 2013 add a min_energy: 0.42176195979118347, a mean_energy: 0.7088232636451721 and loss: 0.00019214834285817661.
Iter 2014 add a min_energy: 0.42176195979118347, a mean_energy: 0.6917377598583698 and loss: 7.623055215378121e-05.
Iter 2015 add a min_energy: 0.42176195979118347, a mean_energy: 0.700042280058066 and loss: 5.092820668142189e-05.
Iter 2016 add a min_energy: 0.42176195979118347, a mean_energy: 0.7049113425115744 and loss: 0.0001864837604433978.
Iter 2017 add a min_energy: 0.42176195979118347, a mean_energy: 0.7018217581013838 and loss: 0.00031624281867841927.
Iter 2018 add a min_energy: 0.42176195979118347, a mean_energy: 0.708126861602068 and loss: 0.00043286669880721875.
Iter 2019 add a min_energy: 0.42176195979118347, a mean_energy: 0.7053560068209966 and loss: 0.0008688698936387472.
Iter 2020 add a min_energy: 0.42176195979118347, a mean_energy: 0.7057170284291109 and loss: 0.0009746040027959147.
Iter 2021 add a min_energy: 0.42176195979118347, a mean_energy: 0.6775525044649839 and loss: 0.0004143193288934992.
Iter 2022 add a min_energy: 0.42176195979118347, a mean_energy: 0.6953914600114027 and loss: 0.0006193557509619679.
Iter 2023 add a min_energy: 0.42176195979118347, a mean_energy: 0.6991999459763368 and loss: 0.0005578628563395919.
Iter 2024 add a min_energy: 0.42176195979118347, a mean_energy: 0.6854468335707983 and loss: 0.0004498939056315224.
Iter 2025 add a min_energy: 0.42176195979118347, a mean_energy: 0.6878796083231767 and loss: 0.00020770993099191747.
Iter 2026 add a min_energy: 0.42176195979118347, a mean_energy: 0.6860067329059044 and loss: 0.0005269944715894807.
Iter 2027 add a min_energy: 0.42176195979118347, a mean_energy: 0.7150905852516493 and loss: 0.00017355431992272647.
Iter 2028 add a min_energy: 0.42176195979118347, a mean_energy: 0.7007869519293308 and loss: 0.00016379151870916535.
Iter 2029 add a min_energy: 0.42176195979118347, a mean_energy: 0.6858561430126429 and loss: 0.0004331518725268768.
Iter 2030 add a min_energy: 0.42176195979118347, a mean_energy: 0.6964993985990683 and loss: 0.00041866435486457687.
Iter 2031 add a min_energy: 0.42176195979118347, a mean_energy: 0.6836040454606215 and loss: 0.0037146957845985403.
Iter 2032 add a min_energy: 0.42176195979118347, a mean_energy: 0.700115996102492 and loss: 0.00031551357769826175.
Iter 2033 add a min_energy: 0.42176195979118347, a mean_energy: 0.7005609820286433 and loss: 0.0003507885161144361.
Iter 2034 add a min_energy: 0.42176195979118347, a mean_energy: 0.6935865953564644 and loss: 0.000291072299147433.
Iter 2035 add a min_energy: 0.42176195979118347, a mean_energy: 0.6972667413453261 and loss: 0.00022578150798257504.
Iter 2036 add a min_energy: 0.42176195979118347, a mean_energy: 0.6843272962917885 and loss: 0.0006075608603115226.
Iter 2037 add a min_energy: 0.42176195979118347, a mean_energy: 0.704527405401071 and loss: 0.00024369186245005767.
Iter 2038 add a min_energy: 0.42176195979118347, a mean_energy: 0.7040947402517 and loss: 0.00011078666440666211.
Iter 2039 add a min_energy: 0.42176195979118347, a mean_energy: 0.6981690960625807 and loss: 0.0001759429593987228.
Iter 2040 add a min_energy: 0.42176195979118347, a mean_energy: 0.7023860538999239 and loss: 0.00013184178702042341.
Iter 2041 add a min_energy: 0.42176195979118347, a mean_energy: 0.7090072842935721 and loss: 0.000591366775055629.
Iter 2042 add a min_energy: 0.42176195979118347, a mean_energy: 0.690722165008386 and loss: 0.0004975788730611187.
Iter 2043 add a min_energy: 0.42176195979118347, a mean_energy: 0.6985918879508972 and loss: 0.0006425405835750528.
Iter 2044 add a min_energy: 0.42176195979118347, a mean_energy: 0.693177130073309 and loss: 0.00043058264808814727.
Iter 2045 add a min_energy: 0.42176195979118347, a mean_energy: 0.6948313837250074 and loss: 0.0004862981627694941.
Iter 2046 add a min_energy: 0.42176195979118347, a mean_energy: 0.6966074841717879 and loss: 0.0005320728321813865.
Iter 2047 add a min_energy: 0.42176195979118347, a mean_energy: 0.6847162867585818 and loss: 0.0023193414556325837.
Iter 2048 add a min_energy: 0.42176195979118347, a mean_energy: 0.6990192731221517 and loss: 0.0002778093751268246.
Iter 2049 add a min_energy: 0.42176195979118347, a mean_energy: 0.7016092029710611 and loss: 0.0003313470482904564.
Iter 2050 add a min_energy: 0.42176195979118347, a mean_energy: 0.6951641788085302 and loss: 0.0003433727384765782.
Iter 2051 add a min_energy: 0.42176195979118347, a mean_energy: 0.6984642830987772 and loss: 0.0003283083224405721.
Iter 2052 add a min_energy: 0.42176195979118347, a mean_energy: 0.6998525311549505 and loss: 0.0003886245870586785.
Iter 2053 add a min_energy: 0.42176195979118347, a mean_energy: 0.6963144106169542 and loss: 0.0023552929963780458.
Iter 2054 add a min_energy: 0.42176195979118347, a mean_energy: 0.6965520605444908 and loss: 0.0021133918771000116.
Iter 2055 add a min_energy: 0.42176195979118347, a mean_energy: 0.6963318549096584 and loss: 0.0020828627171660574.
Iter 2056 add a min_energy: 0.42176195979118347, a mean_energy: 0.6817970251043638 and loss: 0.001758996744748849.
Iter 2057 add a min_energy: 0.42176195979118347, a mean_energy: 0.6899276388188204 and loss: 0.0019496423388260212.
Iter 2058 add a min_energy: 0.42176195979118347, a mean_energy: 0.6943377864857515 and loss: 0.0018545344943204703.
Iter 2059 add a min_energy: 0.42176195979118347, a mean_energy: 0.6999547133843104 and loss: 0.0002225701047631107.
Iter 2060 add a min_energy: 0.42176195979118347, a mean_energy: 0.6937075704336166 and loss: 0.001547857101879789.
Iter 2061 add a min_energy: 0.42176195979118347, a mean_energy: 0.6822826613982519 and loss: 0.0018365532070992688.
Iter 2062 add a min_energy: 0.42176195979118347, a mean_energy: 0.7045295697947344 and loss: 0.0013464042248220345.
Iter 2063 add a min_energy: 0.42176195979118347, a mean_energy: 0.6946499651918808 and loss: 0.0014233506639006641.
Iter 2064 add a min_energy: 0.42176195979118347, a mean_energy: 0.6989452925821146 and loss: 0.0011974544490051591.
Iter 2065 add a min_energy: 0.42176195979118347, a mean_energy: 0.6928211773435274 and loss: 0.003057137833344199.
Iter 2066 add a min_energy: 0.42176195979118347, a mean_energy: 0.68419709118704 and loss: 0.0030648605103933075.
Iter 2067 add a min_energy: 0.42176195979118347, a mean_energy: 0.6874611067275206 and loss: 0.0032822296046039656.
Iter 2068 add a min_energy: 0.42176195979118347, a mean_energy: 0.7081309134761492 and loss: 0.002869612326657598.
Iter 2069 add a min_energy: 0.42176195979118347, a mean_energy: 0.6997650576134523 and loss: 0.0028410694168743327.
Iter 2070 add a min_energy: 0.42176195979118347, a mean_energy: 0.691651489585638 and loss: 0.002584199052439901.
Iter 2071 add a min_energy: 0.42176195979118347, a mean_energy: 0.6964259917537371 and loss: 0.001241037749661966.
Iter 2072 add a min_energy: 0.42176195979118347, a mean_energy: 0.6760297187914451 and loss: 0.0005577282733023966.
Iter 2073 add a min_energy: 0.42176195979118347, a mean_energy: 0.7035921650628248 and loss: 0.0007280219873236891.
Iter 2074 add a min_energy: 0.42176195979118347, a mean_energy: 0.7003430761396885 and loss: 0.0009393044849115301.
Iter 2075 add a min_energy: 0.42176195979118347, a mean_energy: 0.7014266215264797 and loss: 0.0011909075032101564.
Iter 2076 add a min_energy: 0.42176195979118347, a mean_energy: 0.6894077497224013 and loss: 0.0008566505594874174.
Iter 2077 add a min_energy: 0.42176195979118347, a mean_energy: 0.7060314193367958 and loss: 0.0012809088830942183.
Iter 2078 add a min_energy: 0.42176195979118347, a mean_energy: 0.6740828125427166 and loss: 0.00040446357172378.
Iter 2079 add a min_energy: 0.42176195979118347, a mean_energy: 0.7048642871280512 and loss: 0.0005918503357890703.
Iter 2080 add a min_energy: 0.42176195979118347, a mean_energy: 0.6921632811427116 and loss: 0.000463681943246706.
Iter 2081 add a min_energy: 0.42176195979118347, a mean_energy: 0.6749280920873085 and loss: 0.0004016804559659225.
Iter 2082 add a min_energy: 0.42176195979118347, a mean_energy: 0.7153533498446146 and loss: 0.0005131837386600938.
Iter 2083 add a min_energy: 0.42176195979118347, a mean_energy: 0.6939500197768211 and loss: 0.0003397731625009409.
Iter 2084 add a min_energy: 0.42176195979118347, a mean_energy: 0.6986109465360641 and loss: 0.00033841173054451783.
Iter 2085 add a min_energy: 0.42176195979118347, a mean_energy: 0.6950380578637123 and loss: 0.0002623644927050926.
Iter 2086 add a min_energy: 0.42176195979118347, a mean_energy: 0.6977190201481184 and loss: 0.0004911736167923556.
Iter 2087 add a min_energy: 0.42176195979118347, a mean_energy: 0.6872412549952666 and loss: 0.00019300758850245947.
Iter 2088 add a min_energy: 0.42176195979118347, a mean_energy: 0.7085496038198471 and loss: 0.0005919546132218084.
Iter 2089 add a min_energy: 0.42176195979118347, a mean_energy: 0.6936331155399481 and loss: 0.0004589146142103002.
Iter 2090 add a min_energy: 0.42176195979118347, a mean_energy: 0.6784603446722031 and loss: 0.0003093674295745815.
Iter 2091 add a min_energy: 0.42176195979118347, a mean_energy: 0.691656352331241 and loss: 0.002862147487446313.
Iter 2092 add a min_energy: 0.42176195979118347, a mean_energy: 0.7004293128848076 and loss: 0.00026061971596127195.
Iter 2093 add a min_energy: 0.42176195979118347, a mean_energy: 0.6981843536098798 and loss: 0.00023043558461764067.
Iter 2094 add a min_energy: 0.42176195979118347, a mean_energy: 0.6934714453915755 and loss: 0.0002654555833436201.
Iter 2095 add a min_energy: 0.42176195979118347, a mean_energy: 0.6923011168837547 and loss: 0.0019755803547741348.
Iter 2096 add a min_energy: 0.42176195979118347, a mean_energy: 0.6873576578994592 and loss: 0.002488470692921836.
Iter 2097 add a min_energy: 0.42176195979118347, a mean_energy: 0.6990483794361353 and loss: 0.003634114935167285.
Iter 2098 add a min_energy: 0.42176195979118347, a mean_energy: 0.7065869482855002 and loss: 0.00019391599558673514.
Iter 2099 add a min_energy: 0.42176195979118347, a mean_energy: 0.6959347041944662 and loss: 0.00011066470704637227.
Iter 2100 add a min_energy: 0.42176195979118347, a mean_energy: 0.6971746658285459 and loss: 0.0007035974247592606.
Iter 2101 add a min_energy: 0.42176195979118347, a mean_energy: 0.688946591069301 and loss: 0.004046872033556269.
Iter 2102 add a min_energy: 0.42176195979118347, a mean_energy: 0.7118333627780279 and loss: 0.0011665934809717878.
Iter 2103 add a min_energy: 0.42176195979118347, a mean_energy: 0.7029920195539793 and loss: 0.0015060233382701016.
Iter 2104 add a min_energy: 0.42176195979118347, a mean_energy: 0.6952203176915646 and loss: 0.004110572921453719.
Iter 2105 add a min_energy: 0.42176195979118347, a mean_energy: 0.6982804785172144 and loss: 0.002043063875575833.
Iter 2106 add a min_energy: 0.42176195979118347, a mean_energy: 0.6804218521962563 and loss: 0.004542486799908974.
Iter 2107 add a min_energy: 0.42176195979118347, a mean_energy: 0.6861552732686201 and loss: 0.0009814456300501467.
Iter 2108 add a min_energy: 0.42176195979118347, a mean_energy: 0.6933667920529842 and loss: 0.0012714022568112316.
Iter 2109 add a min_energy: 0.42176195979118347, a mean_energy: 0.6890500995020071 and loss: 0.0011838490540689623.
Iter 2110 add a min_energy: 0.42176195979118347, a mean_energy: 0.6975547994176546 and loss: 0.0032479078218159746.
Iter 2111 add a min_energy: 0.42176195979118347, a mean_energy: 0.6828071648875872 and loss: 0.0030228737524051015.
Iter 2112 add a min_energy: 0.42176195979118347, a mean_energy: 0.7123768168191115 and loss: 0.0031849771828772076.
Iter 2113 add a min_energy: 0.42176195979118347, a mean_energy: 0.7060374195377032 and loss: 0.0009305878635119444.
Iter 2114 add a min_energy: 0.42176195979118347, a mean_energy: 0.7035430272420248 and loss: 0.0036821596253314363.
Iter 2115 add a min_energy: 0.42176195979118347, a mean_energy: 0.693637582163016 and loss: 0.0014656056821433304.
Iter 2116 add a min_energy: 0.42176195979118347, a mean_energy: 0.6974840946495533 and loss: 0.003512507123773742.
Iter 2117 add a min_energy: 0.42176195979118347, a mean_energy: 0.6989136027793089 and loss: 0.0035558223860664233.
Iter 2118 add a min_energy: 0.42176195979118347, a mean_energy: 0.7100390816728274 and loss: 0.0007166074670561667.
Iter 2119 add a min_energy: 0.42176195979118347, a mean_energy: 0.6967010398705801 and loss: 0.005550550048556046.
Iter 2120 add a min_energy: 0.42176195979118347, a mean_energy: 0.6905350380887588 and loss: 0.0051198291064525284.
Iter 2121 add a min_energy: 0.42176195979118347, a mean_energy: 0.6974353032807509 and loss: 0.004933481558122778.
Iter 2122 add a min_energy: 0.42176195979118347, a mean_energy: 0.6909129731357098 and loss: 0.004743626239309724.
Iter 2123 add a min_energy: 0.42176195979118347, a mean_energy: 0.699831715474526 and loss: 0.0047692734510888886.
Iter 2124 add a min_energy: 0.42176195979118347, a mean_energy: 0.7083639167249203 and loss: 0.004272755475997389.
Iter 2125 add a min_energy: 0.42176195979118347, a mean_energy: 0.6905419578154882 and loss: 0.00421809764239328.
Iter 2126 add a min_energy: 0.42176195979118347, a mean_energy: 0.7002920545637608 and loss: 0.003960311231694538.
Iter 2127 add a min_energy: 0.42176195979118347, a mean_energy: 0.6974064956108729 and loss: 0.0035166711063913444.
Iter 2128 add a min_energy: 0.42176195979118347, a mean_energy: 0.6963223281006018 and loss: 0.0033746679066716367.
Iter 2129 add a min_energy: 0.42176195979118347, a mean_energy: 0.7005864642560482 and loss: 0.005731252378899312.
Iter 2130 add a min_energy: 0.42176195979118347, a mean_energy: 0.6840660187105337 and loss: 0.004158948358370874.
Iter 2131 add a min_energy: 0.42176195979118347, a mean_energy: 0.7097804558773836 and loss: 0.0043460869938833765.
Iter 2132 add a min_energy: 0.42176195979118347, a mean_energy: 0.7028139072159926 and loss: 0.0031901120115860786.
Iter 2133 add a min_energy: 0.42176195979118347, a mean_energy: 0.7020906209945679 and loss: 0.002957287877138819.
Iter 2134 add a min_energy: 0.42176195979118347, a mean_energy: 0.7059552669525146 and loss: 0.0032413872647910043.
Iter 2135 add a min_energy: 0.42176195979118347, a mean_energy: 0.6752832817534605 and loss: 0.0029099633149131227.
Iter 2136 add a min_energy: 0.42176195979118347, a mean_energy: 0.6889017634093761 and loss: 0.0021766232715130923.
Iter 2137 add a min_energy: 0.42176195979118347, a mean_energy: 0.6915673054754734 and loss: 0.0015312783795078688.
Iter 2138 add a min_energy: 0.42176195979118347, a mean_energy: 0.6904676978786787 and loss: 0.00392013146184035.
Iter 2139 add a min_energy: 0.42176195979118347, a mean_energy: 0.7111418806016445 and loss: 0.003576583938660933.
Iter 2140 add a min_energy: 0.42176195979118347, a mean_energy: 0.7080351697901884 and loss: 0.003906864742304634.
Iter 2141 add a min_energy: 0.42176195979118347, a mean_energy: 0.6777636868258318 and loss: 0.006447075133440242.
Iter 2142 add a min_energy: 0.42176195979118347, a mean_energy: 0.6937499946604172 and loss: 0.005071388023410037.
Iter 2143 add a min_energy: 0.42176195979118347, a mean_energy: 0.6977927933136622 and loss: 0.004908713718708994.
Iter 2144 add a min_energy: 0.42176195979118347, a mean_energy: 0.6959555931389332 and loss: 0.005279077397921719.
Iter 2145 add a min_energy: 0.42176195979118347, a mean_energy: 0.6935894135385752 and loss: 0.004426928526475038.
Iter 2146 add a min_energy: 0.42176195979118347, a mean_energy: 0.6888090446591377 and loss: 0.003072185266725017.
Iter 2147 add a min_energy: 0.42176195979118347, a mean_energy: 0.67203089594841 and loss: 0.003644364120269405.
Iter 2148 add a min_energy: 0.42176195979118347, a mean_energy: 0.7010880336165428 and loss: 0.0031763872875895617.
Iter 2149 add a min_energy: 0.42176195979118347, a mean_energy: 0.7008599961797396 and loss: 0.0028636828849710172.
Iter 2150 add a min_energy: 0.42176195979118347, a mean_energy: 0.702458252509435 and loss: 0.0020948186521049738.
Iter 2151 add a min_energy: 0.42176195979118347, a mean_energy: 0.690774998938044 and loss: 0.002378473059194898.
Iter 2152 add a min_energy: 0.42176195979118347, a mean_energy: 0.6877006348222494 and loss: 0.003121947817113202.
Iter 2153 add a min_energy: 0.42176195979118347, a mean_energy: 0.7044233617683252 and loss: 0.002709266327611436.
Iter 2154 add a min_energy: 0.42176195979118347, a mean_energy: 0.6936406182746092 and loss: 0.002409815650456458.
Iter 2155 add a min_energy: 0.42176195979118347, a mean_energy: 0.6921268900235494 and loss: 0.002384397437039644.
Iter 2156 add a min_energy: 0.42176195979118347, a mean_energy: 0.6906752226253351 and loss: 0.0021994272755514878.
Iter 2157 add a min_energy: 0.42176195979118347, a mean_energy: 0.698529618481795 and loss: 0.0023265239744190707.
Iter 2158 add a min_energy: 0.42176195979118347, a mean_energy: 0.7016718623538812 and loss: 0.0021424997909024013.
Iter 2159 add a min_energy: 0.42176195979118347, a mean_energy: 0.7028219227989515 and loss: 0.00211603712808349.
Iter 2160 add a min_energy: 0.42176195979118347, a mean_energy: 0.6888036107023557 and loss: 0.0020107687245898166.
Iter 2161 add a min_energy: 0.42176195979118347, a mean_energy: 0.7036332736412684 and loss: 0.0027136769101464074.
Iter 2162 add a min_energy: 0.42176195979118347, a mean_energy: 0.6949876062572002 and loss: 0.0018907919604934393.
Iter 2163 add a min_energy: 0.42176195979118347, a mean_energy: 0.6968663533528646 and loss: 0.006995568981840013.
Iter 2164 add a min_energy: 0.42176195979118347, a mean_energy: 0.6939162177344164 and loss: 0.0068601114446886335.
Iter 2165 add a min_energy: 0.42176195979118347, a mean_energy: 0.7011691108345985 and loss: 0.006732055689661187.
Iter 2166 add a min_energy: 0.42176195979118347, a mean_energy: 0.706928163766861 and loss: 0.00673008122895813.
Iter 2167 add a min_energy: 0.42176195979118347, a mean_energy: 0.6972903509934744 and loss: 0.006501834691360026.
Iter 2168 add a min_energy: 0.42176195979118347, a mean_energy: 0.6971158931652705 and loss: 0.006039293833013563.
Iter 2169 add a min_energy: 0.42176195979118347, a mean_energy: 0.6928218367199103 and loss: 0.0032877014046693693.
Iter 2170 add a min_energy: 0.42176195979118347, a mean_energy: 0.7017958375314871 and loss: 0.005473065939554978.
Iter 2171 add a min_energy: 0.42176195979118347, a mean_energy: 0.6952464021742344 and loss: 0.005045536386215337.
Iter 2172 add a min_energy: 0.42176195979118347, a mean_energy: 0.6980980088313421 and loss: 0.003078568526787213.
Iter 2173 add a min_energy: 0.42176195979118347, a mean_energy: 0.6976755273838838 and loss: 0.004430992348749446.
Iter 2174 add a min_energy: 0.42176195979118347, a mean_energy: 0.7028315141797066 and loss: 0.005236650007944059.
Iter 2175 add a min_energy: 0.42176195979118347, a mean_energy: 0.6982870859404405 and loss: 0.0038697045182460184.
Iter 2176 add a min_energy: 0.42176195979118347, a mean_energy: 0.7032444725433985 and loss: 0.00500670122489445.
Iter 2177 add a min_energy: 0.42176195979118347, a mean_energy: 0.7071839421987534 and loss: 0.004849906195351299.
Iter 2178 add a min_energy: 0.42176195979118347, a mean_energy: 0.7110732657214006 and loss: 0.002921598693867336.
Iter 2179 add a min_energy: 0.42176195979118347, a mean_energy: 0.700833344211181 and loss: 0.002857512973414724.
Iter 2180 add a min_energy: 0.42176195979118347, a mean_energy: 0.7033685594797134 and loss: 0.0028383019665661298.
Iter 2181 add a min_energy: 0.42176195979118347, a mean_energy: 0.6976862984399 and loss: 0.0020295155009513147.
Iter 2182 add a min_energy: 0.42176195979118347, a mean_energy: 0.6859315522015095 and loss: 0.0014550017020796766.
Iter 2183 add a min_energy: 0.42176195979118347, a mean_energy: 0.6893315265576044 and loss: 0.002079067850469262.
Iter 2184 add a min_energy: 0.42176195979118347, a mean_energy: 0.6955754843850931 and loss: 0.0013785665613011006.
Iter 2185 add a min_energy: 0.42176195979118347, a mean_energy: 0.6989068438609441 and loss: 0.001958061515827214.
Iter 2186 add a min_energy: 0.42176195979118347, a mean_energy: 0.6942478989561399 and loss: 0.002811894929452154.
Iter 2187 add a min_energy: 0.42176195979118347, a mean_energy: 0.694257989525795 and loss: 0.0018425182969113042.
Iter 2188 add a min_energy: 0.42176195979118347, a mean_energy: 0.6989134686688582 and loss: 0.002792970541916991.
Iter 2189 add a min_energy: 0.42176195979118347, a mean_energy: 0.7053242350618044 and loss: 0.002968511250692767.
Iter 2190 add a min_energy: 0.42176195979118347, a mean_energy: 0.677618432790041 and loss: 0.019520464021458253.
Iter 2191 add a min_energy: 0.42176195979118347, a mean_energy: 0.6837988533079624 and loss: 0.019264890764512148.
Iter 2192 add a min_energy: 0.42176195979118347, a mean_energy: 0.6861351281404495 and loss: 0.01886867898237408.
Iter 2193 add a min_energy: 0.42176195979118347, a mean_energy: 0.6959136116007963 and loss: 0.01122533734493084.
Iter 2194 add a min_energy: 0.42176195979118347, a mean_energy: 0.6891759497423967 and loss: 0.011285699190060625.
Iter 2195 add a min_energy: 0.42176195979118347, a mean_energy: 0.7135622774561247 and loss: 0.017274113747242276.
Iter 2196 add a min_energy: 0.42176195979118347, a mean_energy: 0.6895273743818203 and loss: 0.016483274689220853.
Iter 2197 add a min_energy: 0.42176195979118347, a mean_energy: 0.704807302604119 and loss: 0.015643716145147573.
Iter 2198 add a min_energy: 0.42176195979118347, a mean_energy: 0.6927294979492823 and loss: 0.00952784008431.
Iter 2199 add a min_energy: 0.42176195979118347, a mean_energy: 0.6868684999644756 and loss: 0.01058155245036718.
Iter 2200 add a min_energy: 0.42176195979118347, a mean_energy: 0.7045879798630873 and loss: 0.008111157949551575.
Iter 2201 add a min_energy: 0.42176195979118347, a mean_energy: 0.7113023499647776 and loss: 0.012674671570148247.
Iter 2202 add a min_energy: 0.42176195979118347, a mean_energy: 0.7076915937165419 and loss: 0.01271613782427381.
Iter 2203 add a min_energy: 0.42176195979118347, a mean_energy: 0.6819937707235416 and loss: 0.01208448114654252.
Iter 2204 add a min_energy: 0.42176195979118347, a mean_energy: 0.6963777889808019 and loss: 0.01009245259093034.
Iter 2205 add a min_energy: 0.42176195979118347, a mean_energy: 0.6870337128639221 and loss: 0.00890026545796036.
Iter 2206 add a min_energy: 0.42176195979118347, a mean_energy: 0.7104501239955425 and loss: 0.009466804270555433.
Iter 2207 add a min_energy: 0.42176195979118347, a mean_energy: 0.7075713860491911 and loss: 0.009774644547097954.
Iter 2208 add a min_energy: 0.42176195979118347, a mean_energy: 0.6931736941138903 and loss: 0.008745260559349863.
Iter 2209 add a min_energy: 0.42176195979118347, a mean_energy: 0.6991255780061086 and loss: 0.00807725266788116.
Iter 2210 add a min_energy: 0.42176195979118347, a mean_energy: 0.6989060565829277 and loss: 0.007723161216401808.
Iter 2211 add a min_energy: 0.42176195979118347, a mean_energy: 0.7115807024141153 and loss: 0.004149153951175351.
Iter 2212 add a min_energy: 0.42176195979118347, a mean_energy: 0.6876176781952381 and loss: 0.00249229747987473.
Iter 2213 add a min_energy: 0.42176195979118347, a mean_energy: 0.6931880029539267 and loss: 0.006142083800670184.
Iter 2214 add a min_energy: 0.42176195979118347, a mean_energy: 0.6953114376713833 and loss: 0.005056707105992903.
Iter 2215 add a min_energy: 0.42176195979118347, a mean_energy: 0.690949114660422 and loss: 0.004471860996053045.
Iter 2216 add a min_energy: 0.42176195979118347, a mean_energy: 0.6888881213963032 and loss: 0.003878143251186408.
Iter 2217 add a min_energy: 0.42176195979118347, a mean_energy: 0.7024364819129308 and loss: 0.0037955349709572063.
Iter 2218 add a min_energy: 0.42176195979118347, a mean_energy: 0.70986308157444 and loss: 0.0020835622774793634.
Iter 2219 add a min_energy: 0.42176195979118347, a mean_energy: 0.7059601520498594 and loss: 0.0019104541998116774.
Iter 2220 add a min_energy: 0.42176195979118347, a mean_energy: 0.6982342141369978 and loss: 0.0019245080075199162.
Iter 2221 add a min_energy: 0.42176195979118347, a mean_energy: 0.7076560407876968 and loss: 0.002524157417775248.
Iter 2222 add a min_energy: 0.42176195979118347, a mean_energy: 0.695504774649938 and loss: 0.0024859382684393944.
Iter 2223 add a min_energy: 0.42176195979118347, a mean_energy: 0.7179234984020392 and loss: 0.0027080473206055108.
Iter 2224 add a min_energy: 0.42176195979118347, a mean_energy: 0.7091141082346439 and loss: 0.0033953094230946574.
Iter 2225 add a min_energy: 0.42176195979118347, a mean_energy: 0.6865906038631996 and loss: 0.0017510050385506227.
Iter 2226 add a min_energy: 0.42176195979118347, a mean_energy: 0.6977312092979749 and loss: 0.001370424561736247.
Iter 2227 add a min_energy: 0.42176195979118347, a mean_energy: 0.6913650563607613 and loss: 0.001137322346381015.
Iter 2228 add a min_energy: 0.42176195979118347, a mean_energy: 0.6945835277438164 and loss: 0.0007752705100690094.
Iter 2229 add a min_energy: 0.42176195979118347, a mean_energy: 0.6891124347845713 and loss: 0.0008604241483240343.
Iter 2230 add a min_energy: 0.42176195979118347, a mean_energy: 0.6887276483078798 and loss: 0.000988187059235377.
Iter 2231 add a min_energy: 0.42176195979118347, a mean_energy: 0.6856024265289307 and loss: 0.0016466906432962922.
Iter 2232 add a min_energy: 0.42176195979118347, a mean_energy: 0.6945651186009248 and loss: 0.001073894099175004.
Iter 2233 add a min_energy: 0.42176195979118347, a mean_energy: 0.6795615330338478 and loss: 0.0019588409782320937.
Iter 2234 add a min_energy: 0.42176195979118347, a mean_energy: 0.6905817153553168 and loss: 0.0016667866899182427.
Iter 2235 add a min_energy: 0.42176195979118347, a mean_energy: 0.7056175159911314 and loss: 0.0020996141921776953.
Iter 2236 add a min_energy: 0.42176195979118347, a mean_energy: 0.6904499996453524 and loss: 0.001932928619141619.
Iter 2237 add a min_energy: 0.42176195979118347, a mean_energy: 0.6819227623442808 and loss: 0.0024144023630012514.
Iter 2238 add a min_energy: 0.42176195979118347, a mean_energy: 0.6748544089496136 and loss: 0.0033978342391204897.
Iter 2239 add a min_energy: 0.42176195979118347, a mean_energy: 0.6816774904727936 and loss: 0.010286594016223885.
Iter 2240 add a min_energy: 0.42176195979118347, a mean_energy: 0.6977747877438863 and loss: 0.009727497135633098.
Iter 2241 add a min_energy: 0.42176195979118347, a mean_energy: 0.6800935535381237 and loss: 0.008443715148723448.
Iter 2242 add a min_energy: 0.42176195979118347, a mean_energy: 0.7039685696363449 and loss: 0.009371236466814117.
Iter 2243 add a min_energy: 0.42176195979118347, a mean_energy: 0.7000689394772053 and loss: 0.009958947865578618.
Iter 2244 add a min_energy: 0.42176195979118347, a mean_energy: 0.6908410483350357 and loss: 0.008456018323906429.
Iter 2245 add a min_energy: 0.42176195979118347, a mean_energy: 0.7007139213383198 and loss: 0.004381979180256644.
Iter 2246 add a min_energy: 0.42176195979118347, a mean_energy: 0.6853088947633902 and loss: 0.004144796120143443.
Iter 2247 add a min_energy: 0.42176195979118347, a mean_energy: 0.6896594619999329 and loss: 0.006789494370330542.
Iter 2248 add a min_energy: 0.42176195979118347, a mean_energy: 0.6953929886221886 and loss: 0.003065392918026838.
Iter 2249 add a min_energy: 0.42176195979118347, a mean_energy: 0.6976919757823149 and loss: 0.003884855079050499.
Iter 2250 add a min_energy: 0.42176195979118347, a mean_energy: 0.6897514071315527 and loss: 0.0039028876045705944.
Iter 2251 add a min_energy: 0.42176195979118347, a mean_energy: 0.7067494876682758 and loss: 0.0030830084971399984.
Iter 2252 add a min_energy: 0.42176195979118347, a mean_energy: 0.7075311516722044 and loss: 0.01533758410955441.
Iter 2253 add a min_energy: 0.42176195979118347, a mean_energy: 0.6925177052617073 and loss: 0.009792772045215442.
Iter 2254 add a min_energy: 0.42176195979118347, a mean_energy: 0.6945808331171671 and loss: 0.009546666052512132.
Iter 2255 add a min_energy: 0.42176195979118347, a mean_energy: 0.6904154978692532 and loss: 0.014144545058185989.
Iter 2256 add a min_energy: 0.42176195979118347, a mean_energy: 0.6924024236698946 and loss: 0.01084597447037873.
Iter 2257 add a min_energy: 0.42176195979118347, a mean_energy: 0.7026478697856268 and loss: 0.012921068445988677.
Iter 2258 add a min_energy: 0.42176195979118347, a mean_energy: 0.6827316718796889 and loss: 0.007905880367104143.
Iter 2259 add a min_energy: 0.42176195979118347, a mean_energy: 0.7045760539670786 and loss: 0.011714450348895485.
Iter 2260 add a min_energy: 0.42176195979118347, a mean_energy: 0.69954210643967 and loss: 0.007027793592288398.
Iter 2261 add a min_energy: 0.42176195979118347, a mean_energy: 0.691048956165711 and loss: 0.0059071712899121.
Iter 2262 add a min_energy: 0.42176195979118347, a mean_energy: 0.7049402209619681 and loss: 0.005293788909449736.
Iter 2263 add a min_energy: 0.42176195979118347, a mean_energy: 0.7044551285604636 and loss: 0.006214949706376915.
Iter 2264 add a min_energy: 0.42176195979118347, a mean_energy: 0.6936960443854332 and loss: 0.009950233037731184.
Iter 2265 add a min_energy: 0.42176195979118347, a mean_energy: 0.7003739761809508 and loss: 0.006297599803718043.
Iter 2266 add a min_energy: 0.42176195979118347, a mean_energy: 0.6930692779521147 and loss: 0.004953672903775957.
Iter 2267 add a min_energy: 0.42176195979118347, a mean_energy: 0.697116474310557 and loss: 0.0048829165581412036.
Iter 2268 add a min_energy: 0.42176195979118347, a mean_energy: 0.6932701654732227 and loss: 0.0045441115034784265.
Iter 2269 add a min_energy: 0.42176195979118347, a mean_energy: 0.7006629457076391 and loss: 0.004909828463137311.
Iter 2270 add a min_energy: 0.42176195979118347, a mean_energy: 0.7020961878200372 and loss: 0.005254629333903138.
Iter 2271 add a min_energy: 0.42176195979118347, a mean_energy: 0.675047006458044 and loss: 0.004450468447710567.
Iter 2272 add a min_energy: 0.42176195979118347, a mean_energy: 0.6843924007068077 and loss: 0.0036331372315199823.
Iter 2273 add a min_energy: 0.42176195979118347, a mean_energy: 0.700431726872921 and loss: 0.0033438969150431054.
Iter 2274 add a min_energy: 0.42176195979118347, a mean_energy: 0.6956973671913147 and loss: 0.0036302808442282386.
Iter 2275 add a min_energy: 0.42176195979118347, a mean_energy: 0.6914405822753906 and loss: 0.005869509986483798.
Iter 2276 add a min_energy: 0.42176195979118347, a mean_energy: 0.6945830024778843 and loss: 0.004467661019238287.
Iter 2277 add a min_energy: 0.42176195979118347, a mean_energy: 0.6809459204475085 and loss: 0.002050414225762959.
Iter 2278 add a min_energy: 0.42176195979118347, a mean_energy: 0.6967791579663754 and loss: 0.001972253461687427.
Iter 2279 add a min_energy: 0.42176195979118347, a mean_energy: 0.6977284730722507 and loss: 0.0025203057525101592.
Iter 2280 add a min_energy: 0.42176195979118347, a mean_energy: 0.7016787889103094 and loss: 0.0038450428745289912.
Iter 2281 add a min_energy: 0.42176195979118347, a mean_energy: 0.6959167160093784 and loss: 0.0037084284274489215.
Iter 2282 add a min_energy: 0.42176195979118347, a mean_energy: 0.6999916856487592 and loss: 0.003772067752715951.
Iter 2283 add a min_energy: 0.42176195979118347, a mean_energy: 0.7086975028117498 and loss: 0.004337760796390407.
Iter 2284 add a min_energy: 0.42176195979118347, a mean_energy: 0.7101077189048132 and loss: 0.0025299885753905806.
Iter 2285 add a min_energy: 0.42176195979118347, a mean_energy: 0.6965611999233564 and loss: 0.002414428741387029.
Iter 2286 add a min_energy: 0.42176195979118347, a mean_energy: 0.7076487094163895 and loss: 0.00395914310716864.
Iter 2287 add a min_energy: 0.42176195979118347, a mean_energy: 0.7019481857617696 and loss: 0.0022505149373958757.
Iter 2288 add a min_energy: 0.42176195979118347, a mean_energy: 0.6993861508866152 and loss: 0.0022067634942901744.
Iter 2289 add a min_energy: 0.42176195979118347, a mean_energy: 0.6995804682374 and loss: 0.0019633538257348014.
Iter 2290 add a min_energy: 0.42176195979118347, a mean_energy: 0.7005662334462007 and loss: 0.002145207055411973.
Iter 2291 add a min_energy: 0.42176195979118347, a mean_energy: 0.7097937104602655 and loss: 0.0021764466760172563.
Iter 2292 add a min_energy: 0.42176195979118347, a mean_energy: 0.7025464624166489 and loss: 0.0016846689639351624.
Iter 2293 add a min_energy: 0.42176195979118347, a mean_energy: 0.6983535476028919 and loss: 0.0022542120120517695.
Iter 2294 add a min_energy: 0.42176195979118347, a mean_energy: 0.7184847816824913 and loss: 0.0021872205945711485.
Iter 2295 add a min_energy: 0.42176195979118347, a mean_energy: 0.6903164722025394 and loss: 0.0014688534517270952.
Iter 2296 add a min_energy: 0.42176195979118347, a mean_energy: 0.6991405623654524 and loss: 0.0012849978921129106.
Iter 2297 add a min_energy: 0.42176195979118347, a mean_energy: 0.6942662820219994 and loss: 0.0009351001705341229.
Iter 2298 add a min_energy: 0.42176195979118347, a mean_energy: 0.7051327799757322 and loss: 0.005235265796594316.
Iter 2299 add a min_energy: 0.42176195979118347, a mean_energy: 0.6930701459447542 and loss: 0.0054531509505247955.
Iter 2300 add a min_energy: 0.42176195979118347, a mean_energy: 0.7079632741709551 and loss: 0.0004705487274501614.
Iter 2301 add a min_energy: 0.42176195979118347, a mean_energy: 0.6970191945632299 and loss: 0.0016409329299495589.
Iter 2302 add a min_energy: 0.42176195979118347, a mean_energy: 0.6918329559266567 and loss: 0.0019579862722429297.
Iter 2303 add a min_energy: 0.42176195979118347, a mean_energy: 0.7079872364799181 and loss: 0.0015643229316767775.
Iter 2304 add a min_energy: 0.42176195979118347, a mean_energy: 0.6967061112324396 and loss: 0.0021766657440056695.
Iter 2305 add a min_energy: 0.42176195979118347, a mean_energy: 0.7017129566520452 and loss: 0.002517591017340989.
Iter 2306 add a min_energy: 0.42176195979118347, a mean_energy: 0.7066938988864422 and loss: 0.0022747197115714664.
Iter 2307 add a min_energy: 0.42176195979118347, a mean_energy: 0.6976314261555672 and loss: 0.001960516890256711.
Iter 2308 add a min_energy: 0.42176195979118347, a mean_energy: 0.7116580152263244 and loss: 0.0024398495668587162.
Iter 2309 add a min_energy: 0.42176195979118347, a mean_energy: 0.692780235161384 and loss: 0.002418982315787675.
Iter 2310 add a min_energy: 0.42176195979118347, a mean_energy: 0.7132720723748207 and loss: 0.004505919394570948.
Iter 2311 add a min_energy: 0.42176195979118347, a mean_energy: 0.7082178803781668 and loss: 0.0018233979746564181.
Iter 2312 add a min_energy: 0.42176195979118347, a mean_energy: 0.6947891283780336 and loss: 0.004896398111325864.
Iter 2313 add a min_energy: 0.42176195979118347, a mean_energy: 0.6878590285778046 and loss: 0.002106337135320167.
Iter 2314 add a min_energy: 0.42176195979118347, a mean_energy: 0.7075888017813364 and loss: 0.0014766924557922149.
Iter 2315 add a min_energy: 0.42176195979118347, a mean_energy: 0.690105177462101 and loss: 0.0032039976767496803.
Iter 2316 add a min_energy: 0.42176195979118347, a mean_energy: 0.695688525835673 and loss: 0.003048029950078581.
Iter 2317 add a min_energy: 0.42176195979118347, a mean_energy: 0.7069711685180664 and loss: 0.0026981702710034815.
Iter 2318 add a min_energy: 0.42176195979118347, a mean_energy: 0.6793858235081037 and loss: 0.0018733274758239485.
Iter 2319 add a min_energy: 0.42176195979118347, a mean_energy: 0.6959124952554703 and loss: 0.0016959774021560183.
Iter 2320 add a min_energy: 0.42176195979118347, a mean_energy: 0.700980165352424 and loss: 0.0028347573437900687.
Iter 2321 add a min_energy: 0.42176195979118347, a mean_energy: 0.6851694124440352 and loss: 0.0017503781668208526.
Iter 2322 add a min_energy: 0.42176195979118347, a mean_energy: 0.7102523719271024 and loss: 0.0007749142917093998.
Iter 2323 add a min_energy: 0.42176195979118347, a mean_energy: 0.6929367817938328 and loss: 0.0012898371953563158.
Iter 2324 add a min_energy: 0.42176195979118347, a mean_energy: 0.7029716670513153 and loss: 0.001030812512997446.
Iter 2325 add a min_energy: 0.42176195979118347, a mean_energy: 0.6902855597436428 and loss: 0.003552153737603629.
Iter 2326 add a min_energy: 0.42176195979118347, a mean_energy: 0.6905000420908133 and loss: 0.0033793598392469707.
Iter 2327 add a min_energy: 0.42176195979118347, a mean_energy: 0.6860848193367323 and loss: 0.003685703239914549.
Iter 2328 add a min_energy: 0.42176195979118347, a mean_energy: 0.6845356871684393 and loss: 0.0014032641162170336.
Iter 2329 add a min_energy: 0.42176195979118347, a mean_energy: 0.6969829003016154 and loss: 0.004283472403003913.
Iter 2330 add a min_energy: 0.42176195979118347, a mean_energy: 0.6942928495506445 and loss: 0.001999238294165061.
Iter 2331 add a min_energy: 0.42176195979118347, a mean_energy: 0.7027522648374239 and loss: 0.001045520184701524.
Iter 2332 add a min_energy: 0.42176195979118347, a mean_energy: 0.7037902648250262 and loss: 0.0035661448760847697.
Iter 2333 add a min_energy: 0.42176195979118347, a mean_energy: 0.6889908704906702 and loss: 0.0019302747710215615.
Iter 2334 add a min_energy: 0.42176195979118347, a mean_energy: 0.7082734244565169 and loss: 0.0017239055785243631.
Iter 2335 add a min_energy: 0.42176195979118347, a mean_energy: 0.6970176299413046 and loss: 0.0031579061006628373.
Iter 2336 add a min_energy: 0.42176195979118347, a mean_energy: 0.6881925289829572 and loss: 0.0004932707470592161.
Iter 2337 add a min_energy: 0.42176195979118347, a mean_energy: 0.7016327641904354 and loss: 0.002595970362298154.
Iter 2338 add a min_energy: 0.42176195979118347, a mean_energy: 0.7079935582975546 and loss: 0.0010322409403698283.
Iter 2339 add a min_energy: 0.42176195979118347, a mean_energy: 0.6881861587365469 and loss: 0.00092605467813901.
Iter 2340 add a min_energy: 0.42176195979118347, a mean_energy: 0.6930901892483234 and loss: 0.0007933637327628239.
Iter 2341 add a min_energy: 0.42176195979118347, a mean_energy: 0.7064326982945204 and loss: 0.001265008669808318.
Iter 2342 add a min_energy: 0.42176195979118347, a mean_energy: 0.683125656719009 and loss: 0.001529908973476074.
Iter 2343 add a min_energy: 0.42176195979118347, a mean_energy: 0.6906811303148667 and loss: 0.0008282056559656077.
Iter 2344 add a min_energy: 0.42176195979118347, a mean_energy: 0.7001811265945435 and loss: 0.0008136183879596743.
Iter 2345 add a min_energy: 0.42176195979118347, a mean_energy: 0.700912327816089 and loss: 0.0006616242548829512.
Iter 2346 add a min_energy: 0.42176195979118347, a mean_energy: 0.6960113979876041 and loss: 0.0023349554598133125.
Iter 2347 add a min_energy: 0.42176195979118347, a mean_energy: 0.6811405271291733 and loss: 0.0004036863638766221.
Iter 2348 add a min_energy: 0.42176195979118347, a mean_energy: 0.687223237628738 and loss: 0.0021908009731881136.
Iter 2349 add a min_energy: 0.42176195979118347, a mean_energy: 0.6963478550314903 and loss: 0.0017834039285583678.
Iter 2350 add a min_energy: 0.42176195979118347, a mean_energy: 0.69974010810256 and loss: 0.001950285758712158.
Iter 2351 add a min_energy: 0.42176195979118347, a mean_energy: 0.7047746423631907 and loss: 0.0004571332206925679.
Iter 2352 add a min_energy: 0.42176195979118347, a mean_energy: 0.7022527977824211 and loss: 0.00037839579017826837.
Iter 2353 add a min_energy: 0.42176195979118347, a mean_energy: 0.684353020042181 and loss: 0.0005042434081439582.
Iter 2354 add a min_energy: 0.42176195979118347, a mean_energy: 0.6935719773173332 and loss: 0.0004335113186872318.
Iter 2355 add a min_energy: 0.42176195979118347, a mean_energy: 0.6871485219647487 and loss: 0.0015373437118300466.
Iter 2356 add a min_energy: 0.42176195979118347, a mean_energy: 0.6993360382815202 and loss: 0.0014493371855115145.
Iter 2357 add a min_energy: 0.42176195979118347, a mean_energy: 0.7039391547441483 and loss: 0.0003720426513371632.
Iter 2358 add a min_energy: 0.42176195979118347, a mean_energy: 0.6882175244390965 and loss: 0.0004935421647857328.
Iter 2359 add a min_energy: 0.42176195979118347, a mean_energy: 0.702691617111365 and loss: 0.0003657028817346538.
Iter 2360 add a min_energy: 0.42176195979118347, a mean_energy: 0.6887683160603046 and loss: 0.0012936531030512883.
Iter 2361 add a min_energy: 0.42176195979118347, a mean_energy: 0.69633998721838 and loss: 0.0011119232011666733.
Iter 2362 add a min_energy: 0.42176195979118347, a mean_energy: 0.7005230660239855 and loss: 0.001246853174833814.
Iter 2363 add a min_energy: 0.42176195979118347, a mean_energy: 0.6960122771561146 and loss: 0.00040683568096201847.
Iter 2364 add a min_energy: 0.42176195979118347, a mean_energy: 0.6809079013764858 and loss: 0.00034559747439337973.
Iter 2365 add a min_energy: 0.42176195979118347, a mean_energy: 0.6923965209474167 and loss: 0.0009145480071701654.
Iter 2366 add a min_energy: 0.42176195979118347, a mean_energy: 0.7032457167903582 and loss: 0.0009756133435872018.
Iter 2367 add a min_energy: 0.42176195979118347, a mean_energy: 0.6879908517003059 and loss: 0.0008082835111740175.
Iter 2368 add a min_energy: 0.42176195979118347, a mean_energy: 0.7000794572134813 and loss: 0.0008215295375561557.
Iter 2369 add a min_energy: 0.42176195979118347, a mean_energy: 0.6979492579897245 and loss: 0.0006079281241195871.
Iter 2370 add a min_energy: 0.42176195979118347, a mean_energy: 0.6981179540356001 and loss: 0.000920938026160482.
Iter 2371 add a min_energy: 0.42176195979118347, a mean_energy: 0.699504970262448 and loss: 0.0009368501269079002.
Iter 2372 add a min_energy: 0.42176195979118347, a mean_energy: 0.6877670946220557 and loss: 0.002173064039108709.
Iter 2373 add a min_energy: 0.42176195979118347, a mean_energy: 0.7063827390472094 and loss: 0.002672518393853093.
Iter 2374 add a min_energy: 0.42176195979118347, a mean_energy: 0.6971301920711994 and loss: 0.0029447809780580115.
Iter 2375 add a min_energy: 0.42176195979118347, a mean_energy: 0.6912886872887611 and loss: 0.0029144246141262074.
Iter 2376 add a min_energy: 0.42176195979118347, a mean_energy: 0.698484738667806 and loss: 0.002927709050709205.
Iter 2377 add a min_energy: 0.42176195979118347, a mean_energy: 0.6892009731382132 and loss: 0.0024135301514281115.
Iter 2378 add a min_energy: 0.42176195979118347, a mean_energy: 0.6873625653485457 and loss: 0.002161967844504821.
Iter 2379 add a min_energy: 0.42176195979118347, a mean_energy: 0.6936329677700996 and loss: 0.0016078695806327281.
Iter 2380 add a min_energy: 0.42176195979118347, a mean_energy: 0.7029211297631264 and loss: 0.0019771436342845873.
Iter 2381 add a min_energy: 0.42176195979118347, a mean_energy: 0.7036895640194416 and loss: 0.001542060855490949.
Iter 2382 add a min_energy: 0.42176195979118347, a mean_energy: 0.7019127309322357 and loss: 0.002317989108977387.
Iter 2383 add a min_energy: 0.42176195979118347, a mean_energy: 0.6927899854878584 and loss: 0.002347276853017709.
Iter 2384 add a min_energy: 0.42176195979118347, a mean_energy: 0.7096542418003082 and loss: 0.002622180107535917.
Iter 2385 add a min_energy: 0.42176195979118347, a mean_energy: 0.6998559286197027 and loss: 0.0011483485335755193.
Iter 2386 add a min_energy: 0.42176195979118347, a mean_energy: 0.6906804405152798 and loss: 0.0006220790320670787.
Iter 2387 add a min_energy: 0.42176195979118347, a mean_energy: 0.7024361925820509 and loss: 0.0009512716556794325.
Iter 2388 add a min_energy: 0.42176195979118347, a mean_energy: 0.7080626860260963 and loss: 0.0014270756229558443.
Iter 2389 add a min_energy: 0.42176195979118347, a mean_energy: 0.6973052434623241 and loss: 0.001517734272056966.
Iter 2390 add a min_energy: 0.42176195979118347, a mean_energy: 0.6824267817040285 and loss: 0.0005522362855103031.
Iter 2391 add a min_energy: 0.42176195979118347, a mean_energy: 0.6949882234136263 and loss: 0.0016860200813909054.
Iter 2392 add a min_energy: 0.42176195979118347, a mean_energy: 0.6921206091841062 and loss: 0.0013714212674496684.
Iter 2393 add a min_energy: 0.42176195979118347, a mean_energy: 0.6963058722515901 and loss: 0.0013407341635593409.
Iter 2394 add a min_energy: 0.42176195979118347, a mean_energy: 0.6874061419318119 and loss: 0.0011662252548565062.
Iter 2395 add a min_energy: 0.42176195979118347, a mean_energy: 0.698170722151796 and loss: 0.001685906888948037.
Iter 2396 add a min_energy: 0.42176195979118347, a mean_energy: 0.7058467703560988 and loss: 0.0012163436252226759.
Iter 2397 add a min_energy: 0.42176195979118347, a mean_energy: 0.693364060173432 and loss: 0.0011966030590292308.
Iter 2398 add a min_energy: 0.42176195979118347, a mean_energy: 0.700798557450374 and loss: 0.00035325887583188956.
Iter 2399 add a min_energy: 0.42176195979118347, a mean_energy: 0.7128272205591202 and loss: 0.00016990972616062871.
Iter 2400 add a min_energy: 0.42176195979118347, a mean_energy: 0.7051754333078861 and loss: 0.00016033160462499373.
Iter 2401 add a min_energy: 0.42176195979118347, a mean_energy: 0.6924324662735065 and loss: 0.00019423110672246502.
Iter 2402 add a min_energy: 0.42176195979118347, a mean_energy: 0.691374541570743 and loss: 0.0004882295066984848.
Iter 2403 add a min_energy: 0.42176195979118347, a mean_energy: 0.7144303458432356 and loss: 0.000993259024091309.
Iter 2404 add a min_energy: 0.42176195979118347, a mean_energy: 0.6974561723570029 and loss: 0.0009561256629187216.
Iter 2405 add a min_energy: 0.42176195979118347, a mean_energy: 0.7046369363864263 and loss: 0.0009899323685169372.
Iter 2406 add a min_energy: 0.42176195979118347, a mean_energy: 0.7076288734873136 and loss: 0.0006113960558735833.
Iter 2407 add a min_energy: 0.42176195979118347, a mean_energy: 0.6905879999200503 and loss: 0.0005452538481181096.
Iter 2408 add a min_energy: 0.42176195979118347, a mean_energy: 0.7038765593121449 and loss: 0.0004160312166718586.
Iter 2409 add a min_energy: 0.42176195979118347, a mean_energy: 0.6968897121647993 and loss: 0.000524081617578807.
Iter 2410 add a min_energy: 0.42176195979118347, a mean_energy: 0.6941199054320654 and loss: 0.0005834010923716367.
Iter 2411 add a min_energy: 0.42176195979118347, a mean_energy: 0.703215878456831 and loss: 0.00017237148683213666.
Iter 2412 add a min_energy: 0.42176195979118347, a mean_energy: 0.6965400936702887 and loss: 0.0016608330179688617.
Iter 2413 add a min_energy: 0.42176195979118347, a mean_energy: 0.7034408139685789 and loss: 0.0011967988267807914.
Iter 2414 add a min_energy: 0.42176195979118347, a mean_energy: 0.6948517014582952 and loss: 0.0019009705805361915.
Iter 2415 add a min_energy: 0.42176195979118347, a mean_energy: 0.6863603511204323 and loss: 0.0017303537050845702.
Iter 2416 add a min_energy: 0.42176195979118347, a mean_energy: 0.6890254157284895 and loss: 0.00061035446883711.
Iter 2417 add a min_energy: 0.42176195979118347, a mean_energy: 0.7068623912831148 and loss: 0.0013841988926859968.
Iter 2418 add a min_energy: 0.42176195979118347, a mean_energy: 0.6964965661366781 and loss: 0.000640250117757585.
Iter 2419 add a min_energy: 0.42176195979118347, a mean_energy: 0.7002410292625427 and loss: 0.0013111526507122776.
Iter 2420 add a min_energy: 0.42176195979118347, a mean_energy: 0.6948543476561705 and loss: 0.00033413908113517964.
Iter 2421 add a min_energy: 0.42176195979118347, a mean_energy: 0.6947815505166849 and loss: 0.00031623041088066627.
Iter 2422 add a min_energy: 0.42176195979118347, a mean_energy: 0.6989280804991722 and loss: 0.0012870063810981338.
Iter 2423 add a min_energy: 0.42176195979118347, a mean_energy: 0.7016530434290568 and loss: 0.0016653727091590887.
Iter 2424 add a min_energy: 0.42176195979118347, a mean_energy: 0.6996484423677126 and loss: 0.0009432707051797357.
Iter 2425 add a min_energy: 0.42176195979118347, a mean_energy: 0.7068513582150141 and loss: 0.0017750512790054114.
Iter 2426 add a min_energy: 0.42176195979118347, a mean_energy: 0.677955207725366 and loss: 0.0010858449178162122.
Iter 2427 add a min_energy: 0.42176195979118347, a mean_energy: 0.697092417627573 and loss: 0.00012616982556783396.
Iter 2428 add a min_energy: 0.42176195979118347, a mean_energy: 0.7000741716474295 and loss: 0.0016928664572464786.
Iter 2429 add a min_energy: 0.42176195979118347, a mean_energy: 0.698922872543335 and loss: 0.0016326774396289096.
Iter 2430 add a min_energy: 0.42176195979118347, a mean_energy: 0.69253358989954 and loss: 0.0009243701772882484.
Iter 2431 add a min_energy: 0.42176195979118347, a mean_energy: 0.687834149847428 and loss: 6.986613472181053e-05.
Iter 2432 add a min_energy: 0.42176195979118347, a mean_energy: 0.6783544657131036 and loss: 0.00047329414765532603.
Iter 2433 add a min_energy: 0.42176195979118347, a mean_energy: 0.7017053862412771 and loss: 0.0008246151728833061.
Iter 2434 add a min_energy: 0.42176195979118347, a mean_energy: 0.6986675144483646 and loss: 0.0008133543929815831.
Iter 2435 add a min_energy: 0.42176195979118347, a mean_energy: 0.6993962116539478 and loss: 0.00032492382037276643.
Iter 2436 add a min_energy: 0.42176195979118347, a mean_energy: 0.682880642513434 and loss: 0.0014016246980743186.
Iter 2437 add a min_energy: 0.42176195979118347, a mean_energy: 0.7044012832144896 and loss: 0.0006740160383876596.
Iter 2438 add a min_energy: 0.42176195979118347, a mean_energy: 0.6904517958561579 and loss: 0.000741899596455606.
Iter 2439 add a min_energy: 0.42176195979118347, a mean_energy: 0.6993296140184005 and loss: 0.0007349225403361898.
Iter 2440 add a min_energy: 0.42176195979118347, a mean_energy: 0.6876739971339703 and loss: 0.00010870702351090667.
Iter 2441 add a min_energy: 0.42176195979118347, a mean_energy: 0.6912450635184845 and loss: 0.0003366799051754568.
Iter 2442 add a min_energy: 0.42176195979118347, a mean_energy: 0.7033554278314114 and loss: 0.0007697882163088379.
Iter 2443 add a min_energy: 0.42176195979118347, a mean_energy: 0.7035829052329063 and loss: 0.0011564886565034209.
Iter 2444 add a min_energy: 0.42176195979118347, a mean_energy: 0.7006691874315342 and loss: 0.0007710780017558152.
Iter 2445 add a min_energy: 0.42176195979118347, a mean_energy: 0.6893770607809225 and loss: 0.0008263691284192231.
Iter 2446 add a min_energy: 0.42176195979118347, a mean_energy: 0.6997527616719404 and loss: 0.0005616111368479592.
Iter 2447 add a min_energy: 0.42176195979118347, a mean_energy: 0.6864791127542654 and loss: 0.000866877831909102.
Iter 2448 add a min_energy: 0.42176195979118347, a mean_energy: 0.7054186730335156 and loss: 0.00043509302072244677.
Iter 2449 add a min_energy: 0.42176195979118347, a mean_energy: 0.6983144941429297 and loss: 0.00025644602110134416.
Iter 2450 add a min_energy: 0.42176195979118347, a mean_energy: 0.6913735245664915 and loss: 0.00017329856334732368.
Iter 2451 add a min_energy: 0.42176195979118347, a mean_energy: 0.6883414002756277 and loss: 0.0004788492313413003.
Iter 2452 add a min_energy: 0.42176195979118347, a mean_energy: 0.7091902581353983 and loss: 0.00020860613211904705.
Iter 2453 add a min_energy: 0.42176195979118347, a mean_energy: 0.7031109742820263 and loss: 0.00032577848043563944.
Iter 2454 add a min_energy: 0.42176195979118347, a mean_energy: 0.7003469367822012 and loss: 0.00035202975038801335.
Iter 2455 add a min_energy: 0.42176195979118347, a mean_energy: 0.7082557268440723 and loss: 0.0012962163149429563.
Iter 2456 add a min_energy: 0.42176195979118347, a mean_energy: 0.6835453833142916 and loss: 0.0003946255180661791.
Iter 2457 add a min_energy: 0.42176195979118347, a mean_energy: 0.704049232105414 and loss: 0.0009334002967018043.
Iter 2458 add a min_energy: 0.42176195979118347, a mean_energy: 0.6973264118035635 and loss: 0.001074494725315897.
Iter 2459 add a min_energy: 0.42176195979118347, a mean_energy: 0.6787225678563118 and loss: 0.0002013851805537423.
Iter 2460 add a min_energy: 0.42176195979118347, a mean_energy: 0.6811860799789429 and loss: 0.0002227947638821904.
Iter 2461 add a min_energy: 0.42176195979118347, a mean_energy: 0.6952044479548931 and loss: 0.00018075679223495886.
Iter 2462 add a min_energy: 0.42176195979118347, a mean_energy: 0.7056776384512583 and loss: 9.210758899010147e-05.
Iter 2463 add a min_energy: 0.42176195979118347, a mean_energy: 0.6952510103583336 and loss: 0.0001874987610547868.
Iter 2464 add a min_energy: 0.42176195979118347, a mean_energy: 0.6991382117072741 and loss: 0.00012449035298148033.
Iter 2465 add a min_energy: 0.42176195979118347, a mean_energy: 0.6747369455794493 and loss: 0.000316921673356161.
Iter 2466 add a min_energy: 0.42176195979118347, a mean_energy: 0.6949471986542145 and loss: 0.0002841868871016328.
Iter 2467 add a min_energy: 0.42176195979118347, a mean_energy: 0.702944686015447 and loss: 6.667269497791819e-05.
Iter 2468 add a min_energy: 0.42176195979118347, a mean_energy: 0.6999566157658895 and loss: 0.00020250199496675854.
Iter 2469 add a min_energy: 0.42176195979118347, a mean_energy: 0.695831095178922 and loss: 0.0004304582163374442.
Iter 2470 add a min_energy: 0.42176195979118347, a mean_energy: 0.7048006455103556 and loss: 0.0004942532851373701.
Iter 2471 add a min_energy: 0.42176195979118347, a mean_energy: 0.6897788817683855 and loss: 0.0005571301560606529.
Iter 2472 add a min_energy: 0.42176195979118347, a mean_energy: 0.6888313243786494 and loss: 0.0007062896603248811.
Iter 2473 add a min_energy: 0.42176195979118347, a mean_energy: 0.6916249667604765 and loss: 0.002606258381084064.
Iter 2474 add a min_energy: 0.42176195979118347, a mean_energy: 0.7028380272289118 and loss: 0.0004109838674510975.
Iter 2475 add a min_energy: 0.42176195979118347, a mean_energy: 0.6986688040196896 and loss: 0.0005855956303641061.
Iter 2476 add a min_energy: 0.42176195979118347, a mean_energy: 0.699076614032189 and loss: 0.00024301077038174352.
Iter 2477 add a min_energy: 0.42176195979118347, a mean_energy: 0.6777471347401539 and loss: 0.0004902116561152325.
Iter 2478 add a min_energy: 0.42176195979118347, a mean_energy: 0.6944192200899124 and loss: 0.00223953593955437.
Iter 2479 add a min_energy: 0.42176195979118347, a mean_energy: 0.6995793630679449 and loss: 0.0022197204598273174.
Iter 2480 add a min_energy: 0.42176195979118347, a mean_energy: 0.6992719421784083 and loss: 0.0022384859534279977.
Iter 2481 add a min_energy: 0.42176195979118347, a mean_energy: 0.6982984070976576 and loss: 0.002393255807086842.
Iter 2482 add a min_energy: 0.42176195979118347, a mean_energy: 0.7007114378114542 and loss: 0.00013810622339788264.
Iter 2483 add a min_energy: 0.42176195979118347, a mean_energy: 0.69894236450394 and loss: 0.00015913745966293226.
Iter 2484 add a min_energy: 0.42176195979118347, a mean_energy: 0.6978639562924703 and loss: 0.00014033385724954934.
Iter 2485 add a min_energy: 0.42176195979118347, a mean_energy: 0.6920026006797949 and loss: 0.0005261976892969833.
Iter 2486 add a min_energy: 0.42176195979118347, a mean_energy: 0.7007148315509161 and loss: 0.0027723098954876113.
Iter 2487 add a min_energy: 0.42176195979118347, a mean_energy: 0.7127652702232202 and loss: 0.001611445851590445.
Iter 2488 add a min_energy: 0.42176195979118347, a mean_energy: 0.7059558257460594 and loss: 0.0015947103136934463.
Iter 2489 add a min_energy: 0.42176195979118347, a mean_energy: 0.7075890377163887 and loss: 0.0021693413220888994.
Iter 2490 add a min_energy: 0.42176195979118347, a mean_energy: 0.7019446517030398 and loss: 0.0022427706346266956.
Iter 2491 add a min_energy: 0.42176195979118347, a mean_energy: 0.7030929625034332 and loss: 0.0025274842983715896.
Iter 2492 add a min_energy: 0.42176195979118347, a mean_energy: 0.6780922984083494 and loss: 0.0012150797697609691.
Iter 2493 add a min_energy: 0.42176195979118347, a mean_energy: 0.6779184900224209 and loss: 0.00019349066085425854.
Iter 2494 add a min_energy: 0.42176195979118347, a mean_energy: 0.7087067340811094 and loss: 0.0003653805066676644.
Iter 2495 add a min_energy: 0.42176195979118347, a mean_energy: 0.6947619281709194 and loss: 0.00020821021690330577.
Iter 2496 add a min_energy: 0.42176195979118347, a mean_energy: 0.6856300011277199 and loss: 0.0001351046988595432.
Iter 2497 add a min_energy: 0.42176195979118347, a mean_energy: 0.6786139893035094 and loss: 0.00026623030703213605.
Iter 2498 add a min_energy: 0.42176195979118347, a mean_energy: 0.6901857939859232 and loss: 0.0005518972808980823.
Iter 2499 add a min_energy: 0.42176195979118347, a mean_energy: 0.7042841377357641 and loss: 0.00016033663627445857.
Iter 2500 add a min_energy: 0.42176195979118347, a mean_energy: 0.6871495445569357 and loss: 0.002011052522789383.
Iter 2501 add a min_energy: 0.42176195979118347, a mean_energy: 0.6858094297349453 and loss: 0.0021629241874941076.
Iter 2502 add a min_energy: 0.42176195979118347, a mean_energy: 0.6929080511132876 and loss: 0.0022913674775441478.
Iter 2503 add a min_energy: 0.42176195979118347, a mean_energy: 0.6954838695625464 and loss: 0.0023733452676212223.
Iter 2504 add a min_energy: 0.42176195979118347, a mean_energy: 0.7095093068977197 and loss: 0.00186340494447241.
Iter 2505 add a min_energy: 0.42176195979118347, a mean_energy: 0.6883028373122215 and loss: 0.0019348534789037377.
Iter 2506 add a min_energy: 0.42176195979118347, a mean_energy: 0.6886444911360741 and loss: 0.0009388246247027655.
Iter 2507 add a min_energy: 0.42176195979118347, a mean_energy: 0.682510269805789 and loss: 0.0023569734571476115.
Iter 2508 add a min_energy: 0.42176195979118347, a mean_energy: 0.6962662450969219 and loss: 0.004011439391844734.
Iter 2509 add a min_energy: 0.42176195979118347, a mean_energy: 0.6961642255385717 and loss: 0.0021251074652945587.
Iter 2510 add a min_energy: 0.42176195979118347, a mean_energy: 0.7005022019147873 and loss: 0.0018925614678473091.
Iter 2511 add a min_energy: 0.42176195979118347, a mean_energy: 0.7041328437626362 and loss: 0.0026026795850231134.
Iter 2512 add a min_energy: 0.42176195979118347, a mean_energy: 0.6994519705573717 and loss: 0.0022260722283037504.
Iter 2513 add a min_energy: 0.42176195979118347, a mean_energy: 0.6909954473376274 and loss: 0.001175616864752183.
Iter 2514 add a min_energy: 0.42176195979118347, a mean_energy: 0.7000855629642805 and loss: 0.0020125751548524993.
Iter 2515 add a min_energy: 0.42176195979118347, a mean_energy: 0.7035092711448669 and loss: 0.0005582468717002628.
Iter 2516 add a min_energy: 0.42176195979118347, a mean_energy: 0.6990942737708489 and loss: 0.0005060721442771025.
Iter 2517 add a min_energy: 0.42176195979118347, a mean_energy: 0.7057032026350498 and loss: 0.0005119869013654653.
Iter 2518 add a min_energy: 0.42176195979118347, a mean_energy: 0.6989697640140852 and loss: 0.000533306698866814.
Iter 2519 add a min_energy: 0.42176195979118347, a mean_energy: 0.7015695683658123 and loss: 0.0006540662603342789.
Iter 2520 add a min_energy: 0.42176195979118347, a mean_energy: 0.6992411663134893 and loss: 0.0005756317833700951.
Iter 2521 add a min_energy: 0.42176195979118347, a mean_energy: 0.6862351273496946 and loss: 0.00042545469450814514.
Iter 2522 add a min_energy: 0.42176195979118347, a mean_energy: 0.7046009600162506 and loss: 0.0005162784575983359.
Iter 2523 add a min_energy: 0.42176195979118347, a mean_energy: 0.687431858231624 and loss: 0.0004917600279444649.
Iter 2524 add a min_energy: 0.42176195979118347, a mean_energy: 0.7030987640221914 and loss: 0.0006054809476309981.
Iter 2525 add a min_energy: 0.42176195979118347, a mean_energy: 0.7003388702869415 and loss: 0.0012270186615858491.
Iter 2526 add a min_energy: 0.42176195979118347, a mean_energy: 0.6987494093676409 and loss: 0.0010671488962400693.
Iter 2527 add a min_energy: 0.42176195979118347, a mean_energy: 0.6980797611176968 and loss: 0.0021721857413972505.
Iter 2528 add a min_energy: 0.42176195979118347, a mean_energy: 0.703586662809054 and loss: 0.0008123610149871356.
Iter 2529 add a min_energy: 0.42176195979118347, a mean_energy: 0.698856707662344 and loss: 0.0008901624221402608.
Iter 2530 add a min_energy: 0.42176195979118347, a mean_energy: 0.709043358763059 and loss: 0.00122918811028288.
Iter 2531 add a min_energy: 0.42176195979118347, a mean_energy: 0.6974878745774428 and loss: 0.0011563171759730677.
Iter 2532 add a min_energy: 0.42176195979118347, a mean_energy: 0.6922357057531675 and loss: 0.0008578757300902219.
Iter 2533 add a min_energy: 0.42176195979118347, a mean_energy: 0.6893610345820586 and loss: 0.00036443425159045465.
Iter 2534 add a min_energy: 0.42176195979118347, a mean_energy: 0.6959392130374908 and loss: 0.00044958527748453666.
Iter 2535 add a min_energy: 0.42176195979118347, a mean_energy: 0.6905950543781122 and loss: 0.0005316803773468262.
Iter 2536 add a min_energy: 0.42176195979118347, a mean_energy: 0.7019902678827444 and loss: 0.0005233030449441042.
Iter 2537 add a min_energy: 0.42176195979118347, a mean_energy: 0.6994326015313467 and loss: 0.0012074035202436905.
Iter 2538 add a min_energy: 0.42176195979118347, a mean_energy: 0.6913261252144972 and loss: 0.0010172899594467946.
Iter 2539 add a min_energy: 0.42176195979118347, a mean_energy: 0.6892683108647665 and loss: 0.0001885908927884933.
Iter 2540 add a min_energy: 0.42176195979118347, a mean_energy: 0.6854679360985756 and loss: 0.0001879928378353883.
Iter 2541 add a min_energy: 0.42176195979118347, a mean_energy: 0.6922590211033821 and loss: 0.0024349445925928976.
Iter 2542 add a min_energy: 0.42176195979118347, a mean_energy: 0.6764568624397119 and loss: 0.0011089873678756467.
Iter 2543 add a min_energy: 0.42176195979118347, a mean_energy: 0.7040354957183202 and loss: 0.0024252498999773257.
Iter 2544 add a min_energy: 0.42176195979118347, a mean_energy: 0.6881901727368435 and loss: 0.001248196409718781.
Iter 2545 add a min_energy: 0.42176195979118347, a mean_energy: 0.6867374877134959 and loss: 0.0006821722004742125.
Iter 2546 add a min_energy: 0.42176195979118347, a mean_energy: 0.7003517945607504 and loss: 0.003855216459035132.
Iter 2547 add a min_energy: 0.42176195979118347, a mean_energy: 0.6972742180029551 and loss: 0.003953305508619599.
Iter 2548 add a min_energy: 0.42176195979118347, a mean_energy: 0.7089883498847485 and loss: 0.0006975492073408318.
Iter 2549 add a min_energy: 0.42176195979118347, a mean_energy: 0.7095233003298441 and loss: 0.0005701618710890491.
Iter 2550 add a min_energy: 0.42176195979118347, a mean_energy: 0.691506406913201 and loss: 0.0006850456595665443.
Iter 2551 add a min_energy: 0.42176195979118347, a mean_energy: 0.6973964360853037 and loss: 0.004375610663239488.
Iter 2552 add a min_energy: 0.42176195979118347, a mean_energy: 0.7078603568176428 and loss: 0.005060535258429234.
Iter 2553 add a min_energy: 0.42176195979118347, a mean_energy: 0.6871738607684771 and loss: 0.004418409351543035.
Iter 2554 add a min_energy: 0.42176195979118347, a mean_energy: 0.7007642971972624 and loss: 0.004315662747378271.
Iter 2555 add a min_energy: 0.42176195979118347, a mean_energy: 0.6886307982107004 and loss: 0.0006753748315105807.
Iter 2556 add a min_energy: 0.42176195979118347, a mean_energy: 0.6948847758273283 and loss: 0.0006438247379271489.
Iter 2557 add a min_energy: 0.42176195979118347, a mean_energy: 0.6768925301730633 and loss: 0.0011337521119718758.
Iter 2558 add a min_energy: 0.42176195979118347, a mean_energy: 0.6951160045961539 and loss: 0.0011337165595761392.
Iter 2559 add a min_energy: 0.42176195979118347, a mean_energy: 0.6928715004275242 and loss: 0.0013483449843386158.
Iter 2560 add a min_energy: 0.42176195979118347, a mean_energy: 0.6820190375049909 and loss: 0.0015804752049376786.
Iter 2561 add a min_energy: 0.42176195979118347, a mean_energy: 0.6953152492642403 and loss: 0.0017565244146576836.
Iter 2562 add a min_energy: 0.42176195979118347, a mean_energy: 0.6981287064651648 and loss: 0.0014288588190043507.
Iter 2563 add a min_energy: 0.42176195979118347, a mean_energy: 0.6983225271105766 and loss: 0.0013708624035140033.
Iter 2564 add a min_energy: 0.42176195979118347, a mean_energy: 0.7097132094204426 and loss: 0.0009198569062587493.
Iter 2565 add a min_energy: 0.42176195979118347, a mean_energy: 0.6974967972685894 and loss: 0.0006757864404518144.
Iter 2566 add a min_energy: 0.42176195979118347, a mean_energy: 0.7015452322860559 and loss: 0.0008336910451757356.
Iter 2567 add a min_energy: 0.42176195979118347, a mean_energy: 0.7008252367377281 and loss: 0.0008835721224789233.
Iter 2568 add a min_energy: 0.42176195979118347, a mean_energy: 0.7078483601411184 and loss: 0.0011665190490557655.
Iter 2569 add a min_energy: 0.42176195979118347, a mean_energy: 0.6918492255111536 and loss: 0.0007040279347634659.
Iter 2570 add a min_energy: 0.42176195979118347, a mean_energy: 0.7032602652907372 and loss: 0.0009148453545195106.
Iter 2571 add a min_energy: 0.42176195979118347, a mean_energy: 0.6928446839253107 and loss: 0.0010623670150632693.
Iter 2572 add a min_energy: 0.42176195979118347, a mean_energy: 0.7005824111402035 and loss: 0.0008059330514614138.
Iter 2573 add a min_energy: 0.42176195979118347, a mean_energy: 0.692238754282395 and loss: 0.0008429982606107735.
Iter 2574 add a min_energy: 0.42176195979118347, a mean_energy: 0.6976743036260208 and loss: 0.0006009019201335547.
Iter 2575 add a min_energy: 0.42176195979118347, a mean_energy: 0.6936051386098067 and loss: 0.0005122563211825082.
Iter 2576 add a min_energy: 0.42176195979118347, a mean_energy: 0.7037885176638762 and loss: 0.0005415299941315129.
Iter 2577 add a min_energy: 0.42176195979118347, a mean_energy: 0.6983393654227257 and loss: 0.00046379646804299747.
Iter 2578 add a min_energy: 0.42176195979118347, a mean_energy: 0.6970277031262716 and loss: 0.000269171080517382.
Iter 2579 add a min_energy: 0.42176195979118347, a mean_energy: 0.6942026341954867 and loss: 0.00038773587453240347.
Iter 2580 add a min_energy: 0.42176195979118347, a mean_energy: 0.7006528613468012 and loss: 0.002373668648687765.
Iter 2581 add a min_energy: 0.42176195979118347, a mean_energy: 0.6902552706499895 and loss: 0.0029868987675276126.
Iter 2582 add a min_energy: 0.42176195979118347, a mean_energy: 0.6969137738148371 and loss: 0.0025268179755327303.
Iter 2583 add a min_energy: 0.42176195979118347, a mean_energy: 0.7088696720699469 and loss: 0.0022793265718911867.
Iter 2584 add a min_energy: 0.42176195979118347, a mean_energy: 0.6978834085166454 and loss: 0.0022200327270669473.
Iter 2585 add a min_energy: 0.42176195979118347, a mean_energy: 0.7092755697667599 and loss: 0.004921234135961323.
Iter 2586 add a min_energy: 0.42176195979118347, a mean_energy: 0.6929725936303536 and loss: 0.004718568185269679.
Iter 2587 add a min_energy: 0.42176195979118347, a mean_energy: 0.6991294138133526 and loss: 0.004739028952371638.
Iter 2588 add a min_energy: 0.42176195979118347, a mean_energy: 0.6942241378128529 and loss: 0.004595897193186054.
Iter 2589 add a min_energy: 0.42176195979118347, a mean_energy: 0.6889989096671343 and loss: 0.004702806193585131.
Iter 2590 add a min_energy: 0.42176195979118347, a mean_energy: 0.6970256219307581 and loss: 0.00205116337334705.
Iter 2591 add a min_energy: 0.42176195979118347, a mean_energy: 0.6821742622802655 and loss: 0.004989634298286891.
Iter 2592 add a min_energy: 0.42176195979118347, a mean_energy: 0.6834010525296131 and loss: 0.003442307258783082.
Iter 2593 add a min_energy: 0.42176195979118347, a mean_energy: 0.7091183016697565 and loss: 0.004935174449105325.
Iter 2594 add a min_energy: 0.42176195979118347, a mean_energy: 0.6938128632803758 and loss: 0.004448241477029587.
Iter 2595 add a min_energy: 0.42176195979118347, a mean_energy: 0.7007480263710022 and loss: 0.0040976944700343906.
Iter 2596 add a min_energy: 0.42176195979118347, a mean_energy: 0.6982905430098375 and loss: 0.003781118894634775.
Iter 2597 add a min_energy: 0.42176195979118347, a mean_energy: 0.6905970113972822 and loss: 0.0019859054264715213.
Iter 2598 add a min_energy: 0.42176195979118347, a mean_energy: 0.7095248401165009 and loss: 0.0014338361161995575.
Iter 2599 add a min_energy: 0.42176195979118347, a mean_energy: 0.6888698078691959 and loss: 0.003285604756163696.
Iter 2600 add a min_energy: 0.42176195979118347, a mean_energy: 0.7039130205909411 and loss: 0.0016505120865372928.
Iter 2601 add a min_energy: 0.42176195979118347, a mean_energy: 0.7034368105232716 and loss: 0.0017281976212235514.
Iter 2602 add a min_energy: 0.42176195979118347, a mean_energy: 0.6993820431331793 and loss: 0.0018942128133733326.
Iter 2603 add a min_energy: 0.42176195979118347, a mean_energy: 0.6932841651141644 and loss: 0.003921542780373105.
Iter 2604 add a min_energy: 0.42176195979118347, a mean_energy: 0.6958527204891046 and loss: 0.002263038295446493.
Iter 2605 add a min_energy: 0.42176195979118347, a mean_energy: 0.6966013014316559 and loss: 0.002481772673136951.
Iter 2606 add a min_energy: 0.42176195979118347, a mean_energy: 0.7027676093081633 and loss: 0.004018282446844066.
Iter 2607 add a min_energy: 0.42176195979118347, a mean_energy: 0.689658402154843 and loss: 0.00317160602008941.
Iter 2608 add a min_energy: 0.42176195979118347, a mean_energy: 0.6820842598875364 and loss: 0.0014048211820392024.
Iter 2609 add a min_energy: 0.42176195979118347, a mean_energy: 0.6974271150926749 and loss: 0.0015485036771533411.
Iter 2610 add a min_energy: 0.42176195979118347, a mean_energy: 0.7004033674796423 and loss: 0.0014431799969511368.
Iter 2611 add a min_energy: 0.42176195979118347, a mean_energy: 0.6928274296224117 and loss: 0.0013389272063370364.
Iter 2612 add a min_energy: 0.42176195979118347, a mean_energy: 0.689438675219814 and loss: 0.001045841873220042.
Iter 2613 add a min_energy: 0.42176195979118347, a mean_energy: 0.6900687577823797 and loss: 0.0011221895265161506.
Iter 2614 add a min_energy: 0.42176195979118347, a mean_energy: 0.6969441659748554 and loss: 0.0009093192667902351.
Iter 2615 add a min_energy: 0.42176195979118347, a mean_energy: 0.7002858743071556 and loss: 0.0008010578996846461.
Iter 2616 add a min_energy: 0.42176195979118347, a mean_energy: 0.6966238828996817 and loss: 0.0007429413654131981.
Iter 2617 add a min_energy: 0.42176195979118347, a mean_energy: 0.7014671998719374 and loss: 0.0020253392232838386.
Iter 2618 add a min_energy: 0.42176195979118347, a mean_energy: 0.7068400407830874 and loss: 0.0018750003024232901.
Iter 2619 add a min_energy: 0.42176195979118347, a mean_energy: 0.7067821323871613 and loss: 0.0006087429763535924.
Iter 2620 add a min_energy: 0.42176195979118347, a mean_energy: 0.7036389087637266 and loss: 0.0007303120200351285.
Iter 2621 add a min_energy: 0.42176195979118347, a mean_energy: 0.6944066286087036 and loss: 0.0008237582660942544.
Iter 2622 add a min_energy: 0.42176195979118347, a mean_energy: 0.699797143538793 and loss: 0.0008333746158662059.
Iter 2623 add a min_energy: 0.42176195979118347, a mean_energy: 0.7000717769066492 and loss: 0.0008596088123238497.
Iter 2624 add a min_energy: 0.42176195979118347, a mean_energy: 0.6931677826990684 and loss: 0.00046827490269375695.
Iter 2625 add a min_energy: 0.42176195979118347, a mean_energy: 0.6920594063897928 and loss: 0.0003079071435913969.
Iter 2626 add a min_energy: 0.42176195979118347, a mean_energy: 0.702457514901956 and loss: 0.0003272148845445721.
Iter 2627 add a min_energy: 0.42176195979118347, a mean_energy: 0.6782387730975946 and loss: 0.001376392112140908.
Iter 2628 add a min_energy: 0.42176195979118347, a mean_energy: 0.7042558913429579 and loss: 0.00042026006597620165.
Iter 2629 add a min_energy: 0.42176195979118347, a mean_energy: 0.6979879047721624 and loss: 0.00022562596169506012.
Iter 2630 add a min_energy: 0.42176195979118347, a mean_energy: 0.7171110274891058 and loss: 0.0008520676502183379.
Iter 2631 add a min_energy: 0.42176195979118347, a mean_energy: 0.7025300413370132 and loss: 0.0011284957327214165.
Iter 2632 add a min_energy: 0.42176195979118347, a mean_energy: 0.6970411141713461 and loss: 0.0007486988922465659.
Iter 2633 add a min_energy: 0.42176195979118347, a mean_energy: 0.6867072458068529 and loss: 0.00018059081571734825.
Iter 2634 add a min_energy: 0.42176195979118347, a mean_energy: 0.6954180337488651 and loss: 0.00021552968665452296.
Iter 2635 add a min_energy: 0.42176195979118347, a mean_energy: 0.7118447981774807 and loss: 0.0008780626720983407.
Iter 2636 add a min_energy: 0.42176195979118347, a mean_energy: 0.6956100997825464 and loss: 0.0005732186887085829.
Iter 2637 add a min_energy: 0.42176195979118347, a mean_energy: 0.6873645633459091 and loss: 0.0001033943082500829.
Iter 2638 add a min_energy: 0.42176195979118347, a mean_energy: 0.7046168620387713 and loss: 0.0006864973273585912.
Iter 2639 add a min_energy: 0.42176195979118347, a mean_energy: 0.7035755986968676 and loss: 0.0008153651614842429.
Iter 2640 add a min_energy: 0.42176195979118347, a mean_energy: 0.7041693739593029 and loss: 0.00107021036806407.
Iter 2641 add a min_energy: 0.42176195979118347, a mean_energy: 0.6929153514405092 and loss: 0.00051874244158416.
Iter 2642 add a min_energy: 0.42176195979118347, a mean_energy: 0.6902432156105837 and loss: 0.00025250636165280135.
Iter 2643 add a min_energy: 0.42176195979118347, a mean_energy: 0.6792002407213052 and loss: 0.0010663046570078849.
Iter 2644 add a min_energy: 0.42176195979118347, a mean_energy: 0.6876558301349481 and loss: 0.0002504490135555486.
Iter 2645 add a min_energy: 0.42176195979118347, a mean_energy: 0.7034952801962694 and loss: 0.0011809797112109469.
Iter 2646 add a min_energy: 0.42176195979118347, a mean_energy: 0.7009188334147135 and loss: 0.0010779044691147663.
Iter 2647 add a min_energy: 0.42176195979118347, a mean_energy: 0.6862950647870699 and loss: 0.001189386408426997.
Iter 2648 add a min_energy: 0.42176195979118347, a mean_energy: 0.7041192352771759 and loss: 0.0009833820242825804.
Iter 2649 add a min_energy: 0.42176195979118347, a mean_energy: 0.7055624475081762 and loss: 9.441583362096749e-05.
Iter 2650 add a min_energy: 0.42176195979118347, a mean_energy: 0.6986829427381357 and loss: 0.00010008430201095239.
Iter 2651 add a min_energy: 0.42176195979118347, a mean_energy: 0.6985145409901937 and loss: 8.738188320672413e-05.
Iter 2652 add a min_energy: 0.42176195979118347, a mean_energy: 0.6990924154718717 and loss: 5.9299715687509896e-05.
Iter 2653 add a min_energy: 0.42176195979118347, a mean_energy: 0.7005745867888132 and loss: 0.0002683554504318816.
Iter 2654 add a min_energy: 0.42176195979118347, a mean_energy: 0.7006594116489092 and loss: 0.0006087476059759626.
Iter 2655 add a min_energy: 0.42176195979118347, a mean_energy: 0.6942969871064028 and loss: 0.0008245658448604798.
Iter 2656 add a min_energy: 0.42176195979118347, a mean_energy: 0.7015144719431797 and loss: 0.0019669212203033944.
Iter 2657 add a min_energy: 0.42176195979118347, a mean_energy: 0.694268008073171 and loss: 0.002342489221315444.
Iter 2658 add a min_energy: 0.42176195979118347, a mean_energy: 0.6877741273492575 and loss: 0.013820578343526804.
Iter 2659 add a min_energy: 0.42176195979118347, a mean_energy: 0.687349417557319 and loss: 0.01243852474515058.
Iter 2660 add a min_energy: 0.42176195979118347, a mean_energy: 0.697609489162763 and loss: 0.013458875547043185.
Iter 2661 add a min_energy: 0.42176195979118347, a mean_energy: 0.6892881393432617 and loss: 0.01157013654051299.
Iter 2662 add a min_energy: 0.42176195979118347, a mean_energy: 0.692839647953709 and loss: 0.010964024400853499.
Iter 2663 add a min_energy: 0.42176195979118347, a mean_energy: 0.7025261502712965 and loss: 0.010697126823517316.
Iter 2664 add a min_energy: 0.42176195979118347, a mean_energy: 0.7098060895999273 and loss: 0.011987267693008546.
Iter 2665 add a min_energy: 0.42176195979118347, a mean_energy: 0.6890276819467545 and loss: 0.011054071317379233.
Iter 2666 add a min_energy: 0.42176195979118347, a mean_energy: 0.6923548591633638 and loss: 0.009427174121002753.
Iter 2667 add a min_energy: 0.42176195979118347, a mean_energy: 0.6937754141787688 and loss: 0.008463272573762193.
Iter 2668 add a min_energy: 0.42176195979118347, a mean_energy: 0.6989126758029064 and loss: 0.007757490015273102.
Iter 2669 add a min_energy: 0.42176195979118347, a mean_energy: 0.7055641735593478 and loss: 0.007654046029014112.
Iter 2670 add a min_energy: 0.42176195979118347, a mean_energy: 0.6812843965987364 and loss: 0.006128455180900071.
Iter 2671 add a min_energy: 0.42176195979118347, a mean_energy: 0.6967612790564696 and loss: 0.005760506864493904.
Iter 2672 add a min_energy: 0.42176195979118347, a mean_energy: 0.6956796782712141 and loss: 0.005320579957122866.
Iter 2673 add a min_energy: 0.42176195979118347, a mean_energy: 0.7005461156368256 and loss: 0.005270290532920275.
Iter 2674 add a min_energy: 0.42176195979118347, a mean_energy: 0.7007066234946251 and loss: 0.004506382577509717.
Iter 2675 add a min_energy: 0.42176195979118347, a mean_energy: 0.6945425048470497 and loss: 0.004065417920497429.
Iter 2676 add a min_energy: 0.42176195979118347, a mean_energy: 0.7085677037636439 and loss: 0.004292252953386017.
Iter 2677 add a min_energy: 0.42176195979118347, a mean_energy: 0.6995036279161772 and loss: 0.0038075627526204968.
Iter 2678 add a min_energy: 0.42176195979118347, a mean_energy: 0.7091515709956487 and loss: 0.005524080977827719.
Iter 2679 add a min_energy: 0.42176195979118347, a mean_energy: 0.7036079956839482 and loss: 0.005579113138736564.
Iter 2680 add a min_energy: 0.42176195979118347, a mean_energy: 0.7060849505166212 and loss: 0.004295607997634724.
Iter 2681 add a min_energy: 0.42176195979118347, a mean_energy: 0.692594105998675 and loss: 0.003821507143364138.
Iter 2682 add a min_energy: 0.42176195979118347, a mean_energy: 0.6981138102710247 and loss: 0.0031355575487056215.
Iter 2683 add a min_energy: 0.42176195979118347, a mean_energy: 0.7011797688901424 and loss: 0.001350343419369074.
Iter 2684 add a min_energy: 0.42176195979118347, a mean_energy: 0.6926736707488695 and loss: 0.0007883706330059801.
Iter 2685 add a min_energy: 0.42176195979118347, a mean_energy: 0.6974907964468002 and loss: 0.0005063688374347791.
Iter 2686 add a min_energy: 0.42176195979118347, a mean_energy: 0.6699916260937849 and loss: 0.0014253790631252993.
Iter 2687 add a min_energy: 0.42176195979118347, a mean_energy: 0.6958873073259989 and loss: 0.00037266796143061186.
Iter 2688 add a min_energy: 0.42176195979118347, a mean_energy: 0.6908221232394377 and loss: 0.00017898490300964756.
Iter 2689 add a min_energy: 0.42176195979118347, a mean_energy: 0.6935530733317137 and loss: 0.00015676364602226666.
Iter 2690 add a min_energy: 0.42176195979118347, a mean_energy: 0.6726127900183201 and loss: 0.0014594684064386033.
Iter 2691 add a min_energy: 0.42176195979118347, a mean_energy: 0.6870549221833547 and loss: 0.0014974625665100966.
Iter 2692 add a min_energy: 0.42176195979118347, a mean_energy: 0.7008634606997172 and loss: 0.0013857338708232975.
Iter 2693 add a min_energy: 0.42176195979118347, a mean_energy: 0.6967701613903046 and loss: 0.001097807364333329.
Iter 2694 add a min_energy: 0.42176195979118347, a mean_energy: 0.6980554635326067 and loss: 0.0008951772127487834.
Iter 2695 add a min_energy: 0.42176195979118347, a mean_energy: 0.7015239571531614 and loss: 0.0007241724534001147.
Iter 2696 add a min_energy: 0.42176195979118347, a mean_energy: 0.6852934968968233 and loss: 0.0003472609234434794.
Iter 2697 add a min_energy: 0.42176195979118347, a mean_energy: 0.7002860636760792 and loss: 0.0008801890102609234.
Iter 2698 add a min_energy: 0.42176195979118347, a mean_energy: 0.7048226321736971 and loss: 0.0007128272692595827.
Iter 2699 add a min_energy: 0.42176195979118347, a mean_energy: 0.6940350284179052 and loss: 0.00021125154015425534.
Iter 2700 add a min_energy: 0.42176195979118347, a mean_energy: 0.7022093075017134 and loss: 0.0007185341604921191.
Iter 2701 add a min_energy: 0.42176195979118347, a mean_energy: 0.6962931143740813 and loss: 0.00034986143313748685.
Iter 2702 add a min_energy: 0.42176195979118347, a mean_energy: 0.6839626400421063 and loss: 0.0004050270790249734.
Iter 2703 add a min_energy: 0.42176195979118347, a mean_energy: 0.6915701342125734 and loss: 0.0005180907163855463.
Iter 2704 add a min_energy: 0.42176195979118347, a mean_energy: 0.6944886619846026 and loss: 0.00048778521943445397.
Iter 2705 add a min_energy: 0.42176195979118347, a mean_energy: 0.6962339306871096 and loss: 0.00040572288444540853.
Iter 2706 add a min_energy: 0.42176195979118347, a mean_energy: 0.7149894634882609 and loss: 0.0006193414704433619.
Iter 2707 add a min_energy: 0.42176195979118347, a mean_energy: 0.6960080942759911 and loss: 0.0005876870869607647.
Iter 2708 add a min_energy: 0.42176195979118347, a mean_energy: 0.6982788487027088 and loss: 0.000582937978124242.
Iter 2709 add a min_energy: 0.42176195979118347, a mean_energy: 0.7007169065376123 and loss: 0.00014598800866334448.
Iter 2710 add a min_energy: 0.42176195979118347, a mean_energy: 0.7000940460711718 and loss: 0.00013717640317495317.
Iter 2711 add a min_energy: 0.42176195979118347, a mean_energy: 0.6972999808688959 and loss: 0.00011831778628577455.
Iter 2712 add a min_energy: 0.42176195979118347, a mean_energy: 0.6909722872078419 and loss: 0.00014714421172626322.
Iter 2713 add a min_energy: 0.42176195979118347, a mean_energy: 0.6965388221045336 and loss: 0.00013061707455194635.
Iter 2714 add a min_energy: 0.42176195979118347, a mean_energy: 0.7042562564214071 and loss: 6.948842771516484e-05.
Iter 2715 add a min_energy: 0.42176195979118347, a mean_energy: 0.6978707512219747 and loss: 0.00010798613336292772.
Iter 2716 add a min_energy: 0.42176195979118347, a mean_energy: 0.7024835223952929 and loss: 0.0002914346515153908.
Iter 2717 add a min_energy: 0.42176195979118347, a mean_energy: 0.7014919600139061 and loss: 0.00032743491112902616.
Iter 2718 add a min_energy: 0.42176195979118347, a mean_energy: 0.7030173738797506 and loss: 0.001437845874779087.
Iter 2719 add a min_energy: 0.42176195979118347, a mean_energy: 0.6938839796930552 and loss: 0.0015697600464699662.
Iter 2720 add a min_energy: 0.42176195979118347, a mean_energy: 0.6965177897363901 and loss: 0.0015826336242410063.
Iter 2721 add a min_energy: 0.42176195979118347, a mean_energy: 0.7010268568992615 and loss: 0.001541511113371486.
Iter 2722 add a min_energy: 0.42176195979118347, a mean_energy: 0.7045416968564192 and loss: 0.0011084335745062464.
Iter 2723 add a min_energy: 0.42176195979118347, a mean_energy: 0.7079421654343605 and loss: 0.0018034690313252918.
Iter 2724 add a min_energy: 0.42176195979118347, a mean_energy: 0.6923723928630352 and loss: 0.00139248464426835.
Iter 2725 add a min_energy: 0.42176195979118347, a mean_energy: 0.6988635833064715 and loss: 0.001260117771921251.
Iter 2726 add a min_energy: 0.42176195979118347, a mean_energy: 0.7063814550638199 and loss: 0.0019412083805124517.
Iter 2727 add a min_energy: 0.42176195979118347, a mean_energy: 0.7001390717923641 and loss: 0.00021415736689431916.
Iter 2728 add a min_energy: 0.42176195979118347, a mean_energy: 0.674822423607111 and loss: 0.0012258753095208902.
Iter 2729 add a min_energy: 0.42176195979118347, a mean_energy: 0.6986632148424784 and loss: 0.0011175552935888096.
Iter 2730 add a min_energy: 0.42176195979118347, a mean_energy: 0.6858473507066568 and loss: 0.0001790139402187103.
Iter 2731 add a min_energy: 0.42176195979118347, a mean_energy: 0.7077240111927191 and loss: 0.0009490546818963963.
Iter 2732 add a min_energy: 0.42176195979118347, a mean_energy: 0.6863836534321308 and loss: 0.000263671838467612.
Iter 2733 add a min_energy: 0.42176195979118347, a mean_energy: 0.695818858842055 and loss: 0.0007451029116752833.
Iter 2734 add a min_energy: 0.42176195979118347, a mean_energy: 0.6980940885841846 and loss: 0.00020593192561685244.
Iter 2735 add a min_energy: 0.42176195979118347, a mean_energy: 0.6885611861944199 and loss: 7.979408864406887e-05.
Iter 2736 add a min_energy: 0.42176195979118347, a mean_energy: 0.7004901568094889 and loss: 0.00016642272582565804.
Iter 2737 add a min_energy: 0.42176195979118347, a mean_energy: 0.6922679978112379 and loss: 0.0001246073286960657.
Iter 2738 add a min_energy: 0.42176195979118347, a mean_energy: 0.6836515292525291 and loss: 6.581384143926333e-05.
Iter 2739 add a min_energy: 0.42176195979118347, a mean_energy: 0.6938566155731678 and loss: 0.00012670453635494348.
Iter 2740 add a min_energy: 0.42176195979118347, a mean_energy: 0.6900189984589815 and loss: 0.00030179707388465303.
Iter 2741 add a min_energy: 0.42176195979118347, a mean_energy: 0.6862570854524771 and loss: 0.000775340466397438.
Iter 2742 add a min_energy: 0.42176195979118347, a mean_energy: 0.6836601961404085 and loss: 0.0007252722965927979.
Iter 2743 add a min_energy: 0.42176195979118347, a mean_energy: 0.6802307640512785 and loss: 0.0010782847583254015.
Iter 2744 add a min_energy: 0.42176195979118347, a mean_energy: 0.7040319715936979 and loss: 0.0007662836758684879.
Iter 2745 add a min_energy: 0.42176195979118347, a mean_energy: 0.702314323435227 and loss: 0.00019706651711818963.
Iter 2746 add a min_energy: 0.42176195979118347, a mean_energy: 0.7050199856360754 and loss: 7.311948130590864e-05.
Iter 2747 add a min_energy: 0.42176195979118347, a mean_energy: 0.689938689271609 and loss: 0.00030527862824982074.
Iter 2748 add a min_energy: 0.42176195979118347, a mean_energy: 0.7037919759750366 and loss: 9.834745769454547e-05.
Iter 2749 add a min_energy: 0.42176195979118347, a mean_energy: 0.6755022779107094 and loss: 0.0003021798991235999.
Iter 2750 add a min_energy: 0.42176195979118347, a mean_energy: 0.6933217023809751 and loss: 8.040805282518531e-05.
Iter 2751 add a min_energy: 0.42176195979118347, a mean_energy: 0.7113973709444205 and loss: 0.0004183401297100849.
Iter 2752 add a min_energy: 0.42176195979118347, a mean_energy: 0.7032788259287676 and loss: 0.000534373087598859.
Iter 2753 add a min_energy: 0.42176195979118347, a mean_energy: 0.686129666864872 and loss: 0.0006073621381224644.
Iter 2754 add a min_energy: 0.42176195979118347, a mean_energy: 0.7041831103463968 and loss: 0.0008324608247073597.
Iter 2755 add a min_energy: 0.42176195979118347, a mean_energy: 0.6963009685277939 and loss: 0.0010461021789383179.
Iter 2756 add a min_energy: 0.42176195979118347, a mean_energy: 0.7004555240273476 and loss: 0.0017662933943255106.
Iter 2757 add a min_energy: 0.42176195979118347, a mean_energy: 0.6975169368088245 and loss: 0.0011302408377438895.
Iter 2758 add a min_energy: 0.42176195979118347, a mean_energy: 0.7005753492315611 and loss: 0.0010312935817252597.
Iter 2759 add a min_energy: 0.42176195979118347, a mean_energy: 0.6917124850054582 and loss: 0.000881161683883339.
Iter 2760 add a min_energy: 0.42176195979118347, a mean_energy: 0.6870850808918476 and loss: 0.00028664034301264596.
Iter 2761 add a min_energy: 0.42176195979118347, a mean_energy: 0.7036198973655701 and loss: 0.00030063232917802.
Iter 2762 add a min_energy: 0.42176195979118347, a mean_energy: 0.6985189765691757 and loss: 0.00037122773196176476.
Iter 2763 add a min_energy: 0.42176195979118347, a mean_energy: 0.6966077275574207 and loss: 0.0003431001611876985.
Iter 2764 add a min_energy: 0.42176195979118347, a mean_energy: 0.7036920463045439 and loss: 0.0008753692520107197.
Iter 2765 add a min_energy: 0.42176195979118347, a mean_energy: 0.7039888637761275 and loss: 0.0011903153238247202.
Iter 2766 add a min_energy: 0.42176195979118347, a mean_energy: 0.6947093221048514 and loss: 0.0010833258140513097.
Iter 2767 add a min_energy: 0.42176195979118347, a mean_energy: 0.7002363552649816 and loss: 0.0014595708837898918.
Iter 2768 add a min_energy: 0.42176195979118347, a mean_energy: 0.6881268794337908 and loss: 0.0004679776255645102.
Iter 2769 add a min_energy: 0.42176195979118347, a mean_energy: 0.699738380809625 and loss: 0.0004812241024870494.
Iter 2770 add a min_energy: 0.42176195979118347, a mean_energy: 0.6908172580103079 and loss: 0.00010901213051606981.
Iter 2771 add a min_energy: 0.42176195979118347, a mean_energy: 0.7051642276346684 and loss: 3.7526657471369387e-05.
Iter 2772 add a min_energy: 0.42176195979118347, a mean_energy: 0.7043819489578406 and loss: 3.131803193555389e-05.
Iter 2773 add a min_energy: 0.42176195979118347, a mean_energy: 0.7027025061349074 and loss: 0.00020589860194765813.
Iter 2774 add a min_energy: 0.42176195979118347, a mean_energy: 0.7055845732490221 and loss: 0.00032595666452407435.
Iter 2775 add a min_energy: 0.42176195979118347, a mean_energy: 0.7007935630778471 and loss: 0.000301690436987141.
Iter 2776 add a min_energy: 0.42176195979118347, a mean_energy: 0.7004825336237749 and loss: 0.0002359616646095193.
Iter 2777 add a min_energy: 0.42176195979118347, a mean_energy: 0.6948620056112608 and loss: 0.00017979333556420826.
Iter 2778 add a min_energy: 0.42176195979118347, a mean_energy: 0.6805693308512369 and loss: 0.0001129034628480006.
Iter 2779 add a min_energy: 0.42176195979118347, a mean_energy: 0.7026017289608717 and loss: 0.0001265578927710459.
Iter 2780 add a min_energy: 0.42176195979118347, a mean_energy: 0.6943444038430849 and loss: 0.0002988589095490857.
Iter 2781 add a min_energy: 0.42176195979118347, a mean_energy: 0.7058587111532688 and loss: 0.0010554917367873362.
Iter 2782 add a min_energy: 0.42176195979118347, a mean_energy: 0.688438106328249 and loss: 0.00022483659720648236.
Iter 2783 add a min_energy: 0.42176195979118347, a mean_energy: 0.686634436249733 and loss: 0.0005700559662283632.
Iter 2784 add a min_energy: 0.42176195979118347, a mean_energy: 0.6877229561408361 and loss: 0.0006882203790601516.
Iter 2785 add a min_energy: 0.42176195979118347, a mean_energy: 0.6921271830797195 and loss: 0.0005814742523483089.
Iter 2786 add a min_energy: 0.42176195979118347, a mean_energy: 0.6997374258935452 and loss: 0.00039941761410213194.
Iter 2787 add a min_energy: 0.42176195979118347, a mean_energy: 0.6849722129603227 and loss: 0.0007924903912834833.
Iter 2788 add a min_energy: 0.42176195979118347, a mean_energy: 0.6985482685267925 and loss: 0.0004481001624179781.
Iter 2789 add a min_energy: 0.42176195979118347, a mean_energy: 0.7053118782738844 and loss: 0.000481250855907017.
Iter 2790 add a min_energy: 0.42176195979118347, a mean_energy: 0.705647025257349 and loss: 0.00010738450114001298.
Iter 2791 add a min_energy: 0.42176195979118347, a mean_energy: 0.70165691152215 and loss: 0.0004846867777981681.
Iter 2792 add a min_energy: 0.42176195979118347, a mean_energy: 0.6927077906827132 and loss: 0.0005663285378839664.
Iter 2793 add a min_energy: 0.42176195979118347, a mean_energy: 0.6959167669216791 and loss: 0.0004399893607761865.
Iter 2794 add a min_energy: 0.42176195979118347, a mean_energy: 0.7079863908390204 and loss: 0.0008993504014094713.
Iter 2795 add a min_energy: 0.42176195979118347, a mean_energy: 0.6981588353713354 and loss: 0.000988143524042086.
Iter 2796 add a min_energy: 0.42176195979118347, a mean_energy: 0.6816070228815079 and loss: 0.00015367593884287492.
Iter 2797 add a min_energy: 0.42176195979118347, a mean_energy: 0.6832366647819678 and loss: 5.2123056743363875e-05.
Iter 2798 add a min_energy: 0.42176195979118347, a mean_energy: 0.6981159001588821 and loss: 9.864405084477694e-05.
Iter 2799 add a min_energy: 0.42176195979118347, a mean_energy: 0.6946864450971285 and loss: 5.407345971476086e-05.
Iter 2800 add a min_energy: 0.42176195979118347, a mean_energy: 0.6824434238175551 and loss: 4.966709832443544e-05.
Iter 2801 add a min_energy: 0.42176195979118347, a mean_energy: 0.69686159491539 and loss: 5.888651304234752e-05.
Iter 2802 add a min_energy: 0.42176195979118347, a mean_energy: 0.7095166246096293 and loss: 6.752866061519722e-05.
Iter 2803 add a min_energy: 0.42176195979118347, a mean_energy: 0.6935582645237446 and loss: 2.30409993554288e-05.
Iter 2804 add a min_energy: 0.42176195979118347, a mean_energy: 0.6997752183427414 and loss: 2.1351564057478716e-05.
Iter 2805 add a min_energy: 0.42176195979118347, a mean_energy: 0.6980181448161602 and loss: 6.357671966695929e-05.
Iter 2806 add a min_energy: 0.42176195979118347, a mean_energy: 0.7093991674482822 and loss: 0.000601343926667072.
Iter 2807 add a min_energy: 0.42176195979118347, a mean_energy: 0.6846788165469965 and loss: 0.00017529489120128821.
Iter 2808 add a min_energy: 0.42176195979118347, a mean_energy: 0.7003413463632265 and loss: 0.0009988372081966392.
Iter 2809 add a min_energy: 0.42176195979118347, a mean_energy: 0.6954723770419756 and loss: 0.00016116641386012517.
Iter 2810 add a min_energy: 0.42176195979118347, a mean_energy: 0.705076202750206 and loss: 0.0003586552359698567.
Iter 2811 add a min_energy: 0.42176195979118347, a mean_energy: 0.7160630027453104 and loss: 0.001255934680928105.
Iter 2812 add a min_energy: 0.42176195979118347, a mean_energy: 0.6916075348854065 and loss: 0.0005609661454682131.
Iter 2813 add a min_energy: 0.42176195979118347, a mean_energy: 0.7031917075316111 and loss: 0.000913732728667419.
Iter 2814 add a min_energy: 0.42176195979118347, a mean_energy: 0.6893911063671112 and loss: 0.00044787302074279897.
Iter 2815 add a min_energy: 0.42176195979118347, a mean_energy: 0.6827515289187431 and loss: 0.0004213189872227911.
Iter 2816 add a min_energy: 0.42176195979118347, a mean_energy: 0.7022051848471165 and loss: 0.0006675552051036221.
Iter 2817 add a min_energy: 0.42176195979118347, a mean_energy: 0.6996474924186865 and loss: 0.000497136505386395.
Iter 2818 add a min_energy: 0.42176195979118347, a mean_energy: 0.7048672201732794 and loss: 0.00011340024867291291.
Iter 2819 add a min_energy: 0.42176195979118347, a mean_energy: 0.6998991183936596 and loss: 0.00048116467132189013.
Iter 2820 add a min_energy: 0.42176195979118347, a mean_energy: 0.6916851041217645 and loss: 0.0006331013251584519.
Iter 2821 add a min_energy: 0.42176195979118347, a mean_energy: 0.7009423499306043 and loss: 0.0005965093845084542.
Iter 2822 add a min_energy: 0.42176195979118347, a mean_energy: 0.7056873664259911 and loss: 0.0010117316729976063.
Iter 2823 add a min_energy: 0.42176195979118347, a mean_energy: 0.6947703224917253 and loss: 0.0006133126547879758.
Iter 2824 add a min_energy: 0.42176195979118347, a mean_energy: 0.6902541325738033 and loss: 0.0006255060737829611.
Iter 2825 add a min_energy: 0.42176195979118347, a mean_energy: 0.6905631832778454 and loss: 0.0006658271695744247.
Iter 2826 add a min_energy: 0.42176195979118347, a mean_energy: 0.689812496304512 and loss: 0.00043433393805970214.
Iter 2827 add a min_energy: 0.42176195979118347, a mean_energy: 0.6976781574388345 and loss: 0.00042990401746253044.
Iter 2828 add a min_energy: 0.42176195979118347, a mean_energy: 0.6957153479258219 and loss: 9.985646142076337e-05.
Iter 2829 add a min_energy: 0.42176195979118347, a mean_energy: 0.7075226977467537 and loss: 9.113167995633019e-05.
Iter 2830 add a min_energy: 0.42176195979118347, a mean_energy: 0.708658080548048 and loss: 0.0005755722395115188.
Iter 2831 add a min_energy: 0.42176195979118347, a mean_energy: 0.7071189172565937 and loss: 0.0009403558770030753.
Iter 2832 add a min_energy: 0.42176195979118347, a mean_energy: 0.6926288095613321 and loss: 0.0003581049632207229.
Iter 2833 add a min_energy: 0.42176195979118347, a mean_energy: 0.6922808500627676 and loss: 0.00046831959867846837.
Iter 2834 add a min_energy: 0.42176195979118347, a mean_energy: 0.7013988246520361 and loss: 0.0005150464816220038.
Iter 2835 add a min_energy: 0.42176195979118347, a mean_energy: 0.6964048308630785 and loss: 0.00026946954646351316.
Iter 2836 add a min_energy: 0.42176195979118347, a mean_energy: 0.7001487985253334 and loss: 7.794340012187266e-05.
Iter 2837 add a min_energy: 0.42176195979118347, a mean_energy: 0.7050592303276062 and loss: 0.00042346292929138667.
Iter 2838 add a min_energy: 0.42176195979118347, a mean_energy: 0.6983077526092529 and loss: 0.00033156143525367714.
Iter 2839 add a min_energy: 0.42176195979118347, a mean_energy: 0.6969229280948639 and loss: 0.0002893673459802824.
Iter 2840 add a min_energy: 0.42176195979118347, a mean_energy: 0.7040753227969011 and loss: 0.0005701601289529742.
Iter 2841 add a min_energy: 0.42176195979118347, a mean_energy: 0.7087150750060877 and loss: 0.0008957660332838297.
Iter 2842 add a min_energy: 0.42176195979118347, a mean_energy: 0.7020260306696097 and loss: 0.001956031672327898.
Iter 2843 add a min_energy: 0.42176195979118347, a mean_energy: 0.7052077849706014 and loss: 0.0014981865370241223.
Iter 2844 add a min_energy: 0.42176195979118347, a mean_energy: 0.6861081769069036 and loss: 0.000670731407348362.
Iter 2845 add a min_energy: 0.42176195979118347, a mean_energy: 0.6887994476904472 and loss: 0.0007021788761990787.
Iter 2846 add a min_energy: 0.42176195979118347, a mean_energy: 0.6930911565820376 and loss: 0.00020714734951745567.
Iter 2847 add a min_energy: 0.42176195979118347, a mean_energy: 0.692723210901022 and loss: 0.00011541377800549019.
Iter 2848 add a min_energy: 0.42176195979118347, a mean_energy: 0.6964427183071772 and loss: 0.00010522144126702883.
Iter 2849 add a min_energy: 0.42176195979118347, a mean_energy: 0.6938082153598467 and loss: 0.00060110942978987.
Iter 2850 add a min_energy: 0.42176195979118347, a mean_energy: 0.7087898800770441 and loss: 0.0009058894018413505.
Iter 2851 add a min_energy: 0.42176195979118347, a mean_energy: 0.7069697889188925 and loss: 0.0008011586857352599.
Iter 2852 add a min_energy: 0.42176195979118347, a mean_energy: 0.7016321495175362 and loss: 0.0005105906209005174.
Iter 2853 add a min_energy: 0.42176195979118347, a mean_energy: 0.6973788663744926 and loss: 0.0004365784320008021.
Iter 2854 add a min_energy: 0.42176195979118347, a mean_energy: 0.7033178023993969 and loss: 0.0005955310492533565.
Iter 2855 add a min_energy: 0.42176195979118347, a mean_energy: 0.7044286970049143 and loss: 0.001377331623102864.
Iter 2856 add a min_energy: 0.42176195979118347, a mean_energy: 0.698517944663763 and loss: 0.0013662550021303068.
Iter 2857 add a min_energy: 0.42176195979118347, a mean_energy: 0.7023539294799169 and loss: 0.001405919848408256.
Iter 2858 add a min_energy: 0.42176195979118347, a mean_energy: 0.7049807347357273 and loss: 0.0013702395903210972.
Iter 2859 add a min_energy: 0.42176195979118347, a mean_energy: 0.701697456339995 and loss: 0.000159108069961227.
Iter 2860 add a min_energy: 0.42176195979118347, a mean_energy: 0.7115431527296702 and loss: 0.0005658861281307739.
Iter 2861 add a min_energy: 0.42176195979118347, a mean_energy: 0.700045126179854 and loss: 0.0008529556491448034.
Iter 2862 add a min_energy: 0.42176195979118347, a mean_energy: 0.6780040419350067 and loss: 9.778448069762039e-05.
Iter 2863 add a min_energy: 0.42176195979118347, a mean_energy: 0.7089385179181894 and loss: 0.0002606984776238124.
Iter 2864 add a min_energy: 0.42176195979118347, a mean_energy: 0.6959683087964853 and loss: 0.00016128857291129736.
Iter 2865 add a min_energy: 0.42176195979118347, a mean_energy: 0.6945587179313103 and loss: 2.858990216771984e-05.
Iter 2866 add a min_energy: 0.42176195979118347, a mean_energy: 0.6989810491601626 and loss: 8.165765641715991e-05.
Iter 2867 add a min_energy: 0.42176195979118347, a mean_energy: 0.6826059700300297 and loss: 0.0011096553125289573.
Iter 2868 add a min_energy: 0.42176195979118347, a mean_energy: 0.7094525322318077 and loss: 3.41496061966191e-05.
Iter 2869 add a min_energy: 0.42176195979118347, a mean_energy: 0.699094987163941 and loss: 8.486255623409093e-05.
Iter 2870 add a min_energy: 0.42176195979118347, a mean_energy: 0.6920280667642752 and loss: 0.00018841964297369588.
Iter 2871 add a min_energy: 0.42176195979118347, a mean_energy: 0.7117492966353893 and loss: 0.0002649268999749866.
Iter 2872 add a min_energy: 0.42176195979118347, a mean_energy: 0.6932183665533861 and loss: 0.00028408259981816514.
Iter 2873 add a min_energy: 0.42176195979118347, a mean_energy: 0.7010511693855127 and loss: 0.0001161334517097609.
Iter 2874 add a min_energy: 0.42176195979118347, a mean_energy: 0.6926855457325777 and loss: 0.0006647255055990981.
Iter 2875 add a min_energy: 0.42176195979118347, a mean_energy: 0.689355984951059 and loss: 0.001560599211920683.
Iter 2876 add a min_energy: 0.42176195979118347, a mean_energy: 0.7076118439435959 and loss: 0.0014559074166767016.
Iter 2877 add a min_energy: 0.42176195979118347, a mean_energy: 0.6896433060367902 and loss: 0.0015237247550254776.
Iter 2878 add a min_energy: 0.42176195979118347, a mean_energy: 0.6840675491839647 and loss: 0.0019246267258770605.
Iter 2879 add a min_energy: 0.42176195979118347, a mean_energy: 0.6857439080874125 and loss: 0.0018017718884797281.
Iter 2880 add a min_energy: 0.42176195979118347, a mean_energy: 0.6966237810750803 and loss: 0.0017272477460336271.
Iter 2881 add a min_energy: 0.42176195979118347, a mean_energy: 0.6967664460341135 and loss: 0.0015504273364384275.
Iter 2882 add a min_energy: 0.42176195979118347, a mean_energy: 0.7058271883676449 and loss: 0.001967132591666984.
Iter 2883 add a min_energy: 0.42176195979118347, a mean_energy: 0.7023979909718037 and loss: 0.0008402656637685807.
Iter 2884 add a min_energy: 0.42176195979118347, a mean_energy: 0.7030673610667387 and loss: 0.0010527653820136481.
Iter 2885 add a min_energy: 0.42176195979118347, a mean_energy: 0.7047385585804781 and loss: 0.0018077435978182943.
Iter 2886 add a min_energy: 0.42176195979118347, a mean_energy: 0.6916519701480865 and loss: 0.0019714667199662553.
Iter 2887 add a min_energy: 0.42176195979118347, a mean_energy: 0.7044399331013361 and loss: 0.0017956671440332056.
Iter 2888 add a min_energy: 0.42176195979118347, a mean_energy: 0.7080718440314134 and loss: 0.003303339681701957.
Iter 2889 add a min_energy: 0.42176195979118347, a mean_energy: 0.6957072764635086 and loss: 0.003387276851581597.
Iter 2890 add a min_energy: 0.42176195979118347, a mean_energy: 0.7007252797484398 and loss: 0.0034214161265619545.
Iter 2891 add a min_energy: 0.42176195979118347, a mean_energy: 0.7066601738333702 and loss: 0.0017503811631428493.
Iter 2892 add a min_energy: 0.42176195979118347, a mean_energy: 0.7075612669189771 and loss: 0.0006818713953781568.
Iter 2893 add a min_energy: 0.42176195979118347, a mean_energy: 0.6941438677410284 and loss: 0.0017269538740785977.
Iter 2894 add a min_energy: 0.42176195979118347, a mean_energy: 0.7004699409008026 and loss: 0.00040190038054402604.
Iter 2895 add a min_energy: 0.42176195979118347, a mean_energy: 0.7053380732734998 and loss: 0.00211973354025879.
Iter 2896 add a min_energy: 0.42176195979118347, a mean_energy: 0.6892866007983685 and loss: 0.0002115680929531742.
Iter 2897 add a min_energy: 0.42176195979118347, a mean_energy: 0.7056916902462641 and loss: 0.0004275983546597187.
Iter 2898 add a min_energy: 0.42176195979118347, a mean_energy: 0.6961317410071691 and loss: 0.0005103972615218397.
Iter 2899 add a min_energy: 0.42176195979118347, a mean_energy: 0.6943857818841934 and loss: 0.00027251781187549035.
Iter 2900 add a min_energy: 0.42176195979118347, a mean_energy: 0.6920541506260633 and loss: 9.92516708751369e-05.
Iter 2901 add a min_energy: 0.42176195979118347, a mean_energy: 0.7039296248306831 and loss: 0.00012190674813652973.
Iter 2902 add a min_energy: 0.42176195979118347, a mean_energy: 0.6871784391502539 and loss: 0.001932105836243189.
Iter 2903 add a min_energy: 0.42176195979118347, a mean_energy: 0.6947259902954102 and loss: 0.001893668380509598.
Iter 2904 add a min_energy: 0.42176195979118347, a mean_energy: 0.7080182954668999 and loss: 0.002616790352461774.
Iter 2905 add a min_energy: 0.42176195979118347, a mean_energy: 0.6817552633583546 and loss: 0.0004500885494666486.
Iter 2906 add a min_energy: 0.42176195979118347, a mean_energy: 0.6903924457728863 and loss: 0.0008064303104939026.
Iter 2907 add a min_energy: 0.42176195979118347, a mean_energy: 0.6834355741739273 and loss: 0.002180584449310429.
Iter 2908 add a min_energy: 0.42176195979118347, a mean_energy: 0.7067237670222918 and loss: 0.0018110933548485272.
Iter 2909 add a min_energy: 0.42176195979118347, a mean_energy: 0.6940487350026766 and loss: 0.0016997312711897262.
Iter 2910 add a min_energy: 0.42176195979118347, a mean_energy: 0.70854527130723 and loss: 0.000268518292299515.
Iter 2911 add a min_energy: 0.42176195979118347, a mean_energy: 0.6841258679827055 and loss: 0.001368432502484653.
Iter 2912 add a min_energy: 0.42176195979118347, a mean_energy: 0.6940866621832052 and loss: 0.0002070409507250269.
Iter 2913 add a min_energy: 0.42176195979118347, a mean_energy: 0.6814699657261372 and loss: 0.001155547735163203.
Iter 2914 add a min_energy: 0.42176195979118347, a mean_energy: 0.6984919446210066 and loss: 0.0010160700440330324.
Iter 2915 add a min_energy: 0.42176195979118347, a mean_energy: 0.7009045394758383 and loss: 0.00012872831886374288.
Iter 2916 add a min_energy: 0.42176195979118347, a mean_energy: 0.7013965956866741 and loss: 0.00011561069704491572.
Iter 2917 add a min_energy: 0.42176195979118347, a mean_energy: 0.7080590426921844 and loss: 0.0011420689467082558.
Iter 2918 add a min_energy: 0.42176195979118347, a mean_energy: 0.7039605689545473 and loss: 0.001535631064877722.
Iter 2919 add a min_energy: 0.42176195979118347, a mean_energy: 0.7067866909007231 and loss: 0.0020697451802947583.
Iter 2920 add a min_energy: 0.42176195979118347, a mean_energy: 0.7054662133256594 and loss: 0.0030086045006099266.
Iter 2921 add a min_energy: 0.42176195979118347, a mean_energy: 0.6995719199379286 and loss: 0.001976088750838219.
Iter 2922 add a min_energy: 0.42176195979118347, a mean_energy: 0.6972914350529512 and loss: 0.0024778323253605017.
Iter 2923 add a min_energy: 0.42176195979118347, a mean_energy: 0.7003835899134477 and loss: 0.002222598116643181.
Iter 2924 add a min_energy: 0.42176195979118347, a mean_energy: 0.6928111650049686 and loss: 0.0016885398308402093.
Iter 2925 add a min_energy: 0.42176195979118347, a mean_energy: 0.6986392065882683 and loss: 0.0016303164085890351.
Iter 2926 add a min_energy: 0.42176195979118347, a mean_energy: 0.7030527529617151 and loss: 0.00229492582216459.
Iter 2927 add a min_energy: 0.42176195979118347, a mean_energy: 0.6822130375852188 and loss: 0.0012085942946256972.
Iter 2928 add a min_energy: 0.42176195979118347, a mean_energy: 0.6999375509719054 and loss: 0.0012414802025883696.
Iter 2929 add a min_energy: 0.42176195979118347, a mean_energy: 0.709982564051946 and loss: 0.0010520508334749634.
Iter 2930 add a min_energy: 0.42176195979118347, a mean_energy: 0.6874166888495287 and loss: 0.0020318841094637604.
Iter 2931 add a min_energy: 0.42176195979118347, a mean_energy: 0.691685626283288 and loss: 0.0012287017221463152.
Iter 2932 add a min_energy: 0.42176195979118347, a mean_energy: 0.696126771469911 and loss: 0.0011555831294720027.
Iter 2933 add a min_energy: 0.42176195979118347, a mean_energy: 0.6949766470740238 and loss: 0.0028620172725330284.
Iter 2934 add a min_energy: 0.42176195979118347, a mean_energy: 0.6836758218705654 and loss: 0.0005301617132366792.
Iter 2935 add a min_energy: 0.42176195979118347, a mean_energy: 0.7035031467676163 and loss: 0.00044034370678529516.
Iter 2936 add a min_energy: 0.42176195979118347, a mean_energy: 0.6883313382665316 and loss: 0.000612529380627788.
Iter 2937 add a min_energy: 0.42176195979118347, a mean_energy: 0.698516458272934 and loss: 0.0006216754102385826.
Iter 2938 add a min_energy: 0.42176195979118347, a mean_energy: 0.6952661077181498 and loss: 0.00044438348640309723.
Iter 2939 add a min_energy: 0.42176195979118347, a mean_energy: 0.7015293706208467 and loss: 0.0009071002752957704.
Iter 2940 add a min_energy: 0.42176195979118347, a mean_energy: 0.702948160469532 and loss: 0.0008270735138153594.
Iter 2941 add a min_energy: 0.42176195979118347, a mean_energy: 0.6878439771632353 and loss: 6.67015562570476e-05.
Iter 2942 add a min_energy: 0.42176195979118347, a mean_energy: 0.7021319518486658 and loss: 0.00017627106215355675.
Iter 2943 add a min_energy: 0.42176195979118347, a mean_energy: 0.7009093301991621 and loss: 0.0003340304376846133.
Iter 2944 add a min_energy: 0.42176195979118347, a mean_energy: 0.6926236773530642 and loss: 0.00022994198173714085.
Iter 2945 add a min_energy: 0.42176195979118347, a mean_energy: 0.6916108292837938 and loss: 3.880642160823808e-05.
Iter 2946 add a min_energy: 0.42176195979118347, a mean_energy: 0.6919780385990938 and loss: 0.0007318083686025104.
Iter 2947 add a min_energy: 0.42176195979118347, a mean_energy: 0.7084979340434074 and loss: 0.00030794846011640163.
Iter 2948 add a min_energy: 0.42176195979118347, a mean_energy: 0.6974736849466959 and loss: 0.00019195636241577801.
Iter 2949 add a min_energy: 0.42176195979118347, a mean_energy: 0.6985767011841139 and loss: 0.00012301676888784168.
Iter 2950 add a min_energy: 0.42176195979118347, a mean_energy: 0.6860810741782188 and loss: 3.5978155147993696e-05.
Iter 2951 add a min_energy: 0.42176195979118347, a mean_energy: 0.6955084359894196 and loss: 4.852531253307249e-05.
Iter 2952 add a min_energy: 0.42176195979118347, a mean_energy: 0.706438347697258 and loss: 0.00010254823618952231.
Iter 2953 add a min_energy: 0.42176195979118347, a mean_energy: 0.689865572998921 and loss: 2.8900405382812914e-05.
Iter 2954 add a min_energy: 0.42176195979118347, a mean_energy: 0.689886761829257 and loss: 0.0006567615712949748.
Iter 2955 add a min_energy: 0.42176195979118347, a mean_energy: 0.7122168652713299 and loss: 0.00018250697270188256.
Iter 2956 add a min_energy: 0.42176195979118347, a mean_energy: 0.6951600449780623 and loss: 0.00011041759952273203.
Iter 2957 add a min_energy: 0.42176195979118347, a mean_energy: 0.7037782861540715 and loss: 0.0019168503440588102.
Iter 2958 add a min_energy: 0.42176195979118347, a mean_energy: 0.7108237544695536 and loss: 0.0006788051561971368.
Iter 2959 add a min_energy: 0.42176195979118347, a mean_energy: 0.6979947909712791 and loss: 0.0002533603923503069.
Iter 2960 add a min_energy: 0.42176195979118347, a mean_energy: 0.6952955834567547 and loss: 0.0005598117180002872.
Iter 2961 add a min_energy: 0.42176195979118347, a mean_energy: 0.6903596346577009 and loss: 0.0006905973011178555.
Iter 2962 add a min_energy: 0.42176195979118347, a mean_energy: 0.6958021881679693 and loss: 0.0005851767910419337.
Iter 2963 add a min_energy: 0.42176195979118347, a mean_energy: 0.7074377574026585 and loss: 0.00024517890390025817.
Iter 2964 add a min_energy: 0.42176195979118347, a mean_energy: 0.7034812333683172 and loss: 0.0004777397847158908.
Iter 2965 add a min_energy: 0.42176195979118347, a mean_energy: 0.6979614682495594 and loss: 0.0007787447801770696.
Iter 2966 add a min_energy: 0.42176195979118347, a mean_energy: 0.6930936065812906 and loss: 0.00032838579263383877.
Iter 2967 add a min_energy: 0.42176195979118347, a mean_energy: 0.6842383965849876 and loss: 0.0007656622414263861.
Iter 2968 add a min_energy: 0.42176195979118347, a mean_energy: 0.6789774869879087 and loss: 0.0017399026202431095.
Iter 2969 add a min_energy: 0.42176195979118347, a mean_energy: 0.6984277789791425 and loss: 0.0016689684502277267.
Iter 2970 add a min_energy: 0.42176195979118347, a mean_energy: 0.6939565688371658 and loss: 0.0006488410619565016.
Iter 2971 add a min_energy: 0.42176195979118347, a mean_energy: 0.6845810748636723 and loss: 0.0006455780625625221.
Iter 2972 add a min_energy: 0.42176195979118347, a mean_energy: 0.693349651992321 and loss: 0.0018476739241086921.
Iter 2973 add a min_energy: 0.42176195979118347, a mean_energy: 0.6934500510493914 and loss: 0.0005297337771604547.
Iter 2974 add a min_energy: 0.42176195979118347, a mean_energy: 0.6884486203392347 and loss: 0.00013173960110837574.
Iter 2975 add a min_energy: 0.42176195979118347, a mean_energy: 0.6955345720052719 and loss: 0.000148518046417704.
Iter 2976 add a min_energy: 0.42176195979118347, a mean_energy: 0.6982056498527527 and loss: 0.0001009418106442806.
Iter 2977 add a min_energy: 0.42176195979118347, a mean_energy: 0.7056829668581486 and loss: 8.193717417331745e-05.
Iter 2978 add a min_energy: 0.42176195979118347, a mean_energy: 0.7004476909836134 and loss: 8.596711234648942e-05.
Iter 2979 add a min_energy: 0.42176195979118347, a mean_energy: 0.7063525281846523 and loss: 0.0009352256103619619.
Iter 2980 add a min_energy: 0.42176195979118347, a mean_energy: 0.6876467801630497 and loss: 6.073861321015495e-05.
Iter 2981 add a min_energy: 0.42176195979118347, a mean_energy: 0.7005276717245579 and loss: 0.0011389854211423162.
Iter 2982 add a min_energy: 0.42176195979118347, a mean_energy: 0.7057809606194496 and loss: 0.0008774403178435091.
Iter 2983 add a min_energy: 0.42176195979118347, a mean_energy: 0.6909896296759447 and loss: 0.001121202104552903.
Iter 2984 add a min_energy: 0.42176195979118347, a mean_energy: 0.7027278865377108 and loss: 0.0014381183576280404.
Iter 2985 add a min_energy: 0.42176195979118347, a mean_energy: 0.6992814354598522 and loss: 0.0016143630669554346.
Iter 2986 add a min_energy: 0.42176195979118347, a mean_energy: 0.7063552464048067 and loss: 0.0015287415987272656.
Iter 2987 add a min_energy: 0.42176195979118347, a mean_energy: 0.6987322593728701 and loss: 0.0018638126203672067.
Iter 2988 add a min_energy: 0.42176195979118347, a mean_energy: 0.6918196380138397 and loss: 0.0010774567478334634.
Iter 2989 add a min_energy: 0.42176195979118347, a mean_energy: 0.6956982538104057 and loss: 0.001053573422311576.
Iter 2990 add a min_energy: 0.42176195979118347, a mean_energy: 0.697479480256637 and loss: 0.0014016308648451754.
Iter 2991 add a min_energy: 0.42176195979118347, a mean_energy: 0.6980423511316379 and loss: 0.0007430675428132299.
Iter 2992 add a min_energy: 0.42176195979118347, a mean_energy: 0.6934916463991007 and loss: 0.0008573865438003075.
Iter 2993 add a min_energy: 0.42176195979118347, a mean_energy: 0.70552226404349 and loss: 0.0014382172129824614.
Iter 2994 add a min_energy: 0.42176195979118347, a mean_energy: 0.7120386076470216 and loss: 0.0012367250706795082.
Iter 2995 add a min_energy: 0.42176195979118347, a mean_energy: 0.6999262807269891 and loss: 0.004328211936252735.
Iter 2996 add a min_energy: 0.42176195979118347, a mean_energy: 0.696724746376276 and loss: 0.004469892851591168.
Iter 2997 add a min_energy: 0.42176195979118347, a mean_energy: 0.7122298628091812 and loss: 0.006023565985257718.
Iter 2998 add a min_energy: 0.42176195979118347, a mean_energy: 0.7034672449032465 and loss: 0.005383130976661242.
Iter 2999 add a min_energy: 0.42176195979118347, a mean_energy: 0.6961630396544933 and loss: 0.00439281901310874.
Iter 3000 add a min_energy: 0.42176195979118347, a mean_energy: 0.6958041762312254 and loss: 0.0044043034633732435.
Iter 3001 add a min_energy: 0.42176195979118347, a mean_energy: 0.6842562593519688 and loss: 0.0030095071613858433.
Iter 3002 add a min_energy: 0.42176195979118347, a mean_energy: 0.690771235153079 and loss: 0.0031265996270546316.
Iter 3003 add a min_energy: 0.42176195979118347, a mean_energy: 0.7028755359351635 and loss: 0.003835854381273074.
Iter 3004 add a min_energy: 0.42176195979118347, a mean_energy: 0.7104442864656448 and loss: 0.003667920577429695.
Iter 3005 add a min_energy: 0.42176195979118347, a mean_energy: 0.7034019827842712 and loss: 0.003660460305136486.
Iter 3006 add a min_energy: 0.42176195979118347, a mean_energy: 0.6882616095244884 and loss: 0.004556329952691711.
Iter 3007 add a min_energy: 0.42176195979118347, a mean_energy: 0.6963580573598543 and loss: 0.00423127702471603.
Iter 3008 add a min_energy: 0.42176195979118347, a mean_energy: 0.7016474008560181 and loss: 0.0019307751687007914.
Iter 3009 add a min_energy: 0.42176195979118347, a mean_energy: 0.6979250957568487 and loss: 0.0038319958762426803.
Iter 3010 add a min_energy: 0.42176195979118347, a mean_energy: 0.6971568974355856 and loss: 0.002551902767015064.
Iter 3011 add a min_energy: 0.42176195979118347, a mean_energy: 0.6955016702413559 and loss: 0.0035116434792874514.
Iter 3012 add a min_energy: 0.42176195979118347, a mean_energy: 0.69632862880826 and loss: 0.003299724705040275.
Iter 3013 add a min_energy: 0.42176195979118347, a mean_energy: 0.6980372567971548 and loss: 0.0031216570945869493.
Iter 3014 add a min_energy: 0.42176195979118347, a mean_energy: 0.6814313729604086 and loss: 0.0015380002719371276.
Iter 3015 add a min_energy: 0.42176195979118347, a mean_energy: 0.6986403701206049 and loss: 0.0014127954091838516.
Iter 3016 add a min_energy: 0.42176195979118347, a mean_energy: 0.7012017207841078 and loss: 0.0013219170160721772.
Iter 3017 add a min_energy: 0.42176195979118347, a mean_energy: 0.6961753591895103 and loss: 0.0005479080040238847.
Iter 3018 add a min_energy: 0.42176195979118347, a mean_energy: 0.7026502601802349 and loss: 0.0006337614685577915.
Iter 3019 add a min_energy: 0.42176195979118347, a mean_energy: 0.7044901500145594 and loss: 0.0006590243833168532.
Iter 3020 add a min_energy: 0.42176195979118347, a mean_energy: 0.6945987095435461 and loss: 0.00043559836356139934.
Iter 3021 add a min_energy: 0.42176195979118347, a mean_energy: 0.694220531731844 and loss: 0.00048675131363336364.
Iter 3022 add a min_energy: 0.42176195979118347, a mean_energy: 0.6920128924151262 and loss: 0.00034898625856811535.
Iter 3023 add a min_energy: 0.42176195979118347, a mean_energy: 0.6933430631955465 and loss: 0.0006082556064927696.
Iter 3024 add a min_energy: 0.42176195979118347, a mean_energy: 0.6979500018060207 and loss: 0.0006751356519193596.
Iter 3025 add a min_energy: 0.42176195979118347, a mean_energy: 0.7068562060594559 and loss: 0.0003427060505794939.
Iter 3026 add a min_energy: 0.42176195979118347, a mean_energy: 0.6977030249933401 and loss: 0.0005403670354497226.
Iter 3027 add a min_energy: 0.42176195979118347, a mean_energy: 0.6984899205466112 and loss: 0.00044883429866684533.
Iter 3028 add a min_energy: 0.42176195979118347, a mean_energy: 0.7021866527696451 and loss: 0.00029223364106235455.
Iter 3029 add a min_energy: 0.42176195979118347, a mean_energy: 0.6962212417274714 and loss: 0.0001267241679571357.
Iter 3030 add a min_energy: 0.42176195979118347, a mean_energy: 0.7036697901785374 and loss: 0.00021580331882734845.
Iter 3031 add a min_energy: 0.42176195979118347, a mean_energy: 0.6879793678720793 and loss: 0.0001429896598229121.
Iter 3032 add a min_energy: 0.42176195979118347, a mean_energy: 0.6826001573354006 and loss: 0.0006655726634744847.
Iter 3033 add a min_energy: 0.42176195979118347, a mean_energy: 0.6979192048311234 and loss: 0.0006211837011069516.
Iter 3034 add a min_energy: 0.42176195979118347, a mean_energy: 0.7041814364492893 and loss: 0.00029181920420062485.
Iter 3035 add a min_energy: 0.42176195979118347, a mean_energy: 0.695364228139321 and loss: 0.00024712499579056815.
Iter 3036 add a min_energy: 0.42176195979118347, a mean_energy: 0.686433706432581 and loss: 0.000524058208218565.
Iter 3037 add a min_energy: 0.42176195979118347, a mean_energy: 0.687750286112229 and loss: 0.0008337256811183719.
Iter 3038 add a min_energy: 0.42176195979118347, a mean_energy: 0.6982623015840849 and loss: 0.0010077419141735445.
Iter 3039 add a min_energy: 0.42176195979118347, a mean_energy: 0.7026542176802953 and loss: 0.0005136699113156436.
Iter 3040 add a min_energy: 0.42176195979118347, a mean_energy: 0.7008210209508737 and loss: 0.00046832362281702867.
Iter 3041 add a min_energy: 0.42176195979118347, a mean_energy: 0.7031716629862785 and loss: 0.00030711880768336696.
Iter 3042 add a min_energy: 0.42176195979118347, a mean_energy: 0.7004655400911967 and loss: 0.0003132391496880614.
Iter 3043 add a min_energy: 0.42176195979118347, a mean_energy: 0.7054192498326302 and loss: 0.00018903136383718755.
Iter 3044 add a min_energy: 0.42176195979118347, a mean_energy: 0.6924993991851807 and loss: 0.0008578381132308189.
Iter 3045 add a min_energy: 0.42176195979118347, a mean_energy: 0.6958031269411246 and loss: 0.0008146465900024522.
Iter 3046 add a min_energy: 0.42176195979118347, a mean_energy: 0.6898404608170191 and loss: 0.0002006091751093214.
Iter 3047 add a min_energy: 0.42176195979118347, a mean_energy: 0.7014195285737514 and loss: 0.00013671666253413684.
Iter 3048 add a min_energy: 0.42176195979118347, a mean_energy: 0.6916877018908659 and loss: 0.00017350126425328912.
Iter 3049 add a min_energy: 0.42176195979118347, a mean_energy: 0.7033733663459619 and loss: 0.001301126231551607.
Iter 3050 add a min_energy: 0.42176195979118347, a mean_energy: 0.6998893320560455 and loss: 0.0016566932574597747.
Iter 3051 add a min_energy: 0.42176195979118347, a mean_energy: 0.6913759000599384 and loss: 0.001284936640434098.
Iter 3052 add a min_energy: 0.42176195979118347, a mean_energy: 0.6906428299844265 and loss: 0.00012141278041513781.
Iter 3053 add a min_energy: 0.42176195979118347, a mean_energy: 0.7016281175116698 and loss: 0.0003023706507064097.
Iter 3054 add a min_energy: 0.42176195979118347, a mean_energy: 0.6874861860026916 and loss: 0.00011374983205656591.
Iter 3055 add a min_energy: 0.42176195979118347, a mean_energy: 0.7036036079128584 and loss: 0.0010874707512640801.
Iter 3056 add a min_energy: 0.42176195979118347, a mean_energy: 0.7082093631227812 and loss: 0.001352425134324276.
Iter 3057 add a min_energy: 0.42176195979118347, a mean_energy: 0.7063931704809269 and loss: 0.0019143944301412772.
Iter 3058 add a min_energy: 0.42176195979118347, a mean_energy: 0.6969589963555336 and loss: 0.0018785860819348723.
Iter 3059 add a min_energy: 0.42176195979118347, a mean_energy: 0.6990953745941321 and loss: 0.0019912278930063368.
Iter 3060 add a min_energy: 0.42176195979118347, a mean_energy: 0.6998843401670456 and loss: 0.0017036719354693068.
Iter 3061 add a min_energy: 0.42176195979118347, a mean_energy: 0.6910110947986444 and loss: 0.002046513112842554.
Iter 3062 add a min_energy: 0.42176195979118347, a mean_energy: 0.6896155315140883 and loss: 0.0009835859638230916.
Iter 3063 add a min_energy: 0.42176195979118347, a mean_energy: 0.7015670078496138 and loss: 0.0018664671620665938.
Iter 3064 add a min_energy: 0.42176195979118347, a mean_energy: 0.7039063336948553 and loss: 0.001945021577772793.
Iter 3065 add a min_energy: 0.42176195979118347, a mean_energy: 0.6986128588517507 and loss: 0.00227441952523752.
Iter 3066 add a min_energy: 0.42176195979118347, a mean_energy: 0.6786820056537787 and loss: 0.0005988516877012928.
Iter 3067 add a min_energy: 0.42176195979118347, a mean_energy: 0.7006021030247211 and loss: 0.0006464918154638038.
Iter 3068 add a min_energy: 0.42176195979118347, a mean_energy: 0.6901719806094965 and loss: 0.0002577932434449684.
Iter 3069 add a min_energy: 0.42176195979118347, a mean_energy: 0.6834236048161983 and loss: 4.897792525795438e-05.
Iter 3070 add a min_energy: 0.42176195979118347, a mean_energy: 0.6840726584196091 and loss: 0.0003319435919939906.
Iter 3071 add a min_energy: 0.42176195979118347, a mean_energy: 0.6965036739905676 and loss: 0.000308103405031647.
Iter 3072 add a min_energy: 0.42176195979118347, a mean_energy: 0.6838624570518732 and loss: 0.0007557219648294871.
Iter 3073 add a min_energy: 0.42176195979118347, a mean_energy: 0.6930812646945318 and loss: 0.0007476554802911951.
Iter 3074 add a min_energy: 0.42176195979118347, a mean_energy: 0.7000098700324694 and loss: 0.000621800570816912.
Iter 3075 add a min_energy: 0.42176195979118347, a mean_energy: 0.7000701216359934 and loss: 0.00045778442477638917.
Iter 3076 add a min_energy: 0.42176195979118347, a mean_energy: 0.7032399997115135 and loss: 0.00022439662764261434.
Iter 3077 add a min_energy: 0.42176195979118347, a mean_energy: 0.685699962079525 and loss: 0.00047202401616325057.
Iter 3078 add a min_energy: 0.42176195979118347, a mean_energy: 0.6987817883491516 and loss: 0.00038009978970576195.
Iter 3079 add a min_energy: 0.42176195979118347, a mean_energy: 0.6955781647314628 and loss: 0.00045019025740306544.
Iter 3080 add a min_energy: 0.42176195979118347, a mean_energy: 0.6889438579479853 and loss: 0.0008398339387545717.
Iter 3081 add a min_energy: 0.42176195979118347, a mean_energy: 0.6960565261542797 and loss: 0.0005887397410228014.
Iter 3082 add a min_energy: 0.42176195979118347, a mean_energy: 0.6896366166571776 and loss: 0.0007087948437295441.
Iter 3083 add a min_energy: 0.42176195979118347, a mean_energy: 0.684583538522323 and loss: 0.0004795600016927724.
Iter 3084 add a min_energy: 0.42176195979118347, a mean_energy: 0.68646672864755 and loss: 0.0007448037261165836.
Iter 3085 add a min_energy: 0.42176195979118347, a mean_energy: 0.7074611758192381 and loss: 0.00026916034804649636.
Iter 3086 add a min_energy: 0.42176195979118347, a mean_energy: 0.6980656559268633 and loss: 0.00021248269230559987.
Iter 3087 add a min_energy: 0.42176195979118347, a mean_energy: 0.7003885395824909 and loss: 4.40967973562771e-05.
Iter 3088 add a min_energy: 0.42176195979118347, a mean_energy: 0.6891967169940472 and loss: 8.737230383267983e-05.
Iter 3089 add a min_energy: 0.42176195979118347, a mean_energy: 0.699118492503961 and loss: 6.271301196549258e-05.
Iter 3090 add a min_energy: 0.42176195979118347, a mean_energy: 0.6918550878763199 and loss: 6.752642206033825e-05.
Iter 3091 add a min_energy: 0.42176195979118347, a mean_energy: 0.6903766045967737 and loss: 7.03534449639671e-05.
Iter 3092 add a min_energy: 0.42176195979118347, a mean_energy: 0.6757656186819077 and loss: 0.0008311246002320614.
Iter 3093 add a min_energy: 0.42176195979118347, a mean_energy: 0.6965573790172735 and loss: 0.000770243426348202.
Iter 3094 add a min_energy: 0.42176195979118347, a mean_energy: 0.6864364656309286 and loss: 0.001114892449064156.
Iter 3095 add a min_energy: 0.42176195979118347, a mean_energy: 0.6912132451931635 and loss: 0.0018992711313458172.
Iter 3096 add a min_energy: 0.42176195979118347, a mean_energy: 0.7049351359407107 and loss: 0.0010872746604821514.
Iter 3097 add a min_energy: 0.42176195979118347, a mean_energy: 0.7016331863900026 and loss: 0.0012638171165109038.
Iter 3098 add a min_energy: 0.42176195979118347, a mean_energy: 0.6966340790192286 and loss: 0.00125012901807248.
Iter 3099 add a min_energy: 0.42176195979118347, a mean_energy: 0.695096122721831 and loss: 0.002377146684190288.
Iter 3100 add a min_energy: 0.42176195979118347, a mean_energy: 0.7092885312934717 and loss: 0.0016211593346116596.
Iter 3101 add a min_energy: 0.42176195979118347, a mean_energy: 0.6878324871261915 and loss: 0.0008914570553023171.
Iter 3102 add a min_energy: 0.42176195979118347, a mean_energy: 0.7073231215278307 and loss: 0.0006912570950690388.
Iter 3103 add a min_energy: 0.42176195979118347, a mean_energy: 0.7043965434034666 and loss: 0.0011661643342714472.
Iter 3104 add a min_energy: 0.42176195979118347, a mean_energy: 0.6968410462141037 and loss: 0.0015911883964441474.
Iter 3105 add a min_energy: 0.42176195979118347, a mean_energy: 0.697391307602326 and loss: 0.0017812270235382276.
Iter 3106 add a min_energy: 0.42176195979118347, a mean_energy: 0.6973656440774599 and loss: 0.001389427832179141.
Iter 3107 add a min_energy: 0.42176195979118347, a mean_energy: 0.6919259950518608 and loss: 0.0005911071745657081.
Iter 3108 add a min_energy: 0.42176195979118347, a mean_energy: 0.6954507896055778 and loss: 0.00030174040303607993.
Iter 3109 add a min_energy: 0.42176195979118347, a mean_energy: 0.688736109683911 and loss: 0.0016252592347633557.
Iter 3110 add a min_energy: 0.42176195979118347, a mean_energy: 0.6959438597162565 and loss: 0.0009549089714965707.
Iter 3111 add a min_energy: 0.42176195979118347, a mean_energy: 0.6997259383400282 and loss: 0.0015659133930516933.
Iter 3112 add a min_energy: 0.42176195979118347, a mean_energy: 0.7083855755627155 and loss: 0.0004647028876032483.
Iter 3113 add a min_energy: 0.42176195979118347, a mean_energy: 0.7014174597958723 and loss: 0.0003219957123341492.
Iter 3114 add a min_energy: 0.42176195979118347, a mean_energy: 0.7054381805161635 and loss: 0.00029428382968831024.
Iter 3115 add a min_energy: 0.42176195979118347, a mean_energy: 0.7021681678791841 and loss: 0.00020459052887083712.
Iter 3116 add a min_energy: 0.42176195979118347, a mean_energy: 0.6958233515421549 and loss: 9.989294316732618e-05.
Iter 3117 add a min_energy: 0.42176195979118347, a mean_energy: 0.6988299116492271 and loss: 0.00013973881685729723.
Iter 3118 add a min_energy: 0.42176195979118347, a mean_energy: 0.7022063322365284 and loss: 0.0002507455281553037.
Iter 3119 add a min_energy: 0.42176195979118347, a mean_energy: 0.7095624605814616 and loss: 0.0005500443597313014.
Iter 3120 add a min_energy: 0.42176195979118347, a mean_energy: 0.6979169175028801 and loss: 0.0006312242249068574.
Iter 3121 add a min_energy: 0.42176195979118347, a mean_energy: 0.6955757973094782 and loss: 0.01770090174848301.
Iter 3122 add a min_energy: 0.42176195979118347, a mean_energy: 0.7042645029723644 and loss: 0.01806206603072705.
Iter 3123 add a min_energy: 0.42176195979118347, a mean_energy: 0.7065663983424505 and loss: 0.017760591379783263.
Iter 3124 add a min_energy: 0.42176195979118347, a mean_energy: 0.6893840755025545 and loss: 0.01712658799582106.
Iter 3125 add a min_energy: 0.42176195979118347, a mean_energy: 0.689171397437652 and loss: 0.015731937337435505.
Iter 3126 add a min_energy: 0.42176195979118347, a mean_energy: 0.6921604312956333 and loss: 0.015241880067156125.
Iter 3127 add a min_energy: 0.42176195979118347, a mean_energy: 0.6937678505976995 and loss: 0.014048968352943694.
Iter 3128 add a min_energy: 0.42176195979118347, a mean_energy: 0.6924852840602398 and loss: 0.013442358583078275.
Iter 3129 add a min_energy: 0.42176195979118347, a mean_energy: 0.6887068015833696 and loss: 0.012704653780193665.
Iter 3130 add a min_energy: 0.42176195979118347, a mean_energy: 0.6978280345598856 and loss: 0.01179178273747397.
Iter 3131 add a min_energy: 0.42176195979118347, a mean_energy: 0.7090753850837549 and loss: 0.011423272274084953.
Iter 3132 add a min_energy: 0.42176195979118347, a mean_energy: 0.7033075280487537 and loss: 0.011023423784291322.
Iter 3133 add a min_energy: 0.42176195979118347, a mean_energy: 0.6924188751727343 and loss: 0.009729793940473607.
Iter 3134 add a min_energy: 0.42176195979118347, a mean_energy: 0.6992775027950605 and loss: 0.009076757819907551.
Iter 3135 add a min_energy: 0.42176195979118347, a mean_energy: 0.7006910741329193 and loss: 0.008056007104672289.
Iter 3136 add a min_energy: 0.42176195979118347, a mean_energy: 0.6976437568664551 and loss: 0.007318508509028235.
Iter 3137 add a min_energy: 0.42176195979118347, a mean_energy: 0.6947372630238533 and loss: 0.006489509853844951.
Iter 3138 add a min_energy: 0.42176195979118347, a mean_energy: 0.7119431818524996 and loss: 0.006025796719089958.
Iter 3139 add a min_energy: 0.42176195979118347, a mean_energy: 0.6934696373840173 and loss: 0.005696948313830192.
Iter 3140 add a min_energy: 0.42176195979118347, a mean_energy: 0.7180589735507965 and loss: 0.006135163777156024.
Iter 3141 add a min_energy: 0.42176195979118347, a mean_energy: 0.6921206166346868 and loss: 0.004515355292470484.
Iter 3142 add a min_energy: 0.42176195979118347, a mean_energy: 0.6965105558435122 and loss: 0.003925334094778395.
Iter 3143 add a min_energy: 0.42176195979118347, a mean_energy: 0.6951682741443316 and loss: 0.003879980469507805.
Iter 3144 add a min_energy: 0.42176195979118347, a mean_energy: 0.7109316947559515 and loss: 0.0036645491137877228.
Iter 3145 add a min_energy: 0.42176195979118347, a mean_energy: 0.6972836560259262 and loss: 0.0022821259874343715.
Iter 3146 add a min_energy: 0.42176195979118347, a mean_energy: 0.7028462328016758 and loss: 0.00199432101002621.
Iter 3147 add a min_energy: 0.42176195979118347, a mean_energy: 0.6868140660226345 and loss: 0.0012506621705955531.
Iter 3148 add a min_energy: 0.42176195979118347, a mean_energy: 0.6908869594335556 and loss: 0.0008637708118222659.
Iter 3149 add a min_energy: 0.42176195979118347, a mean_energy: 0.6930267699062824 and loss: 0.0008394474953021099.
Iter 3150 add a min_energy: 0.42176195979118347, a mean_energy: 0.703415701786677 and loss: 0.0005447634461039458.
Iter 3151 add a min_energy: 0.42176195979118347, a mean_energy: 0.694709857304891 and loss: 0.00040224087851195947.
Iter 3152 add a min_energy: 0.42176195979118347, a mean_energy: 0.7132637252410253 and loss: 0.000690748256015826.
Iter 3153 add a min_energy: 0.42176195979118347, a mean_energy: 0.6964473177989324 and loss: 0.000659061370518909.
Iter 3154 add a min_energy: 0.42176195979118347, a mean_energy: 0.6894276458770037 and loss: 0.0003342568296911068.
Iter 3155 add a min_energy: 0.42176195979118347, a mean_energy: 0.694190743068854 and loss: 9.178940647569853e-05.
Iter 3156 add a min_energy: 0.42176195979118347, a mean_energy: 0.6959251041213671 and loss: 7.03054093564612e-05.
Iter 3157 add a min_energy: 0.42176195979118347, a mean_energy: 0.7053883994619051 and loss: 0.00011372771427665093.
Iter 3158 add a min_energy: 0.42176195979118347, a mean_energy: 0.6943656355142593 and loss: 0.0002613196137284923.
Iter 3159 add a min_energy: 0.42176195979118347, a mean_energy: 0.6840072944760323 and loss: 0.00019076397810186503.
Iter 3160 add a min_energy: 0.42176195979118347, a mean_energy: 0.7044912055134773 and loss: 0.00026319535402072244.
Iter 3161 add a min_energy: 0.42176195979118347, a mean_energy: 0.705595980087916 and loss: 0.0005202483794559676.
Iter 3162 add a min_energy: 0.42176195979118347, a mean_energy: 0.6985590135057768 and loss: 0.0005835943243673604.
Iter 3163 add a min_energy: 0.42176195979118347, a mean_energy: 0.6889974450071653 and loss: 0.0006322735520375955.
Iter 3164 add a min_energy: 0.42176195979118347, a mean_energy: 0.6864569845298926 and loss: 0.0014608511071647773.
Iter 3165 add a min_energy: 0.42176195979118347, a mean_energy: 0.6958860953648885 and loss: 0.001453653043521551.
Iter 3166 add a min_energy: 0.42176195979118347, a mean_energy: 0.6934534658988317 and loss: 0.0015031883880309877.
Iter 3167 add a min_energy: 0.42176195979118347, a mean_energy: 0.7098854631185532 and loss: 0.00030642685961581906.
Iter 3168 add a min_energy: 0.42176195979118347, a mean_energy: 0.7075547985732555 and loss: 0.0005310770567380125.
Iter 3169 add a min_energy: 0.42176195979118347, a mean_energy: 0.7095521291097006 and loss: 0.00047891548513612767.
Iter 3170 add a min_energy: 0.42176195979118347, a mean_energy: 0.7001042154928049 and loss: 0.0003265635278171309.
Iter 3171 add a min_energy: 0.42176195979118347, a mean_energy: 0.6996146813035011 and loss: 0.0003834130466772941.
Iter 3172 add a min_energy: 0.42176195979118347, a mean_energy: 0.6830088756978512 and loss: 0.0004576789928801834.
Iter 3173 add a min_energy: 0.42176195979118347, a mean_energy: 0.6939508455495039 and loss: 0.0005360944478843247.
Iter 3174 add a min_energy: 0.42176195979118347, a mean_energy: 0.7028712617854277 and loss: 0.0002566151124377153.
Iter 3175 add a min_energy: 0.42176195979118347, a mean_energy: 0.6869991458952427 and loss: 0.001053869615165946.
Iter 3176 add a min_energy: 0.42176195979118347, a mean_energy: 0.7086840185026327 and loss: 0.00046733258153608203.
Iter 3177 add a min_energy: 0.42176195979118347, a mean_energy: 0.6954732351005077 and loss: 0.00044030218202627757.
Iter 3178 add a min_energy: 0.42176195979118347, a mean_energy: 0.6951159996291002 and loss: 0.0009740099570571558.
Iter 3179 add a min_energy: 0.42176195979118347, a mean_energy: 0.6859653728703657 and loss: 0.0014022079010770937.
Iter 3180 add a min_energy: 0.42176195979118347, a mean_energy: 0.6972094091276327 and loss: 0.0012347082611254725.
Iter 3181 add a min_energy: 0.42176195979118347, a mean_energy: 0.691488511239489 and loss: 0.001870939831937132.
Iter 3182 add a min_energy: 0.42176195979118347, a mean_energy: 0.7019039231042067 and loss: 0.001343876842912854.
Iter 3183 add a min_energy: 0.42176195979118347, a mean_energy: 0.6989995862046877 and loss: 0.0007289205668401541.
Iter 3184 add a min_energy: 0.42176195979118347, a mean_energy: 0.6971113408605257 and loss: 0.0005922154989822149.
Iter 3185 add a min_energy: 0.42176195979118347, a mean_energy: 0.7026185244321823 and loss: 0.0003831753032453822.
Iter 3186 add a min_energy: 0.42176195979118347, a mean_energy: 0.6970106828957796 and loss: 0.0005444667606233866.
Iter 3187 add a min_energy: 0.42176195979118347, a mean_energy: 0.6999307858447233 and loss: 0.0003862817929664376.
Iter 3188 add a min_energy: 0.42176195979118347, a mean_energy: 0.6994602493941784 and loss: 9.58080031654269e-05.
Iter 3189 add a min_energy: 0.42176195979118347, a mean_energy: 0.6843081129093965 and loss: 0.0005339091147320037.
Iter 3190 add a min_energy: 0.42176195979118347, a mean_energy: 0.681642280270656 and loss: 0.0017266581363928214.
Iter 3191 add a min_energy: 0.42176195979118347, a mean_energy: 0.6991858221590519 and loss: 0.0004970413423181498.
Iter 3192 add a min_energy: 0.42176195979118347, a mean_energy: 0.702376792828242 and loss: 0.001060658580754637.
Iter 3193 add a min_energy: 0.42176195979118347, a mean_energy: 0.7001845315098763 and loss: 0.0004189092303908689.
Iter 3194 add a min_energy: 0.42176195979118347, a mean_energy: 0.701653242111206 and loss: 0.00013454699566096295.
Iter 3195 add a min_energy: 0.42176195979118347, a mean_energy: 0.6928779184818268 and loss: 0.00020319380441220455.
Iter 3196 add a min_energy: 0.42176195979118347, a mean_energy: 0.6963081744809946 and loss: 0.0009679177875956388.
Iter 3197 add a min_energy: 0.42176195979118347, a mean_energy: 0.6976111978292465 and loss: 9.694576281257061e-05.
Iter 3198 add a min_energy: 0.42176195979118347, a mean_energy: 0.6982125403980414 and loss: 0.0014515523420156962.
Iter 3199 add a min_energy: 0.42176195979118347, a mean_energy: 0.6939134846131007 and loss: 0.0013202306635985192.
Iter 3200 add a min_energy: 0.42176195979118347, a mean_energy: 0.6955508179962635 and loss: 0.0007043405227962405.
Iter 3201 add a min_energy: 0.42176195979118347, a mean_energy: 0.6998380993803343 and loss: 0.0010696825985817178.
Iter 3202 add a min_energy: 0.42176195979118347, a mean_energy: 0.6886867638677359 and loss: 0.000696711758633274.
Iter 3203 add a min_energy: 0.42176195979118347, a mean_energy: 0.7015255093574524 and loss: 0.0008605167891074302.
Iter 3204 add a min_energy: 0.42176195979118347, a mean_energy: 0.6875868961215019 and loss: 0.0006208221192080094.
Iter 3205 add a min_energy: 0.42176195979118347, a mean_energy: 0.6972090862691402 and loss: 0.0010255606635780224.
Iter 3206 add a min_energy: 0.42176195979118347, a mean_energy: 0.6785223434368769 and loss: 0.001061507107811648.
Iter 3207 add a min_energy: 0.42176195979118347, a mean_energy: 0.6963594257831573 and loss: 0.0007530176412681968.
Iter 3208 add a min_energy: 0.42176195979118347, a mean_energy: 0.6960449293255806 and loss: 0.0007501970085726403.
Iter 3209 add a min_energy: 0.42176195979118347, a mean_energy: 0.7010978658994039 and loss: 0.0009146136576754446.
Iter 3210 add a min_energy: 0.42176195979118347, a mean_energy: 0.7033068872988224 and loss: 0.00067976638636719.
Iter 3211 add a min_energy: 0.42176195979118347, a mean_energy: 0.6873408369719982 and loss: 0.00037128178268226335.
Iter 3212 add a min_energy: 0.42176195979118347, a mean_energy: 0.6905616633594036 and loss: 0.00022016606774808052.
Iter 3213 add a min_energy: 0.42176195979118347, a mean_energy: 0.7041762173175812 and loss: 0.00038192784496537014.
Iter 3214 add a min_energy: 0.42176195979118347, a mean_energy: 0.6840972105662028 and loss: 0.00027744667655959317.
Iter 3215 add a min_energy: 0.42176195979118347, a mean_energy: 0.6982370627423128 and loss: 0.00023928132782428772.
Iter 3216 add a min_energy: 0.42176195979118347, a mean_energy: 0.6904760338366032 and loss: 0.0003368577261649723.
Iter 3217 add a min_energy: 0.42176195979118347, a mean_energy: 0.6887852164606253 and loss: 0.0008367895908602033.
Iter 3218 add a min_energy: 0.42176195979118347, a mean_energy: 0.6978508320947489 and loss: 0.000731938630211844.
Iter 3219 add a min_energy: 0.42176195979118347, a mean_energy: 0.6987491672237715 and loss: 0.0006937110525409118.
Iter 3220 add a min_energy: 0.42176195979118347, a mean_energy: 0.6977970091005167 and loss: 0.0006125898007174834.
Iter 3221 add a min_energy: 0.42176195979118347, a mean_energy: 0.6933150639136633 and loss: 0.0005482475174783401.
Iter 3222 add a min_energy: 0.42176195979118347, a mean_energy: 0.6885213715334734 and loss: 0.0004931886782998398.
Iter 3223 add a min_energy: 0.42176195979118347, a mean_energy: 0.6897274305423101 and loss: 0.0012313299629298276.
Iter 3224 add a min_energy: 0.42176195979118347, a mean_energy: 0.6973652405043443 and loss: 0.0015576630734576487.
Iter 3225 add a min_energy: 0.42176195979118347, a mean_energy: 0.6901472782095274 and loss: 0.0010705498118360338.
Iter 3226 add a min_energy: 0.42176195979118347, a mean_energy: 0.692802840222915 and loss: 0.00143839751458351.
Iter 3227 add a min_energy: 0.42176195979118347, a mean_energy: 0.7096102672318617 and loss: 0.0006683436742845809.
Iter 3228 add a min_energy: 0.42176195979118347, a mean_energy: 0.7041524797677994 and loss: 0.0006630190678137879.
Iter 3229 add a min_energy: 0.42176195979118347, a mean_energy: 0.7186152935028076 and loss: 0.0012958068100878107.
Iter 3230 add a min_energy: 0.42176195979118347, a mean_energy: 0.7019556177159151 and loss: 0.0012966521152161525.
Iter 3231 add a min_energy: 0.42176195979118347, a mean_energy: 0.6957160693903764 and loss: 0.0010206187294068715.
Iter 3232 add a min_energy: 0.42176195979118347, a mean_energy: 0.6972195468842983 and loss: 0.0011277357296922649.
Iter 3233 add a min_energy: 0.42176195979118347, a mean_energy: 0.701238926500082 and loss: 0.0013410349923792713.
Iter 3234 add a min_energy: 0.42176195979118347, a mean_energy: 0.7012328865627447 and loss: 0.0015745781568334554.
Iter 3235 add a min_energy: 0.42176195979118347, a mean_energy: 0.698465292652448 and loss: 0.0016803501874810456.
Iter 3236 add a min_energy: 0.42176195979118347, a mean_energy: 0.6837983317673206 and loss: 0.0005950006834709083.
Iter 3237 add a min_energy: 0.42176195979118347, a mean_energy: 0.6853251519302527 and loss: 0.0002787727645099339.
Iter 3238 add a min_energy: 0.42176195979118347, a mean_energy: 0.7030702295402685 and loss: 0.0005182871313479081.
Iter 3239 add a min_energy: 0.42176195979118347, a mean_energy: 0.711879275739193 and loss: 0.0007814534942937829.
Iter 3240 add a min_energy: 0.42176195979118347, a mean_energy: 0.6887419484555721 and loss: 0.00047619274433773404.
Iter 3241 add a min_energy: 0.42176195979118347, a mean_energy: 0.6960805393755436 and loss: 0.0004892960333650697.
Iter 3242 add a min_energy: 0.42176195979118347, a mean_energy: 0.6884997331847748 and loss: 0.00038239026428130916.
Iter 3243 add a min_energy: 0.42176195979118347, a mean_energy: 0.6891710559527079 and loss: 0.0009342566917535189.
Iter 3244 add a min_energy: 0.42176195979118347, a mean_energy: 0.6985453988114992 and loss: 0.0010887683490246587.
Iter 3245 add a min_energy: 0.42176195979118347, a mean_energy: 0.695091687142849 and loss: 0.0009640953263484296.
Iter 3246 add a min_energy: 0.42176195979118347, a mean_energy: 0.7010749777158102 and loss: 0.0008675350692822997.
Iter 3247 add a min_energy: 0.42176195979118347, a mean_energy: 0.6867927759885788 and loss: 0.0004693065001799479.
Iter 3248 add a min_energy: 0.42176195979118347, a mean_energy: 0.6973818403979143 and loss: 0.0007183997098928478.
Iter 3249 add a min_energy: 0.42176195979118347, a mean_energy: 0.6966999943057696 and loss: 0.0006896015101886466.
Iter 3250 add a min_energy: 0.42176195979118347, a mean_energy: 0.6947261709719896 and loss: 0.0008771561814535023.
Iter 3251 add a min_energy: 0.42176195979118347, a mean_energy: 0.7036746516823769 and loss: 0.0007579558093593432.
Iter 3252 add a min_energy: 0.42176195979118347, a mean_energy: 0.6975454489390055 and loss: 0.0006867086001069403.
Iter 3253 add a min_energy: 0.42176195979118347, a mean_energy: 0.6977517604827881 and loss: 0.0009589693549085922.
Iter 3254 add a min_energy: 0.42176195979118347, a mean_energy: 0.6951301147540411 and loss: 0.0009689090937602593.
Iter 3255 add a min_energy: 0.42176195979118347, a mean_energy: 0.7001648768782616 and loss: 0.0012338353417029589.
Iter 3256 add a min_energy: 0.42176195979118347, a mean_energy: 0.6992161199450493 and loss: 0.0012988648988927509.
Iter 3257 add a min_energy: 0.42176195979118347, a mean_energy: 0.6987737889091173 and loss: 0.0012057266150209997.
Iter 3258 add a min_energy: 0.42176195979118347, a mean_energy: 0.6987870441128811 and loss: 0.0011241351094257199.
Iter 3259 add a min_energy: 0.42176195979118347, a mean_energy: 0.6870903670787811 and loss: 0.0018097760655979977.
Iter 3260 add a min_energy: 0.42176195979118347, a mean_energy: 0.692103644212087 and loss: 0.0014686701995998788.
Iter 3261 add a min_energy: 0.42176195979118347, a mean_energy: 0.699779481937488 and loss: 0.001634106718632066.
Iter 3262 add a min_energy: 0.42176195979118347, a mean_energy: 0.709337887664636 and loss: 0.00040217586908641997.
Iter 3263 add a min_energy: 0.42176195979118347, a mean_energy: 0.7003872406979402 and loss: 0.00026031435903889225.
Iter 3264 add a min_energy: 0.42176195979118347, a mean_energy: 0.6877727061510086 and loss: 0.00034592332420872637.
Iter 3265 add a min_energy: 0.42176195979118347, a mean_energy: 0.6834335053960482 and loss: 0.0013601093374165452.
Iter 3266 add a min_energy: 0.42176195979118347, a mean_energy: 0.6974398816625277 and loss: 0.0015138351752325336.
Iter 3267 add a min_energy: 0.42176195979118347, a mean_energy: 0.6894621302684149 and loss: 0.0007867884043429119.
Iter 3268 add a min_energy: 0.42176195979118347, a mean_energy: 0.6921965256333351 and loss: 0.0009267968320956711.
Iter 3269 add a min_energy: 0.42176195979118347, a mean_energy: 0.6944784956673781 and loss: 0.0007228806514779061.
Iter 3270 add a min_energy: 0.42176195979118347, a mean_energy: 0.6980078568061193 and loss: 0.0007748133005533225.
Iter 3271 add a min_energy: 0.42176195979118347, a mean_energy: 0.69453173254927 and loss: 0.001184711542322088.
Iter 3272 add a min_energy: 0.42176195979118347, a mean_energy: 0.6984680232902368 and loss: 0.0008832285266646331.
Iter 3273 add a min_energy: 0.42176195979118347, a mean_energy: 0.68704396362106 and loss: 0.0004360712253306616.
Iter 3274 add a min_energy: 0.42176195979118347, a mean_energy: 0.6899533371130625 and loss: 0.0004155597488130628.
Iter 3275 add a min_energy: 0.42176195979118347, a mean_energy: 0.693666057040294 and loss: 0.0005143271882474741.
Iter 3276 add a min_energy: 0.42176195979118347, a mean_energy: 0.6972769678880771 and loss: 0.0004660552643109703.
Iter 3277 add a min_energy: 0.42176195979118347, a mean_energy: 0.706417209158341 and loss: 0.00028802426279304075.
Iter 3278 add a min_energy: 0.42176195979118347, a mean_energy: 0.6847658467789491 and loss: 0.0004346883679935971.
Iter 3279 add a min_energy: 0.42176195979118347, a mean_energy: 0.6885613047828277 and loss: 0.0005504162483950083.
Iter 3280 add a min_energy: 0.42176195979118347, a mean_energy: 0.7020701927443346 and loss: 0.0002680149912260902.
Iter 3281 add a min_energy: 0.42176195979118347, a mean_energy: 0.7040132383505503 and loss: 0.0002666583632473966.
Iter 3282 add a min_energy: 0.42176195979118347, a mean_energy: 0.7082958792646726 and loss: 0.0006796483925884658.
Iter 3283 add a min_energy: 0.42176195979118347, a mean_energy: 0.6896954054633776 and loss: 0.0005077144355924746.
Iter 3284 add a min_energy: 0.42176195979118347, a mean_energy: 0.6930869159599146 and loss: 0.0005017233929789739.
Iter 3285 add a min_energy: 0.42176195979118347, a mean_energy: 0.7088535837829113 and loss: 0.0009810327238124442.
Iter 3286 add a min_energy: 0.42176195979118347, a mean_energy: 0.6783395657936732 and loss: 0.0010450080613416696.
Iter 3287 add a min_energy: 0.42176195979118347, a mean_energy: 0.6971956814328829 and loss: 0.0008925799008123507.
Iter 3288 add a min_energy: 0.42176195979118347, a mean_energy: 0.6988892244795958 and loss: 0.0008566591908585964.
Iter 3289 add a min_energy: 0.42176195979118347, a mean_energy: 0.7025019948681196 and loss: 0.000780513815400161.
Iter 3290 add a min_energy: 0.42176195979118347, a mean_energy: 0.6894084500769774 and loss: 0.0009873880410484108.
Iter 3291 add a min_energy: 0.42176195979118347, a mean_energy: 0.7007493476072947 and loss: 0.0009222040410176248.
Iter 3292 add a min_energy: 0.42176195979118347, a mean_energy: 0.6924099437892437 and loss: 0.0009861732551097889.
Iter 3293 add a min_energy: 0.42176195979118347, a mean_energy: 0.6872884593904018 and loss: 0.0013421123318286949.
Iter 3294 add a min_energy: 0.42176195979118347, a mean_energy: 0.6880502216517925 and loss: 0.0009029896065966245.
Iter 3295 add a min_energy: 0.42176195979118347, a mean_energy: 0.680565477659305 and loss: 8.638443600600392e-05.
Iter 3296 add a min_energy: 0.42176195979118347, a mean_energy: 0.7141322307288647 and loss: 0.0007433648963298714.
Iter 3297 add a min_energy: 0.42176195979118347, a mean_energy: 0.7088039306302866 and loss: 0.0005190084913252969.
Iter 3298 add a min_energy: 0.42176195979118347, a mean_energy: 0.6953669177989165 and loss: 0.0007146971149603705.
Iter 3299 add a min_energy: 0.42176195979118347, a mean_energy: 0.7046304295460383 and loss: 0.0003351241400472993.
Iter 3300 add a min_energy: 0.42176195979118347, a mean_energy: 0.6940042860805988 and loss: 0.00031436172612860384.
Iter 3301 add a min_energy: 0.42176195979118347, a mean_energy: 0.6802472807466984 and loss: 0.00013397236249775005.
Iter 3302 add a min_energy: 0.42176195979118347, a mean_energy: 0.7036863329509894 and loss: 0.000363007234535122.
Iter 3303 add a min_energy: 0.42176195979118347, a mean_energy: 0.6908340764542421 and loss: 0.000283746842162959.
Iter 3304 add a min_energy: 0.42176195979118347, a mean_energy: 0.6899339761584997 and loss: 0.0002757388523244742.
Iter 3305 add a min_energy: 0.42176195979118347, a mean_energy: 0.7045220856865247 and loss: 7.779564531026917e-05.
Iter 3306 add a min_energy: 0.42176195979118347, a mean_energy: 0.7085369850198427 and loss: 0.00011562789394017919.
Iter 3307 add a min_energy: 0.42176195979118347, a mean_energy: 0.70220194136103 and loss: 0.0001556640585977614.
Iter 3308 add a min_energy: 0.42176195979118347, a mean_energy: 0.7028229547043642 and loss: 0.00036148234981530676.
Iter 3309 add a min_energy: 0.42176195979118347, a mean_energy: 0.7089494454363982 and loss: 0.0010265692266814633.
Iter 3310 add a min_energy: 0.42176195979118347, a mean_energy: 0.6858449081579844 and loss: 0.0006043614393922126.
Iter 3311 add a min_energy: 0.42176195979118347, a mean_energy: 0.6977841444313526 and loss: 0.0005951403569484327.
Iter 3312 add a min_energy: 0.42176195979118347, a mean_energy: 0.7120754358669122 and loss: 0.0012771791549770583.
Iter 3313 add a min_energy: 0.42176195979118347, a mean_energy: 0.7070678398013115 and loss: 0.0018798191528910043.
Iter 3314 add a min_energy: 0.42176195979118347, a mean_energy: 0.6944795263310274 and loss: 0.0017398810603590966.
Iter 3315 add a min_energy: 0.42176195979118347, a mean_energy: 0.711168165008227 and loss: 0.0023052853469663326.
Iter 3316 add a min_energy: 0.42176195979118347, a mean_energy: 0.7091552106042703 and loss: 0.001739083446905294.
Iter 3317 add a min_energy: 0.42176195979118347, a mean_energy: 0.7030316752692064 and loss: 0.0007548087558682447.
Iter 3318 add a min_energy: 0.42176195979118347, a mean_energy: 0.692738334958752 and loss: 0.00026254095404985975.
Iter 3319 add a min_energy: 0.42176195979118347, a mean_energy: 0.6908314966907104 and loss: 0.00011075562722558255.
Iter 3320 add a min_energy: 0.42176195979118347, a mean_energy: 0.6882893616954485 and loss: 0.0001326816225415342.
Iter 3321 add a min_energy: 0.42176195979118347, a mean_energy: 0.6943349291880926 and loss: 0.00033807124647368815.
Iter 3322 add a min_energy: 0.42176195979118347, a mean_energy: 0.6930918730795383 and loss: 0.0007193330162537359.
Iter 3323 add a min_energy: 0.42176195979118347, a mean_energy: 0.6950613570710024 and loss: 0.0006342122211064735.
Iter 3324 add a min_energy: 0.42176195979118347, a mean_energy: 0.6982924366990725 and loss: 0.0004927626869140364.
Iter 3325 add a min_energy: 0.42176195979118347, a mean_energy: 0.6952834675709406 and loss: 0.00034157279290324735.
Iter 3326 add a min_energy: 0.42176195979118347, a mean_energy: 0.694076502074798 and loss: 0.0006161892682075094.
Iter 3327 add a min_energy: 0.42176195979118347, a mean_energy: 0.6839930253724257 and loss: 0.0011081776118165335.
Iter 3328 add a min_energy: 0.42176195979118347, a mean_energy: 0.6950940402845541 and loss: 0.0003645322651125224.
Iter 3329 add a min_energy: 0.42176195979118347, a mean_energy: 0.7022942540546259 and loss: 0.0008742312611121727.
Iter 3330 add a min_energy: 0.42176195979118347, a mean_energy: 0.6905627983311812 and loss: 0.0012564288306111857.
Iter 3331 add a min_energy: 0.42176195979118347, a mean_energy: 0.7023610758284727 and loss: 0.000943542896425619.
Iter 3332 add a min_energy: 0.42176195979118347, a mean_energy: 0.6868771811326345 and loss: 0.0012327220028505847.
Iter 3333 add a min_energy: 0.42176195979118347, a mean_energy: 0.6908704750239849 and loss: 0.0007908200204033369.
Iter 3334 add a min_energy: 0.42176195979118347, a mean_energy: 0.6997678205370903 and loss: 0.0004700256320493971.
Iter 3335 add a min_energy: 0.42176195979118347, a mean_energy: 0.7041643845538298 and loss: 0.00017225566478452702.
Iter 3336 add a min_energy: 0.42176195979118347, a mean_energy: 0.687921617180109 and loss: 0.00040960443803457936.
Iter 3337 add a min_energy: 0.42176195979118347, a mean_energy: 0.6925810972849528 and loss: 0.00048306173321936106.
Iter 3338 add a min_energy: 0.42176195979118347, a mean_energy: 0.6820729784667492 and loss: 0.0009649688837609008.
Iter 3339 add a min_energy: 0.42176195979118347, a mean_energy: 0.6926767577727636 and loss: 0.0009569421656079559.
Iter 3340 add a min_energy: 0.42176195979118347, a mean_energy: 0.7087045485774676 and loss: 0.00019997584731170422.
Iter 3341 add a min_energy: 0.42176195979118347, a mean_energy: 0.7115534506738186 and loss: 0.000389528825258297.
Iter 3342 add a min_energy: 0.42176195979118347, a mean_energy: 0.7089083132644495 and loss: 0.0001623497415416376.
Iter 3343 add a min_energy: 0.42176195979118347, a mean_energy: 0.6993502167363962 and loss: 0.0003626729901341913.
Iter 3344 add a min_energy: 0.42176195979118347, a mean_energy: 0.6909561678767204 and loss: 9.53747255998569e-05.
Iter 3345 add a min_energy: 0.42176195979118347, a mean_energy: 0.692558949192365 and loss: 0.0001262005529834878.
Iter 3346 add a min_energy: 0.42176195979118347, a mean_energy: 0.6892379050453504 and loss: 0.0001498213893311751.
Iter 3347 add a min_energy: 0.42176195979118347, a mean_energy: 0.6880982977648576 and loss: 0.00015312874444057485.
Iter 3348 add a min_energy: 0.42176195979118347, a mean_energy: 0.6875820470352968 and loss: 0.00041689445890555885.
Iter 3349 add a min_energy: 0.42176195979118347, a mean_energy: 0.6964402695496877 and loss: 9.440502204024867e-05.
Iter 3350 add a min_energy: 0.42176195979118347, a mean_energy: 0.6862399615347385 and loss: 9.22432064004406e-05.
Iter 3351 add a min_energy: 0.42176195979118347, a mean_energy: 0.7020223153134187 and loss: 7.486739076146481e-05.
Iter 3352 add a min_energy: 0.42176195979118347, a mean_energy: 0.6956536322832108 and loss: 0.0003114982982304056.
Iter 3353 add a min_energy: 0.42176195979118347, a mean_energy: 0.6917718313634396 and loss: 0.00044162094380807135.
Iter 3354 add a min_energy: 0.42176195979118347, a mean_energy: 0.7122208637495836 and loss: 3.69430175480621e-05.
Iter 3355 add a min_energy: 0.42176195979118347, a mean_energy: 0.6995337270200253 and loss: 8.142772944755534e-05.
Iter 3356 add a min_energy: 0.42176195979118347, a mean_energy: 0.7030244668324789 and loss: 0.00012884727277571962.
Iter 3357 add a min_energy: 0.42176195979118347, a mean_energy: 0.7065079646805922 and loss: 0.00043693537016019053.
Iter 3358 add a min_energy: 0.42176195979118347, a mean_energy: 0.705896599839131 and loss: 0.0009741125277199078.
Iter 3359 add a min_energy: 0.42176195979118347, a mean_energy: 0.6830622938772043 and loss: 0.00037680787167758694.
Iter 3360 add a min_energy: 0.42176195979118347, a mean_energy: 0.7068767249584198 and loss: 0.0005455849971732853.
Iter 3361 add a min_energy: 0.42176195979118347, a mean_energy: 0.696340041855971 and loss: 0.00010665755396827942.
Iter 3362 add a min_energy: 0.42176195979118347, a mean_energy: 0.7173630346854528 and loss: 0.0005329858136502068.
Iter 3363 add a min_energy: 0.42176195979118347, a mean_energy: 0.7022558158884445 and loss: 0.00018202319700655933.
Iter 3364 add a min_energy: 0.42176195979118347, a mean_energy: 0.7099532832702001 and loss: 0.0002720722292318891.
Iter 3365 add a min_energy: 0.42176195979118347, a mean_energy: 0.6901670383910338 and loss: 8.618028343310875e-05.
Iter 3366 add a min_energy: 0.42176195979118347, a mean_energy: 0.6960481194158396 and loss: 4.238571803852325e-05.
Iter 3367 add a min_energy: 0.42176195979118347, a mean_energy: 0.681311392535766 and loss: 0.00021519154938726766.
Iter 3368 add a min_energy: 0.42176195979118347, a mean_energy: 0.6903485332926115 and loss: 0.00020381436654370204.
Iter 3369 add a min_energy: 0.42176195979118347, a mean_energy: 0.6853777077049017 and loss: 0.0003756037288078008.
Iter 3370 add a min_energy: 0.42176195979118347, a mean_energy: 0.6976636201143265 and loss: 0.000377768653692665.
Iter 3371 add a min_energy: 0.42176195979118347, a mean_energy: 0.6901728243877491 and loss: 0.0006276243009271184.
Iter 3372 add a min_energy: 0.42176195979118347, a mean_energy: 0.7026181928813457 and loss: 0.0003516817317054081.
Iter 3373 add a min_energy: 0.42176195979118347, a mean_energy: 0.6882458608597517 and loss: 0.0008866434971076998.
Iter 3374 add a min_energy: 0.42176195979118347, a mean_energy: 0.6983816102147102 and loss: 0.000505386834080427.
Iter 3375 add a min_energy: 0.42176195979118347, a mean_energy: 0.6911096181720495 and loss: 0.00047894679017594416.
Iter 3376 add a min_energy: 0.42176195979118347, a mean_energy: 0.6949317020674547 and loss: 0.00032231775130796676.
Iter 3377 add a min_energy: 0.42176195979118347, a mean_energy: 0.6878832591076692 and loss: 0.0004726619957296243.
Iter 3378 add a min_energy: 0.42176195979118347, a mean_energy: 0.6914589926600456 and loss: 0.00020676360308935864.
Iter 3379 add a min_energy: 0.42176195979118347, a mean_energy: 0.7004703146715959 and loss: 0.0001945918197017055.
Iter 3380 add a min_energy: 0.42176195979118347, a mean_energy: 0.6964981990555922 and loss: 5.666935389868447e-05.
Iter 3381 add a min_energy: 0.42176195979118347, a mean_energy: 0.6944259827335676 and loss: 6.196178649427337e-05.
Iter 3382 add a min_energy: 0.42176195979118347, a mean_energy: 0.7037255167961121 and loss: 0.0002539601324999581.
Iter 3383 add a min_energy: 0.42176195979118347, a mean_energy: 0.7023175197343031 and loss: 0.00040379488999203863.
Iter 3384 add a min_energy: 0.42176195979118347, a mean_energy: 0.7045306141177813 and loss: 0.000815788466185676.
Iter 3385 add a min_energy: 0.42176195979118347, a mean_energy: 0.6941298631330332 and loss: 0.0012246893044566957.
Iter 3386 add a min_energy: 0.42176195979118347, a mean_energy: 0.7004114277660847 and loss: 0.0010476523063265102.
Iter 3387 add a min_energy: 0.42176195979118347, a mean_energy: 0.6962272773186365 and loss: 0.0017302040590517597.
Iter 3388 add a min_energy: 0.42176195979118347, a mean_energy: 0.682681780308485 and loss: 0.000610095739273559.
Iter 3389 add a min_energy: 0.42176195979118347, a mean_energy: 0.7009254073103269 and loss: 0.0005403716140873992.
Iter 3390 add a min_energy: 0.42176195979118347, a mean_energy: 0.6967048222819964 and loss: 0.0004824115556624278.
Iter 3391 add a min_energy: 0.42176195979118347, a mean_energy: 0.6884366683661938 and loss: 0.0002491182052816494.
Iter 3392 add a min_energy: 0.42176195979118347, a mean_energy: 0.6969363701840242 and loss: 0.0001861062270265716.
Iter 3393 add a min_energy: 0.42176195979118347, a mean_energy: 0.6769704775263866 and loss: 0.0002286231616223353.
Iter 3394 add a min_energy: 0.42176195979118347, a mean_energy: 0.6941247632106146 and loss: 0.00014575413355406914.
Iter 3395 add a min_energy: 0.42176195979118347, a mean_energy: 0.7119979585210482 and loss: 0.00017090513344246674.
Iter 3396 add a min_energy: 0.42176195979118347, a mean_energy: 0.6972890632847945 and loss: 0.00018056206894644073.
Iter 3397 add a min_energy: 0.42176195979118347, a mean_energy: 0.6820733770728111 and loss: 0.00026086777001786785.
Iter 3398 add a min_energy: 0.42176195979118347, a mean_energy: 0.6991799113651117 and loss: 0.0002418306765820126.
Iter 3399 add a min_energy: 0.42176195979118347, a mean_energy: 0.6969548699756464 and loss: 0.0003069492470444332.
Iter 3400 add a min_energy: 0.42176195979118347, a mean_energy: 0.6995662997166315 and loss: 0.0003374171709129845.
Iter 3401 add a min_energy: 0.42176195979118347, a mean_energy: 0.7023173881073793 and loss: 0.00019044520819027025.
Iter 3402 add a min_energy: 0.42176195979118347, a mean_energy: 0.6997109440465769 and loss: 0.0003447914925168815.
Iter 3403 add a min_energy: 0.42176195979118347, a mean_energy: 0.6896967453261217 and loss: 0.0004440192377088881.
Iter 3404 add a min_energy: 0.42176195979118347, a mean_energy: 0.701603668431441 and loss: 0.0006229841253626473.
Iter 3405 add a min_energy: 0.42176195979118347, a mean_energy: 0.7036335182686647 and loss: 0.00032830576307523633.
Iter 3406 add a min_energy: 0.42176195979118347, a mean_energy: 0.6810587725291649 and loss: 0.0001579872307162309.
Iter 3407 add a min_energy: 0.42176195979118347, a mean_energy: 0.698977667838335 and loss: 2.8186103910136078e-05.
Iter 3408 add a min_energy: 0.42176195979118347, a mean_energy: 0.7036841561396917 and loss: 4.6074886272957706e-05.
Iter 3409 add a min_energy: 0.42176195979118347, a mean_energy: 0.6948252419630686 and loss: 4.737388984187281e-05.
Iter 3410 add a min_energy: 0.42176195979118347, a mean_energy: 0.6962994088729223 and loss: 0.0002753626644796679.
Iter 3411 add a min_energy: 0.42176195979118347, a mean_energy: 0.7026888144512972 and loss: 0.0003453525435570674.
Iter 3412 add a min_energy: 0.42176195979118347, a mean_energy: 0.7224225426713625 and loss: 0.00017119674550331498.
Iter 3413 add a min_energy: 0.42176195979118347, a mean_energy: 0.6999847938617071 and loss: 0.0003145271497576884.
Iter 3414 add a min_energy: 0.42176195979118347, a mean_energy: 0.7038379050791264 and loss: 0.0005688465943728147.
Iter 3415 add a min_energy: 0.42176195979118347, a mean_energy: 0.7020323202013969 and loss: 0.0007306978396091776.
Iter 3416 add a min_energy: 0.42176195979118347, a mean_energy: 0.7073405620952448 and loss: 0.0011672334518805251.
Iter 3417 add a min_energy: 0.42176195979118347, a mean_energy: 0.6967013292014599 and loss: 0.000923003475994478.
Iter 3418 add a min_energy: 0.42176195979118347, a mean_energy: 0.7012288222710291 and loss: 0.0007556374643796004.
Iter 3419 add a min_energy: 0.42176195979118347, a mean_energy: 0.6928296498954296 and loss: 0.0007296090215813914.
Iter 3420 add a min_energy: 0.42176195979118347, a mean_energy: 0.691386055201292 and loss: 0.00027453007593077283.
Iter 3421 add a min_energy: 0.42176195979118347, a mean_energy: 0.7006101422011852 and loss: 0.00021037082828732304.
Iter 3422 add a min_energy: 0.42176195979118347, a mean_energy: 0.6892724807063738 and loss: 0.00011518878509923228.
Iter 3423 add a min_energy: 0.42176195979118347, a mean_energy: 0.6945899873971939 and loss: 9.180881382569943e-05.
Iter 3424 add a min_energy: 0.42176195979118347, a mean_energy: 0.6933205425739288 and loss: 0.00014351089685729076.
Iter 3425 add a min_energy: 0.42176195979118347, a mean_energy: 0.7017417798439661 and loss: 8.651567085314174e-05.
Iter 3426 add a min_energy: 0.42176195979118347, a mean_energy: 0.6932518916825453 and loss: 9.881934718913824e-05.
Iter 3427 add a min_energy: 0.42176195979118347, a mean_energy: 0.7116632709900538 and loss: 0.00021122719071076806.
Iter 3428 add a min_energy: 0.42176195979118347, a mean_energy: 0.6953186802566051 and loss: 0.0001292545164097122.
Iter 3429 add a min_energy: 0.42176195979118347, a mean_energy: 0.6998031698167324 and loss: 0.0003203341377079792.
Iter 3430 add a min_energy: 0.42176195979118347, a mean_energy: 0.7058907126386961 and loss: 0.0003694916096311064.
Iter 3431 add a min_energy: 0.42176195979118347, a mean_energy: 0.7049673460423946 and loss: 0.0004972883481893745.
Iter 3432 add a min_energy: 0.42176195979118347, a mean_energy: 0.7102669266362985 and loss: 0.0021848945511021883.
Iter 3433 add a min_energy: 0.42176195979118347, a mean_energy: 0.6934669303397337 and loss: 0.0008218867645270079.
Iter 3434 add a min_energy: 0.42176195979118347, a mean_energy: 0.6969000386695067 and loss: 0.0006299918442799722.
Iter 3435 add a min_energy: 0.42176195979118347, a mean_energy: 0.7042763338734707 and loss: 0.0014965902109119892.
Iter 3436 add a min_energy: 0.42176195979118347, a mean_energy: 0.7016130226353804 and loss: 0.00030774692365931095.
Iter 3437 add a min_energy: 0.42176195979118347, a mean_energy: 0.7134114541113377 and loss: 0.0005728252026649487.
Iter 3438 add a min_energy: 0.42176195979118347, a mean_energy: 0.6945310533046722 and loss: 0.00016881734215878124.
Iter 3439 add a min_energy: 0.42176195979118347, a mean_energy: 0.7005323482056459 and loss: 0.00013117413615900978.
Iter 3440 add a min_energy: 0.42176195979118347, a mean_energy: 0.6927709343532721 and loss: 6.151556934373814e-05.
Iter 3441 add a min_energy: 0.42176195979118347, a mean_energy: 0.695591357226173 and loss: 4.512983780606089e-05.
Iter 3442 add a min_energy: 0.42176195979118347, a mean_energy: 0.7032723873853683 and loss: 9.84607087745347e-05.
Iter 3443 add a min_energy: 0.42176195979118347, a mean_energy: 0.6999700088053942 and loss: 0.00037035404775993596.
Iter 3444 add a min_energy: 0.42176195979118347, a mean_energy: 0.6925435240070025 and loss: 0.0008304068892919039.
Iter 3445 add a min_energy: 0.42176195979118347, a mean_energy: 0.7017203954358896 and loss: 0.0006360838303226358.
Iter 3446 add a min_energy: 0.42176195979118347, a mean_energy: 0.7062400393188 and loss: 0.00024580744807952234.
Iter 3447 add a min_energy: 0.42176195979118347, a mean_energy: 0.7032737831274668 and loss: 0.00041818228808515064.
Iter 3448 add a min_energy: 0.42176195979118347, a mean_energy: 0.7049557057519754 and loss: 0.00022056133921177312.
Iter 3449 add a min_energy: 0.42176195979118347, a mean_energy: 0.6992185500760874 and loss: 0.00016398834611253992.
Iter 3450 add a min_energy: 0.42176195979118347, a mean_energy: 0.6985733931263288 and loss: 0.00019848540593392735.
Iter 3451 add a min_energy: 0.42176195979118347, a mean_energy: 0.6989565466841062 and loss: 0.00021493393918631772.
Iter 3452 add a min_energy: 0.42176195979118347, a mean_energy: 0.6928732643524805 and loss: 4.899181838070527e-05.
Iter 3453 add a min_energy: 0.42176195979118347, a mean_energy: 0.703562947611014 and loss: 0.00011694674724183079.
Iter 3454 add a min_energy: 0.42176195979118347, a mean_energy: 0.6876778124521176 and loss: 0.00033643656217008556.
Iter 3455 add a min_energy: 0.42176195979118347, a mean_energy: 0.7080215513706207 and loss: 0.00021670435564031198.
Iter 3456 add a min_energy: 0.42176195979118347, a mean_energy: 0.6835374856988589 and loss: 0.0006415488796017824.
Iter 3457 add a min_energy: 0.42176195979118347, a mean_energy: 0.6868271591762701 and loss: 0.0012863362320474092.
Iter 3458 add a min_energy: 0.42176195979118347, a mean_energy: 0.6857137382030487 and loss: 0.0019261991182069553.
Iter 3459 add a min_energy: 0.42176195979118347, a mean_energy: 0.6935967970639467 and loss: 0.0022604937063689457.
Iter 3460 add a min_energy: 0.42176195979118347, a mean_energy: 0.6924539220829805 and loss: 0.0011976601640397789.
Iter 3461 add a min_energy: 0.42176195979118347, a mean_energy: 0.7070711180567741 and loss: 0.0008007283595355696.
Iter 3462 add a min_energy: 0.42176195979118347, a mean_energy: 0.6933436623464028 and loss: 0.0007688130117398881.
Iter 3463 add a min_energy: 0.42176195979118347, a mean_energy: 0.704272365818421 and loss: 0.0003392201096561609.
Iter 3464 add a min_energy: 0.42176195979118347, a mean_energy: 0.7037786282598972 and loss: 0.0004189046491377142.
Iter 3465 add a min_energy: 0.42176195979118347, a mean_energy: 0.6869288527717193 and loss: 0.0007576874993094748.
Iter 3466 add a min_energy: 0.42176195979118347, a mean_energy: 0.6838444961855809 and loss: 0.0008644832134264612.
Iter 3467 add a min_energy: 0.42176195979118347, a mean_energy: 0.7072445588807265 and loss: 0.0002078812381766056.
Iter 3468 add a min_energy: 0.42176195979118347, a mean_energy: 0.6935711391270161 and loss: 0.0001382718659817116.
Iter 3469 add a min_energy: 0.42176195979118347, a mean_energy: 0.6979473829269409 and loss: 3.9017065969221435e-05.
Iter 3470 add a min_energy: 0.42176195979118347, a mean_energy: 0.7033694175382456 and loss: 2.2323222459935502e-05.
Iter 3471 add a min_energy: 0.42176195979118347, a mean_energy: 0.7115283794701099 and loss: 0.0005612617788031242.
Iter 3472 add a min_energy: 0.42176195979118347, a mean_energy: 0.6903417271872362 and loss: 0.0002180413244100601.
Iter 3473 add a min_energy: 0.42176195979118347, a mean_energy: 0.6934847856561343 and loss: 0.000387412201259146.
Iter 3474 add a min_energy: 0.42176195979118347, a mean_energy: 0.7081850444277128 and loss: 0.000936261684130316.
Iter 3475 add a min_energy: 0.42176195979118347, a mean_energy: 0.702823281288147 and loss: 0.0017863513506447795.
Iter 3476 add a min_energy: 0.42176195979118347, a mean_energy: 0.6946917523940405 and loss: 0.0017518586720128432.
Iter 3477 add a min_energy: 0.42176195979118347, a mean_energy: 0.6963182451824347 and loss: 0.0016435276959077684.
Iter 3478 add a min_energy: 0.42176195979118347, a mean_energy: 0.7067667556305727 and loss: 0.002493014250798563.
Iter 3479 add a min_energy: 0.42176195979118347, a mean_energy: 0.6840188317000866 and loss: 0.0012277656564121033.
Iter 3480 add a min_energy: 0.42176195979118347, a mean_energy: 0.6816725252817074 and loss: 0.0006075746938173865.
Iter 3481 add a min_energy: 0.42176195979118347, a mean_energy: 0.6860239443679651 and loss: 0.0007746184998517143.
Iter 3482 add a min_energy: 0.42176195979118347, a mean_energy: 0.7028323772052923 and loss: 0.0005490834384972005.
Iter 3483 add a min_energy: 0.42176195979118347, a mean_energy: 0.6901058418055376 and loss: 0.0002650821322127606.
Iter 3484 add a min_energy: 0.42176195979118347, a mean_energy: 0.6994865586360296 and loss: 0.00018921288448812512.
Iter 3485 add a min_energy: 0.42176195979118347, a mean_energy: 0.677426823725303 and loss: 0.00010114511561185376.
Iter 3486 add a min_energy: 0.42176195979118347, a mean_energy: 0.6994151175022125 and loss: 0.00012950094385689334.
Iter 3487 add a min_energy: 0.42176195979118347, a mean_energy: 0.6876931736866633 and loss: 0.0001040772666802533.
Iter 3488 add a min_energy: 0.42176195979118347, a mean_energy: 0.6948925194640955 and loss: 8.487901140905397e-05.
Iter 3489 add a min_energy: 0.42176195979118347, a mean_energy: 0.6947335886458555 and loss: 8.808885439238962e-05.
Iter 3490 add a min_energy: 0.42176195979118347, a mean_energy: 0.6921079208453497 and loss: 6.87955111068742e-05.
Iter 3491 add a min_energy: 0.42176195979118347, a mean_energy: 0.6964567589263121 and loss: 5.3202312770390143e-05.
Iter 3492 add a min_energy: 0.42176195979118347, a mean_energy: 0.6909384715060393 and loss: 0.00013329846845624679.
Iter 3493 add a min_energy: 0.42176195979118347, a mean_energy: 0.6896566152572632 and loss: 0.0012178485417934893.
Iter 3494 add a min_energy: 0.42176195979118347, a mean_energy: 0.7050652652978897 and loss: 0.00015187027575300528.
Iter 3495 add a min_energy: 0.42176195979118347, a mean_energy: 0.7143512554466724 and loss: 0.00035283818634206695.
Iter 3496 add a min_energy: 0.42176195979118347, a mean_energy: 0.6878682139019171 and loss: 0.0003857142578904545.
Iter 3497 add a min_energy: 0.42176195979118347, a mean_energy: 0.6986390575766563 and loss: 8.123427690269849e-05.
Iter 3498 add a min_energy: 0.42176195979118347, a mean_energy: 0.7056076005101204 and loss: 0.00013037105078334487.
Iter 3499 add a min_energy: 0.42176195979118347, a mean_energy: 0.7009251490235329 and loss: 0.00020149611404355713.
Iter 3500 add a min_energy: 0.42176195979118347, a mean_energy: 0.700388186921676 and loss: 0.0004147885460000935.
Iter 3501 add a min_energy: 0.42176195979118347, a mean_energy: 0.7035560371975104 and loss: 0.000522611323376931.
Iter 3502 add a min_energy: 0.42176195979118347, a mean_energy: 0.7056174402435621 and loss: 0.00042608845813162766.
Iter 3503 add a min_energy: 0.42176195979118347, a mean_energy: 0.7076027343670527 and loss: 0.000874670709918378.
Iter 3504 add a min_energy: 0.42176195979118347, a mean_energy: 0.6994926606615385 and loss: 0.0011778574469692756.
Iter 3505 add a min_energy: 0.42176195979118347, a mean_energy: 0.7023901169498762 and loss: 0.0010616821424102862.
Iter 3506 add a min_energy: 0.42176195979118347, a mean_energy: 0.6903547917803129 and loss: 0.00038127805287027443.
Iter 3507 add a min_energy: 0.42176195979118347, a mean_energy: 0.704492716739575 and loss: 0.0005397014633688797.
Iter 3508 add a min_energy: 0.42176195979118347, a mean_energy: 0.7040668328603109 and loss: 0.001042574683184806.
Iter 3509 add a min_energy: 0.42176195979118347, a mean_energy: 0.698878231147925 and loss: 0.0006601461397185534.
Iter 3510 add a min_energy: 0.42176195979118347, a mean_energy: 0.7127325398226579 and loss: 0.0007884348829229177.
Iter 3511 add a min_energy: 0.42176195979118347, a mean_energy: 0.692411990215381 and loss: 0.00020296296100454233.
Iter 3512 add a min_energy: 0.42176195979118347, a mean_energy: 0.7058262998859087 and loss: 0.00045521649344286235.
Iter 3513 add a min_energy: 0.42176195979118347, a mean_energy: 0.6945407974223295 and loss: 0.0003071768644888935.
Iter 3514 add a min_energy: 0.42176195979118347, a mean_energy: 0.6938228818277518 and loss: 0.0002475116181696187.
Iter 3515 add a min_energy: 0.42176195979118347, a mean_energy: 0.7014016658067703 and loss: 0.0004604012158272712.
Iter 3516 add a min_energy: 0.42176195979118347, a mean_energy: 0.6951213131348292 and loss: 0.0003661722242262249.
Iter 3517 add a min_energy: 0.42176195979118347, a mean_energy: 0.6985086289544901 and loss: 1.6228002719109966e-05.
Iter 3518 add a min_energy: 0.42176195979118347, a mean_energy: 0.6984878766040007 and loss: 2.0396307542280965e-05.
Iter 3519 add a min_energy: 0.42176195979118347, a mean_energy: 0.6965129896998405 and loss: 3.172041925053672e-05.
Iter 3520 add a min_energy: 0.42176195979118347, a mean_energy: 0.6922089693446954 and loss: 0.00017465244460295278.
Iter 3521 add a min_energy: 0.42176195979118347, a mean_energy: 0.6856095778445402 and loss: 0.00027161622996639117.
Iter 3522 add a min_energy: 0.42176195979118347, a mean_energy: 0.693065152813991 and loss: 0.0002390405403877924.
Iter 3523 add a min_energy: 0.42176195979118347, a mean_energy: 0.6941865980625153 and loss: 0.0005171563132997873.
Iter 3524 add a min_energy: 0.42176195979118347, a mean_energy: 0.7075396503011385 and loss: 0.0001884265622923227.
Iter 3525 add a min_energy: 0.42176195979118347, a mean_energy: 0.696217647443215 and loss: 0.00010473397867090995.
Iter 3526 add a min_energy: 0.42176195979118347, a mean_energy: 0.6794317464033762 and loss: 0.0013834124494558895.
Iter 3527 add a min_energy: 0.42176195979118347, a mean_energy: 0.7021688806513945 and loss: 0.0014247626109899535.
Iter 3528 add a min_energy: 0.42176195979118347, a mean_energy: 0.6944856761644284 and loss: 0.0014102559323570022.
Iter 3529 add a min_energy: 0.42176195979118347, a mean_energy: 0.6951218421260515 and loss: 0.0018494145857321056.
Iter 3530 add a min_energy: 0.42176195979118347, a mean_energy: 0.7001653698583444 and loss: 0.0014081610738689064.
Iter 3531 add a min_energy: 0.42176195979118347, a mean_energy: 0.6944948323071003 and loss: 0.001449435553943983.
Iter 3532 add a min_energy: 0.42176195979118347, a mean_energy: 0.7077825181186199 and loss: 0.00026952559220658456.
Iter 3533 add a min_energy: 0.42176195979118347, a mean_energy: 0.6896162703633308 and loss: 0.0003786989830526744.
Iter 3534 add a min_energy: 0.42176195979118347, a mean_energy: 0.6960226458807787 and loss: 0.00034252140436140887.
Iter 3535 add a min_energy: 0.42176195979118347, a mean_energy: 0.7000401243567467 and loss: 0.0007370755351207436.
Iter 3536 add a min_energy: 0.42176195979118347, a mean_energy: 0.7053325722614924 and loss: 6.555118273191956e-05.
Iter 3537 add a min_energy: 0.42176195979118347, a mean_energy: 0.6950125185151895 and loss: 4.6613015597091777e-05.
Iter 3538 add a min_energy: 0.42176195979118347, a mean_energy: 0.6889052068193754 and loss: 7.450305280682987e-05.
Iter 3539 add a min_energy: 0.42176195979118347, a mean_energy: 0.6966278329491615 and loss: 0.0004818641795041993.
Iter 3540 add a min_energy: 0.42176195979118347, a mean_energy: 0.6890689134597778 and loss: 0.0006514038663961494.
Iter 3541 add a min_energy: 0.42176195979118347, a mean_energy: 0.7047539055347443 and loss: 0.0005234298986129334.
Iter 3542 add a min_energy: 0.42176195979118347, a mean_energy: 0.7059539717932543 and loss: 0.0008586995206830074.
Iter 3543 add a min_energy: 0.42176195979118347, a mean_energy: 0.6907738919059435 and loss: 0.0003925851368527432.
Iter 3544 add a min_energy: 0.42176195979118347, a mean_energy: 0.6853828802704811 and loss: 0.00017282453269871112.
Iter 3545 add a min_energy: 0.42176195979118347, a mean_energy: 0.684315875172615 and loss: 4.737115551887121e-05.
Iter 3546 add a min_energy: 0.42176195979118347, a mean_energy: 0.7078410536050797 and loss: 0.000450478760135284.
Iter 3547 add a min_energy: 0.42176195979118347, a mean_energy: 0.6987849784394106 and loss: 0.0004288891765077747.
Iter 3548 add a min_energy: 0.42176195979118347, a mean_energy: 0.6922913243373235 and loss: 3.1464839249925146e-05.
Iter 3549 add a min_energy: 0.42176195979118347, a mean_energy: 0.6906010905901591 and loss: 2.4574642067426243e-05.
Iter 3550 add a min_energy: 0.42176195979118347, a mean_energy: 0.6946095079183578 and loss: 4.9669457265994155e-05.
Iter 3551 add a min_energy: 0.42176195979118347, a mean_energy: 0.6896243790785471 and loss: 0.00014831961783560259.
Iter 3552 add a min_energy: 0.42176195979118347, a mean_energy: 0.6904517052074274 and loss: 0.0002828824788976728.
Iter 3553 add a min_energy: 0.42176195979118347, a mean_energy: 0.7108816442390283 and loss: 0.0003310090335352669.
Iter 3554 add a min_energy: 0.42176195979118347, a mean_energy: 0.6911639235913754 and loss: 4.5270717692381726e-05.
Iter 3555 add a min_energy: 0.42176195979118347, a mean_energy: 0.714253352334102 and loss: 0.00037253890354432254.
Iter 3556 add a min_energy: 0.42176195979118347, a mean_energy: 0.699569987754027 and loss: 0.00037192141691877033.
Iter 3557 add a min_energy: 0.42176195979118347, a mean_energy: 0.6996255827446779 and loss: 0.0003211432287783716.
Iter 3558 add a min_energy: 0.42176195979118347, a mean_energy: 0.6982247500369946 and loss: 0.0002298132565833366.
Iter 3559 add a min_energy: 0.42176195979118347, a mean_energy: 0.6875873605410258 and loss: 0.0004366741235443457.
Iter 3560 add a min_energy: 0.42176195979118347, a mean_energy: 0.702252040306727 and loss: 0.0003369250537185743.
Iter 3561 add a min_energy: 0.42176195979118347, a mean_energy: 0.6758706122636795 and loss: 0.0008489341357319972.
Iter 3562 add a min_energy: 0.42176195979118347, a mean_energy: 0.7002872588733832 and loss: 0.0006028314825366356.
Iter 3563 add a min_energy: 0.42176195979118347, a mean_energy: 0.7050376447538534 and loss: 0.0004483902611452841.
Iter 3564 add a min_energy: 0.42176195979118347, a mean_energy: 0.6861496331791083 and loss: 0.0003658674059373164.
Iter 3565 add a min_energy: 0.42176195979118347, a mean_energy: 0.6938340005775293 and loss: 0.00013013510813389593.
Iter 3566 add a min_energy: 0.42176195979118347, a mean_energy: 0.6920452148964008 and loss: 0.00017628375758073567.
Iter 3567 add a min_energy: 0.42176195979118347, a mean_energy: 0.6912311638394991 and loss: 0.0006593887837297492.
Iter 3568 add a min_energy: 0.42176195979118347, a mean_energy: 0.6978667434304953 and loss: 0.000500178274470602.
Iter 3569 add a min_energy: 0.42176195979118347, a mean_energy: 0.6963774599134922 and loss: 0.0002737051024519771.
Iter 3570 add a min_energy: 0.42176195979118347, a mean_energy: 0.7063672790924708 and loss: 0.00024470964952153244.
Iter 3571 add a min_energy: 0.42176195979118347, a mean_energy: 0.6957490493853887 and loss: 1.9257274244985183e-05.
Iter 3572 add a min_energy: 0.42176195979118347, a mean_energy: 0.691843451311191 and loss: 0.0001591278749779636.
Iter 3573 add a min_energy: 0.42176195979118347, a mean_energy: 0.7010663375258446 and loss: 3.061638997536326e-05.
Iter 3574 add a min_energy: 0.42176195979118347, a mean_energy: 0.6986026676992575 and loss: 8.440281800983304e-05.
Iter 3575 add a min_energy: 0.42176195979118347, a mean_energy: 0.7008976737658182 and loss: 0.00021415286516939666.
Iter 3576 add a min_energy: 0.42176195979118347, a mean_energy: 0.69306747118632 and loss: 0.00010647097301241835.
Iter 3577 add a min_energy: 0.42176195979118347, a mean_energy: 0.6915337269504865 and loss: 0.0007037983658654341.
Iter 3578 add a min_energy: 0.42176195979118347, a mean_energy: 0.6958891215423743 and loss: 0.0008691014517711557.
Iter 3579 add a min_energy: 0.42176195979118347, a mean_energy: 0.7064400451878706 and loss: 0.0010535225800580813.
Iter 3580 add a min_energy: 0.42176195979118347, a mean_energy: 0.7005778116484483 and loss: 0.0009135389222278293.
Iter 3581 add a min_energy: 0.42176195979118347, a mean_energy: 0.6917083958784739 and loss: 0.0005455480397317745.
Iter 3582 add a min_energy: 0.42176195979118347, a mean_energy: 0.704798906420668 and loss: 0.0001579841654643501.
Iter 3583 add a min_energy: 0.42176195979118347, a mean_energy: 0.6990374897917112 and loss: 0.00017537684984373348.
Iter 3584 add a min_energy: 0.42176195979118347, a mean_energy: 0.6902459884683291 and loss: 6.702925937572786e-05.
Iter 3585 add a min_energy: 0.42176195979118347, a mean_energy: 0.6815294772386551 and loss: 0.0004052147502052119.
Iter 3586 add a min_energy: 0.42176195979118347, a mean_energy: 0.7003438621759415 and loss: 0.00037693207653440036.
Iter 3587 add a min_energy: 0.42176195979118347, a mean_energy: 0.6947717033326626 and loss: 0.0002576692864648624.
Iter 3588 add a min_energy: 0.42176195979118347, a mean_energy: 0.6988674116631349 and loss: 0.0002711260177596445.
Iter 3589 add a min_energy: 0.42176195979118347, a mean_energy: 0.7006307070453962 and loss: 0.00025795600755671474.
Iter 3590 add a min_energy: 0.42176195979118347, a mean_energy: 0.6886477308968703 and loss: 0.0002090463556637997.
Iter 3591 add a min_energy: 0.42176195979118347, a mean_energy: 0.6971406601369381 and loss: 0.0002995591650476998.
Iter 3592 add a min_energy: 0.42176195979118347, a mean_energy: 0.6975569886465868 and loss: 0.0002022221627627504.
Iter 3593 add a min_energy: 0.42176195979118347, a mean_energy: 0.7036676965653896 and loss: 0.00030483550047499233.
Iter 3594 add a min_energy: 0.42176195979118347, a mean_energy: 0.7114856963356336 and loss: 0.0008406222008991134.
Iter 3595 add a min_energy: 0.42176195979118347, a mean_energy: 0.696571068217357 and loss: 0.001028322136392262.
Iter 3596 add a min_energy: 0.42176195979118347, a mean_energy: 0.6990684047341347 and loss: 0.0007412387534785123.
Iter 3597 add a min_energy: 0.42176195979118347, a mean_energy: 0.7031329510112604 and loss: 0.0007894676542123394.
Iter 3598 add a min_energy: 0.42176195979118347, a mean_energy: 0.6971657499670982 and loss: 9.761572611471846e-05.
Iter 3599 add a min_energy: 0.42176195979118347, a mean_energy: 0.691827530041337 and loss: 0.000169030470355332.
Iter 3600 add a min_energy: 0.42176195979118347, a mean_energy: 0.6941817762951056 and loss: 0.0002491473299726947.
Iter 3601 add a min_energy: 0.42176195979118347, a mean_energy: 0.697996067504088 and loss: 0.00018219180355300582.
Iter 3602 add a min_energy: 0.42176195979118347, a mean_energy: 0.695088479667902 and loss: 3.710631927237839e-05.
Iter 3603 add a min_energy: 0.42176195979118347, a mean_energy: 0.6970187326272329 and loss: 3.798105963544414e-05.
Iter 3604 add a min_energy: 0.42176195979118347, a mean_energy: 0.7063047426442305 and loss: 1.0083914955712743e-05.
Iter 3605 add a min_energy: 0.42176195979118347, a mean_energy: 0.6901639935870966 and loss: 7.888709788912894e-05.
Iter 3606 add a min_energy: 0.42176195979118347, a mean_energy: 0.6935008745640516 and loss: 0.00014434805498210774.
Iter 3607 add a min_energy: 0.42176195979118347, a mean_energy: 0.7003390155732632 and loss: 2.9947085882328674e-05.
Iter 3608 add a min_energy: 0.42176195979118347, a mean_energy: 0.6986295233170191 and loss: 8.110810152220719e-06.
Iter 3609 add a min_energy: 0.42176195979118347, a mean_energy: 0.6821463536471128 and loss: 0.00021701587493587314.
Iter 3610 add a min_energy: 0.42176195979118347, a mean_energy: 0.7116549275815487 and loss: 1.2094404024644381e-05.
Iter 3611 add a min_energy: 0.42176195979118347, a mean_energy: 0.7072931472212076 and loss: 0.00019289666271509896.
Iter 3612 add a min_energy: 0.42176195979118347, a mean_energy: 0.6993782992164294 and loss: 5.272311371345617e-05.
Iter 3613 add a min_energy: 0.42176195979118347, a mean_energy: 0.6797357760369778 and loss: 1.4888981065478665e-05.
Iter 3614 add a min_energy: 0.42176195979118347, a mean_energy: 0.6991403351227442 and loss: 0.00017635557901040278.
Iter 3615 add a min_energy: 0.42176195979118347, a mean_energy: 0.6951231248676777 and loss: 7.463322101652678e-06.
Iter 3616 add a min_energy: 0.42176195979118347, a mean_energy: 0.7046732467909654 and loss: 0.00010181608011392671.
Iter 3617 add a min_energy: 0.42176195979118347, a mean_energy: 0.6930760207275549 and loss: 0.0002630951729879543.
Iter 3618 add a min_energy: 0.42176195979118347, a mean_energy: 0.6921111171444257 and loss: 0.0003144601170306464.
Iter 3619 add a min_energy: 0.42176195979118347, a mean_energy: 0.6895073292156061 and loss: 0.00047582521718057304.
Iter 3620 add a min_energy: 0.42176195979118347, a mean_energy: 0.6976318508386612 and loss: 0.0002525278015854406.
Iter 3621 add a min_energy: 0.42176195979118347, a mean_energy: 0.6947008060912291 and loss: 0.00019011478261619225.
Iter 3622 add a min_energy: 0.42176195979118347, a mean_energy: 0.6963911031683286 and loss: 1.73721963654895e-05.
Iter 3623 add a min_energy: 0.42176195979118347, a mean_energy: 0.6920833587646484 and loss: 0.00016563540308107055.
Iter 3624 add a min_energy: 0.42176195979118347, a mean_energy: 0.6978999103109041 and loss: 0.00011273084801850386.
Iter 3625 add a min_energy: 0.42176195979118347, a mean_energy: 0.7007516113420328 and loss: 9.532660637186883e-05.
Iter 3626 add a min_energy: 0.42176195979118347, a mean_energy: 0.7062999041130146 and loss: 0.000118798274301306.
Iter 3627 add a min_energy: 0.42176195979118347, a mean_energy: 0.7078565793732802 and loss: 0.00021405913174119378.
Iter 3628 add a min_energy: 0.42176195979118347, a mean_energy: 0.7074457183480263 and loss: 0.0012762644170360102.
Iter 3629 add a min_energy: 0.42176195979118347, a mean_energy: 0.6960882345835367 and loss: 0.00032286533011119454.
Iter 3630 add a min_energy: 0.42176195979118347, a mean_energy: 0.7064089005192121 and loss: 0.00174147251739818.
Iter 3631 add a min_energy: 0.42176195979118347, a mean_energy: 0.6993241285284361 and loss: 0.0017554687490801584.
Iter 3632 add a min_energy: 0.42176195979118347, a mean_energy: 0.6858320559064547 and loss: 0.0003747949950622439.
Iter 3633 add a min_energy: 0.42176195979118347, a mean_energy: 0.6889063616593679 and loss: 0.00015060910298954645.
Iter 3634 add a min_energy: 0.42176195979118347, a mean_energy: 0.7096883518000444 and loss: 0.0012864180251736194.
Iter 3635 add a min_energy: 0.42176195979118347, a mean_energy: 0.7030052418510119 and loss: 0.00038319837842043844.
Iter 3636 add a min_energy: 0.42176195979118347, a mean_energy: 0.6915697188427051 and loss: 0.0009942908992072366.
Iter 3637 add a min_energy: 0.42176195979118347, a mean_energy: 0.704004838441809 and loss: 0.0001983112487597801.
Iter 3638 add a min_energy: 0.42176195979118347, a mean_energy: 0.6918841476241747 and loss: 1.7618098512104957e-05.
Iter 3639 add a min_energy: 0.42176195979118347, a mean_energy: 0.703698180615902 and loss: 2.832830120084118e-05.
Iter 3640 add a min_energy: 0.42176195979118347, a mean_energy: 0.6988653466105461 and loss: 4.7327763418438874e-05.
Iter 3641 add a min_energy: 0.42176195979118347, a mean_energy: 0.6948444644610087 and loss: 0.0001661701855742234.
Iter 3642 add a min_energy: 0.42176195979118347, a mean_energy: 0.685148898512125 and loss: 0.0008064183299380695.
Iter 3643 add a min_energy: 0.42176195979118347, a mean_energy: 0.6944190599024296 and loss: 4.481931563273868e-05.
Iter 3644 add a min_energy: 0.42176195979118347, a mean_energy: 0.7047282680869102 and loss: 7.329579479017342e-05.
Iter 3645 add a min_energy: 0.42176195979118347, a mean_energy: 0.709831370661656 and loss: 0.0002746663393553008.
Iter 3646 add a min_energy: 0.42176195979118347, a mean_energy: 0.6988157890737057 and loss: 8.197597944364315e-05.
Iter 3647 add a min_energy: 0.42176195979118347, a mean_energy: 0.6832125422855219 and loss: 0.0006896549818180896.
Iter 3648 add a min_energy: 0.42176195979118347, a mean_energy: 0.6873629912734032 and loss: 2.2522026288176394e-05.
Iter 3649 add a min_energy: 0.42176195979118347, a mean_energy: 0.6936736466983954 and loss: 0.00016739652976583257.
Iter 3650 add a min_energy: 0.42176195979118347, a mean_energy: 0.688007208208243 and loss: 0.0005785974645828666.
Iter 3651 add a min_energy: 0.42176195979118347, a mean_energy: 0.692557959506909 and loss: 0.0007117133142081001.
Iter 3652 add a min_energy: 0.42176195979118347, a mean_energy: 0.6902569321294626 and loss: 0.00087014896995669.
Iter 3653 add a min_energy: 0.42176195979118347, a mean_energy: 0.7005497415860494 and loss: 0.0005596494933774142.
Iter 3654 add a min_energy: 0.42176195979118347, a mean_energy: 0.6917919355134169 and loss: 0.0006909953845905492.
Iter 3655 add a min_energy: 0.42176195979118347, a mean_energy: 0.7098813516398271 and loss: 9.792994238589837e-05.
Iter 3656 add a min_energy: 0.42176195979118347, a mean_energy: 0.7022622060030699 and loss: 0.000186000999267568.
Iter 3657 add a min_energy: 0.42176195979118347, a mean_energy: 0.6864742909868559 and loss: 0.00010354613123332888.
Iter 3658 add a min_energy: 0.42176195979118347, a mean_energy: 0.6767691435913245 and loss: 0.0002758267181382633.
Iter 3659 add a min_energy: 0.42176195979118347, a mean_energy: 0.6990037846068541 and loss: 0.00014450921359924964.
Iter 3660 add a min_energy: 0.42176195979118347, a mean_energy: 0.7051679318149885 and loss: 9.008732240252896e-05.
Iter 3661 add a min_energy: 0.42176195979118347, a mean_energy: 0.6938563026487827 and loss: 0.0001059495740130434.
Iter 3662 add a min_energy: 0.42176195979118347, a mean_energy: 0.6864029541611671 and loss: 0.00024379440924442421.
Iter 3663 add a min_energy: 0.42176195979118347, a mean_energy: 0.7010366655886173 and loss: 0.00019710535363680004.
Iter 3664 add a min_energy: 0.42176195979118347, a mean_energy: 0.6863613699873289 and loss: 0.0002704324187334422.
Iter 3665 add a min_energy: 0.42176195979118347, a mean_energy: 0.6982589848339558 and loss: 0.00017282179940445691.
Iter 3666 add a min_energy: 0.42176195979118347, a mean_energy: 0.6882993715504805 and loss: 0.0005512397998920272.
Iter 3667 add a min_energy: 0.42176195979118347, a mean_energy: 0.6962491273880005 and loss: 0.00046863007977346403.
Iter 3668 add a min_energy: 0.42176195979118347, a mean_energy: 0.697098563114802 and loss: 0.00021764892535841427.
Iter 3669 add a min_energy: 0.42176195979118347, a mean_energy: 0.6886252003411452 and loss: 0.00014679086717635259.
Iter 3670 add a min_energy: 0.42176195979118347, a mean_energy: 0.6914002895355225 and loss: 0.0001862850175210193.
Iter 3671 add a min_energy: 0.42176195979118347, a mean_energy: 0.6799949283401171 and loss: 0.000132267110062595.
Iter 3672 add a min_energy: 0.42176195979118347, a mean_energy: 0.6980785305301348 and loss: 8.72955030699708e-05.
Iter 3673 add a min_energy: 0.42176195979118347, a mean_energy: 0.7004684992134571 and loss: 9.213461607138807e-05.
Iter 3674 add a min_energy: 0.42176195979118347, a mean_energy: 0.6934007257223129 and loss: 8.530400912197436e-05.
Iter 3675 add a min_energy: 0.42176195979118347, a mean_energy: 0.7044751718640327 and loss: 0.0001604963860775016.
Iter 3676 add a min_energy: 0.42176195979118347, a mean_energy: 0.6987094519038995 and loss: 0.0002174907812673839.
Iter 3677 add a min_energy: 0.42176195979118347, a mean_energy: 0.6797450284163157 and loss: 0.00016560988593314203.
Iter 3678 add a min_energy: 0.42176195979118347, a mean_energy: 0.7017292976379395 and loss: 0.00029058818037443315.
Iter 3679 add a min_energy: 0.42176195979118347, a mean_energy: 0.70143440614144 and loss: 0.0005166572099178563.
Iter 3680 add a min_energy: 0.42176195979118347, a mean_energy: 0.7051684384544691 and loss: 0.0011449127770439122.
Iter 3681 add a min_energy: 0.42176195979118347, a mean_energy: 0.7064660849670569 and loss: 0.0011554510714634446.
Iter 3682 add a min_energy: 0.42176195979118347, a mean_energy: 0.7097536337872347 and loss: 0.0020910316917433515.
Iter 3683 add a min_energy: 0.42176195979118347, a mean_energy: 0.7051590656240782 and loss: 0.002403587660426253.
Iter 3684 add a min_energy: 0.42176195979118347, a mean_energy: 0.691283006221056 and loss: 0.0011749184207864103.
Iter 3685 add a min_energy: 0.42176195979118347, a mean_energy: 0.6982806374629339 and loss: 0.0012608747651816196.
Iter 3686 add a min_energy: 0.42176195979118347, a mean_energy: 0.6898818997045358 and loss: 0.0003974857506535732.
Iter 3687 add a min_energy: 0.42176195979118347, a mean_energy: 0.7024722148974737 and loss: 0.0006972302893773629.
Iter 3688 add a min_energy: 0.42176195979118347, a mean_energy: 0.6937390541036924 and loss: 0.0007316019551900971.
Iter 3689 add a min_energy: 0.42176195979118347, a mean_energy: 0.7069278111060461 and loss: 0.0012250535438578698.
Iter 3690 add a min_energy: 0.42176195979118347, a mean_energy: 0.7021440168221792 and loss: 0.0009765593221527999.
Iter 3691 add a min_energy: 0.42176195979118347, a mean_energy: 0.7027817132572333 and loss: 0.0012034948289785011.
Iter 3692 add a min_energy: 0.42176195979118347, a mean_energy: 0.6958971669276556 and loss: 0.0008774416512018832.
Iter 3693 add a min_energy: 0.42176195979118347, a mean_energy: 0.6957569544514021 and loss: 0.00034735182170962984.
Iter 3694 add a min_energy: 0.42176195979118347, a mean_energy: 0.6910768846670786 and loss: 0.0002650387650717416.
Iter 3695 add a min_energy: 0.42176195979118347, a mean_energy: 0.6987704386313757 and loss: 0.00041841096229657524.
Iter 3696 add a min_energy: 0.42176195979118347, a mean_energy: 0.7067363324264685 and loss: 0.00035270402789366195.
Iter 3697 add a min_energy: 0.42176195979118347, a mean_energy: 0.6980966801444689 and loss: 0.00027008336004759445.
Iter 3698 add a min_energy: 0.42176195979118347, a mean_energy: 0.7059085903068384 and loss: 0.0008216673839236648.
Iter 3699 add a min_energy: 0.42176195979118347, a mean_energy: 0.7093187359472116 and loss: 0.001118816017908035.
Iter 3700 add a min_energy: 0.42176195979118347, a mean_energy: 0.7051598740120729 and loss: 0.0011713931200484486.
Iter 3701 add a min_energy: 0.42176195979118347, a mean_energy: 0.7008668407797813 and loss: 0.0010820229071887525.
Iter 3702 add a min_energy: 0.42176195979118347, a mean_energy: 0.6988173288603624 and loss: 0.0006270201730879845.
Iter 3703 add a min_energy: 0.42176195979118347, a mean_energy: 0.7063350913425287 and loss: 0.0006662336323427226.
Iter 3704 add a min_energy: 0.42176195979118347, a mean_energy: 0.706813366462787 and loss: 0.0007711930240329381.
Iter 3705 add a min_energy: 0.42176195979118347, a mean_energy: 0.6786752765377363 and loss: 0.0003140873389531556.
Iter 3706 add a min_energy: 0.42176195979118347, a mean_energy: 0.7043460942804813 and loss: 0.0003630526330481091.
Iter 3707 add a min_energy: 0.42176195979118347, a mean_energy: 0.6927549901107947 and loss: 0.00034349353751504284.
Iter 3708 add a min_energy: 0.42176195979118347, a mean_energy: 0.7075139383474985 and loss: 0.0005831863264969036.
Iter 3709 add a min_energy: 0.42176195979118347, a mean_energy: 0.7033238398532072 and loss: 0.0004473329666248803.
Iter 3710 add a min_energy: 0.42176195979118347, a mean_energy: 0.6991428931554159 and loss: 0.0003173982474068054.
Iter 3711 add a min_energy: 0.42176195979118347, a mean_energy: 0.701944787055254 and loss: 0.0002531598711458513.
Iter 3712 add a min_energy: 0.42176195979118347, a mean_energy: 0.707793607066075 and loss: 0.00044290090915023804.
Iter 3713 add a min_energy: 0.42176195979118347, a mean_energy: 0.6917945593595505 and loss: 0.0001859590871240482.
Iter 3714 add a min_energy: 0.42176195979118347, a mean_energy: 0.7006119415163994 and loss: 0.00023698565767433223.
Iter 3715 add a min_energy: 0.42176195979118347, a mean_energy: 0.6871829330921173 and loss: 0.000530201609633262.
Iter 3716 add a min_energy: 0.42176195979118347, a mean_energy: 0.6978520130117735 and loss: 0.0006868070520098667.
Iter 3717 add a min_energy: 0.42176195979118347, a mean_energy: 0.6856217024226984 and loss: 0.0009356910909533498.
Iter 3718 add a min_energy: 0.42176195979118347, a mean_energy: 0.7100197958449522 and loss: 0.00028373327338670167.
Iter 3719 add a min_energy: 0.42176195979118347, a mean_energy: 0.6893480295936266 and loss: 0.0005346755916330724.
Iter 3720 add a min_energy: 0.42176195979118347, a mean_energy: 0.6885485624273618 and loss: 0.0006488724528987397.
Iter 3721 add a min_energy: 0.42176195979118347, a mean_energy: 0.696893971413374 and loss: 0.0002959437164119074.
Iter 3722 add a min_energy: 0.42176195979118347, a mean_energy: 0.6795926329990228 and loss: 0.0005266065673532829.
Iter 3723 add a min_energy: 0.42176195979118347, a mean_energy: 0.6962207636485497 and loss: 0.0007549043513306199.
Iter 3724 add a min_energy: 0.42176195979118347, a mean_energy: 0.6987607205907503 and loss: 0.0009976130021869855.
Iter 3725 add a min_energy: 0.42176195979118347, a mean_energy: 0.6815882107863823 and loss: 0.001997169201949715.
Iter 3726 add a min_energy: 0.42176195979118347, a mean_energy: 0.6743471249938011 and loss: 0.0025417093245352572.
Iter 3727 add a min_energy: 0.42176195979118347, a mean_energy: 0.7068290847043196 and loss: 0.0016392749517979447.
Iter 3728 add a min_energy: 0.42176195979118347, a mean_energy: 0.7023533334334692 and loss: 0.0008613155708731116.
Iter 3729 add a min_energy: 0.42176195979118347, a mean_energy: 0.6955148677031199 and loss: 0.0007929455183711603.
Iter 3730 add a min_energy: 0.42176195979118347, a mean_energy: 0.6938148712118467 and loss: 0.0006682714275733205.
Iter 3731 add a min_energy: 0.42176195979118347, a mean_energy: 0.6991983925302824 and loss: 0.0005350895523200847.
Iter 3732 add a min_energy: 0.42176195979118347, a mean_energy: 0.6909444493552049 and loss: 0.000487297303621719.
Iter 3733 add a min_energy: 0.42176195979118347, a mean_energy: 0.7130551921824614 and loss: 0.0002080188303414872.
Iter 3734 add a min_energy: 0.42176195979118347, a mean_energy: 0.6922803024450938 and loss: 0.0001262269145338928.
Iter 3735 add a min_energy: 0.42176195979118347, a mean_energy: 0.6944973208010197 and loss: 7.151405446392705e-05.
Iter 3736 add a min_energy: 0.42176195979118347, a mean_energy: 0.69587600355347 and loss: 3.463424892785171e-05.
Iter 3737 add a min_energy: 0.42176195979118347, a mean_energy: 0.6987294207016627 and loss: 6.87585994812591e-05.
Iter 3738 add a min_energy: 0.42176195979118347, a mean_energy: 0.6924477045734724 and loss: 6.760269275793e-05.
Iter 3739 add a min_energy: 0.42176195979118347, a mean_energy: 0.7081852505604426 and loss: 0.0002026208668755868.
Iter 3740 add a min_energy: 0.42176195979118347, a mean_energy: 0.6849889090905587 and loss: 0.00010305955937725119.
Iter 3741 add a min_energy: 0.42176195979118347, a mean_energy: 0.6938411171237627 and loss: 6.16436591651666e-05.
Iter 3742 add a min_energy: 0.42176195979118347, a mean_energy: 0.6965194803973039 and loss: 7.243091595379242e-05.
Iter 3743 add a min_energy: 0.42176195979118347, a mean_energy: 0.6903474430243174 and loss: 0.00028726996097988165.
Iter 3744 add a min_energy: 0.42176195979118347, a mean_energy: 0.6918706484138966 and loss: 0.0002112874282600299.
Iter 3745 add a min_energy: 0.42176195979118347, a mean_energy: 0.6994951429466406 and loss: 0.0003236789246032605.
Iter 3746 add a min_energy: 0.42176195979118347, a mean_energy: 0.6960455402731895 and loss: 0.0005355439260472402.
Iter 3747 add a min_energy: 0.42176195979118347, a mean_energy: 0.6933932937681675 and loss: 0.0003135593980457443.
Iter 3748 add a min_energy: 0.42176195979118347, a mean_energy: 0.7023889372746149 and loss: 0.0006449140677167084.
Iter 3749 add a min_energy: 0.42176195979118347, a mean_energy: 0.6906907310088476 and loss: 0.0008987914014252971.
Iter 3750 add a min_energy: 0.42176195979118347, a mean_energy: 0.6978751681745052 and loss: 0.0006753395724533401.
Iter 3751 add a min_energy: 0.42176195979118347, a mean_energy: 0.7031482594708601 and loss: 0.0010807662748242633.
Iter 3752 add a min_energy: 0.42176195979118347, a mean_energy: 0.7022003469367822 and loss: 0.0009348863570120608.
Iter 3753 add a min_energy: 0.42176195979118347, a mean_energy: 0.6986966505646706 and loss: 0.0006987090738605562.
Iter 3754 add a min_energy: 0.42176195979118347, a mean_energy: 0.7082846872508526 and loss: 0.0008128027129386646.
Iter 3755 add a min_energy: 0.42176195979118347, a mean_energy: 0.6952765832344691 and loss: 0.0007638020969339271.
Iter 3756 add a min_energy: 0.42176195979118347, a mean_energy: 0.6935237236320972 and loss: 0.0008726745485210658.
Iter 3757 add a min_energy: 0.42176195979118347, a mean_energy: 0.7056755572557449 and loss: 0.0007404532805877062.
Iter 3758 add a min_energy: 0.42176195979118347, a mean_energy: 0.6940423374374708 and loss: 0.0002164802822040148.
Iter 3759 add a min_energy: 0.42176195979118347, a mean_energy: 0.686863986775279 and loss: 0.00023042167445965454.
Iter 3760 add a min_energy: 0.42176195979118347, a mean_energy: 0.7159279398620129 and loss: 6.423643395898985e-05.
Iter 3761 add a min_energy: 0.42176195979118347, a mean_energy: 0.7076568007469177 and loss: 5.092141137386608e-05.
Iter 3762 add a min_energy: 0.42176195979118347, a mean_energy: 0.7019431528945764 and loss: 0.00020621160158641502.
Iter 3763 add a min_energy: 0.42176195979118347, a mean_energy: 0.6954362901548544 and loss: 2.9929507562163015e-05.
Iter 3764 add a min_energy: 0.42176195979118347, a mean_energy: 0.6957412411769232 and loss: 1.7077116297843893e-05.
Iter 3765 add a min_energy: 0.42176195979118347, a mean_energy: 0.7005126612881819 and loss: 8.449879683381276e-05.
Iter 3766 add a min_energy: 0.42176195979118347, a mean_energy: 0.7053801529109478 and loss: 0.0001402854813714121.
Iter 3767 add a min_energy: 0.42176195979118347, a mean_energy: 0.70861109221975 and loss: 0.0004038093809777449.
Iter 3768 add a min_energy: 0.42176195979118347, a mean_energy: 0.7080614392956098 and loss: 0.0010411361764996957.
Iter 3769 add a min_energy: 0.42176195979118347, a mean_energy: 0.7040242260942856 and loss: 0.00048530401590745085.
Iter 3770 add a min_energy: 0.42176195979118347, a mean_energy: 0.7084560766816139 and loss: 0.000595990836327095.
Iter 3771 add a min_energy: 0.42176195979118347, a mean_energy: 0.7114320682982603 and loss: 0.00146265091200095.
Iter 3772 add a min_energy: 0.42176195979118347, a mean_energy: 0.6887914265195528 and loss: 0.0007115994631227131.
Iter 3773 add a min_energy: 0.42176195979118347, a mean_energy: 0.7083558986584345 and loss: 0.0007966861585934327.
Iter 3774 add a min_energy: 0.42176195979118347, a mean_energy: 0.7033085028330485 and loss: 0.00041049367297718814.
Iter 3775 add a min_energy: 0.42176195979118347, a mean_energy: 0.6986377959450086 and loss: 0.000215115262441477.
Iter 3776 add a min_energy: 0.42176195979118347, a mean_energy: 0.7028293311595917 and loss: 0.000210131184192512.
Iter 3777 add a min_energy: 0.42176195979118347, a mean_energy: 0.6994770529369513 and loss: 1.8323300916477487e-05.
Iter 3778 add a min_energy: 0.42176195979118347, a mean_energy: 0.6930627351005872 and loss: 7.650375579921694e-05.
Iter 3779 add a min_energy: 0.42176195979118347, a mean_energy: 0.7005705932776133 and loss: 0.0001782517530346361.
Iter 3780 add a min_energy: 0.42176195979118347, a mean_energy: 0.6895583470662435 and loss: 0.0007375921836676989.
Iter 3781 add a min_energy: 0.42176195979118347, a mean_energy: 0.699710792551438 and loss: 0.000840458735121255.
Iter 3782 add a min_energy: 0.42176195979118347, a mean_energy: 0.6831889425714811 and loss: 0.0018218016258143555.
Iter 3783 add a min_energy: 0.42176195979118347, a mean_energy: 0.6963189318776131 and loss: 0.0017654526448735409.
Iter 3784 add a min_energy: 0.42176195979118347, a mean_energy: 0.7055586862067381 and loss: 0.0018650990290198601.
Iter 3785 add a min_energy: 0.42176195979118347, a mean_energy: 0.6893595761309067 and loss: 0.0028472821652256726.
Iter 3786 add a min_energy: 0.42176195979118347, a mean_energy: 0.6770519961913427 and loss: 0.0035080895592713864.
Iter 3787 add a min_energy: 0.42176195979118347, a mean_energy: 0.6963707382480303 and loss: 0.0025821975430520222.
Iter 3788 add a min_energy: 0.42176195979118347, a mean_energy: 0.6934943646192551 and loss: 0.0025040144286150434.
Iter 3789 add a min_energy: 0.42176195979118347, a mean_energy: 0.6921900237600008 and loss: 0.00262854274211053.
Iter 3790 add a min_energy: 0.42176195979118347, a mean_energy: 0.6998969372361898 and loss: 0.00162296828351352.
Iter 3791 add a min_energy: 0.42176195979118347, a mean_energy: 0.696590938915809 and loss: 0.0010127940473527955.
Iter 3792 add a min_energy: 0.42176195979118347, a mean_energy: 0.6783015839755535 and loss: 0.0014584258231233047.
Iter 3793 add a min_energy: 0.42176195979118347, a mean_energy: 0.7025660797953606 and loss: 0.0008069465529664476.
Iter 3794 add a min_energy: 0.42176195979118347, a mean_energy: 0.7083634560306867 and loss: 9.999327638336509e-05.
Iter 3795 add a min_energy: 0.42176195979118347, a mean_energy: 0.6975924385090669 and loss: 4.1057568663237874e-05.
Iter 3796 add a min_energy: 0.42176195979118347, a mean_energy: 0.6883927981058756 and loss: 0.0001324367344526492.
Iter 3797 add a min_energy: 0.42176195979118347, a mean_energy: 0.7056829656163851 and loss: 6.775528702636037e-05.
Iter 3798 add a min_energy: 0.42176195979118347, a mean_energy: 0.702572318414847 and loss: 7.304543121829773e-06.
Iter 3799 add a min_energy: 0.42176195979118347, a mean_energy: 0.701466495792071 and loss: 3.146863898904194e-05.
Iter 3800 add a min_energy: 0.42176195979118347, a mean_energy: 0.7024215925484896 and loss: 0.0004259705852728257.
Iter 3801 add a min_energy: 0.42176195979118347, a mean_energy: 0.6876358352601528 and loss: 0.00010510544508170393.
Iter 3802 add a min_energy: 0.42176195979118347, a mean_energy: 0.7031787013014158 and loss: 0.0001345088171818592.
Iter 3803 add a min_energy: 0.42176195979118347, a mean_energy: 0.6968931816518307 and loss: 0.0001266923371722124.
Iter 3804 add a min_energy: 0.42176195979118347, a mean_energy: 0.7059134679536024 and loss: 0.0006510070508287809.
Iter 3805 add a min_energy: 0.42176195979118347, a mean_energy: 0.7044140348831812 and loss: 0.0017155455251267715.
Iter 3806 add a min_energy: 0.42176195979118347, a mean_energy: 0.6992674345771471 and loss: 0.0015594381419164799.
Iter 3807 add a min_energy: 0.42176195979118347, a mean_energy: 0.6943239575872818 and loss: 0.001323490077843716.
Iter 3808 add a min_energy: 0.42176195979118347, a mean_energy: 0.6893876058359941 and loss: 0.0010059254710333412.
Iter 3809 add a min_energy: 0.42176195979118347, a mean_energy: 0.689437028641502 and loss: 0.0004672031710329916.
Iter 3810 add a min_energy: 0.42176195979118347, a mean_energy: 0.6918637330333391 and loss: 0.00015891411295740422.
Iter 3811 add a min_energy: 0.42176195979118347, a mean_energy: 0.6916958900789419 and loss: 5.087273723313796e-05.
Iter 3812 add a min_energy: 0.42176195979118347, a mean_energy: 0.7025606296956539 and loss: 3.191275047153459e-06.
Iter 3813 add a min_energy: 0.42176195979118347, a mean_energy: 0.6929129970570406 and loss: 3.212937990980071e-05.
Iter 3814 add a min_energy: 0.42176195979118347, a mean_energy: 0.6875455640256405 and loss: 6.761167327064158e-05.
Iter 3815 add a min_energy: 0.42176195979118347, a mean_energy: 0.7040625847876072 and loss: 3.3815358111523766e-05.
Iter 3816 add a min_energy: 0.42176195979118347, a mean_energy: 0.7002109463016192 and loss: 0.00017652809255689188.
Iter 3817 add a min_energy: 0.42176195979118347, a mean_energy: 0.7075765890379747 and loss: 0.0002677120375998429.
Iter 3818 add a min_energy: 0.42176195979118347, a mean_energy: 0.7016160935163498 and loss: 0.000581107046898578.
Iter 3819 add a min_energy: 0.42176195979118347, a mean_energy: 0.6895277177294096 and loss: 0.0002577859954703188.
Iter 3820 add a min_energy: 0.42176195979118347, a mean_energy: 0.6851907782256603 and loss: 7.717689699459366e-06.
Iter 3821 add a min_energy: 0.42176195979118347, a mean_energy: 0.698866818100214 and loss: 3.7509597145152054e-05.
Iter 3822 add a min_energy: 0.42176195979118347, a mean_energy: 0.7093717530369759 and loss: 0.00017876128008265457.
Iter 3823 add a min_energy: 0.42176195979118347, a mean_energy: 0.7002901869515578 and loss: 0.0002463756313349195.
Iter 3824 add a min_energy: 0.42176195979118347, a mean_energy: 0.692240146920085 and loss: 0.018631836154314005.
Iter 3825 add a min_energy: 0.42176195979118347, a mean_energy: 0.6934634807209173 and loss: 0.018669702441656003.
Iter 3826 add a min_energy: 0.42176195979118347, a mean_energy: 0.6938668203850588 and loss: 0.018335961606652854.
Iter 3827 add a min_energy: 0.42176195979118347, a mean_energy: 0.704512911538283 and loss: 0.018225611817684274.
Iter 3828 add a min_energy: 0.42176195979118347, a mean_energy: 0.6994598569969336 and loss: 0.01873818779994809.
Iter 3829 add a min_energy: 0.42176195979118347, a mean_energy: 0.7000501615305742 and loss: 0.01889717052916153.
Iter 3830 add a min_energy: 0.42176195979118347, a mean_energy: 0.7019491965572039 and loss: 0.018638995735872927.
Iter 3831 add a min_energy: 0.42176195979118347, a mean_energy: 0.7055082644025484 and loss: 0.01931496201119911.
Iter 3832 add a min_energy: 0.42176195979118347, a mean_energy: 0.7051159230371317 and loss: 0.01760274540648248.
Iter 3833 add a min_energy: 0.42176195979118347, a mean_energy: 0.6982567248245081 and loss: 0.017217197603034983.
Iter 3834 add a min_energy: 0.42176195979118347, a mean_energy: 0.6848438493907452 and loss: 0.01651818910620216.
Iter 3835 add a min_energy: 0.42176195979118347, a mean_energy: 0.6885072762767473 and loss: 0.01333052823909783.
Iter 3836 add a min_energy: 0.42176195979118347, a mean_energy: 0.6989256553351879 and loss: 0.012215508078817607.
Iter 3837 add a min_energy: 0.42176195979118347, a mean_energy: 0.704531674583753 and loss: 0.011769624337315536.
Iter 3838 add a min_energy: 0.42176195979118347, a mean_energy: 0.7106291030844053 and loss: 0.012714691493298133.
Iter 3839 add a min_energy: 0.42176195979118347, a mean_energy: 0.692346786459287 and loss: 0.011438508667857769.
Iter 3840 add a min_energy: 0.42176195979118347, a mean_energy: 0.6862983008225759 and loss: 0.008601065033915126.
Iter 3841 add a min_energy: 0.42176195979118347, a mean_energy: 0.6816014337042967 and loss: 0.007624355417993464.
Iter 3842 add a min_energy: 0.42176195979118347, a mean_energy: 0.7014657333493233 and loss: 0.006714740597005201.
Iter 3843 add a min_energy: 0.42176195979118347, a mean_energy: 0.7147594752411047 and loss: 0.006550813261882667.
Iter 3844 add a min_energy: 0.42176195979118347, a mean_energy: 0.6996130881210169 and loss: 0.005786554193335799.
Iter 3845 add a min_energy: 0.42176195979118347, a mean_energy: 0.6986051388084888 and loss: 0.004854534073241696.
Iter 3846 add a min_energy: 0.42176195979118347, a mean_energy: 0.692925464361906 and loss: 0.003295502929186702.
Iter 3847 add a min_energy: 0.42176195979118347, a mean_energy: 0.696616114427646 and loss: 0.002742518073520498.
Iter 3848 add a min_energy: 0.42176195979118347, a mean_energy: 0.6943503531316916 and loss: 0.002439834742246694.
Iter 3849 add a min_energy: 0.42176195979118347, a mean_energy: 0.6976059414446354 and loss: 0.001893111855502529.
Iter 3850 add a min_energy: 0.42176195979118347, a mean_energy: 0.6947338456908861 and loss: 0.001708085650630959.
Iter 3851 add a min_energy: 0.42176195979118347, a mean_energy: 0.7043099241952101 and loss: 0.0012731667191108196.
Iter 3852 add a min_energy: 0.42176195979118347, a mean_energy: 0.7011924249430498 and loss: 0.0010630750530272073.
Iter 3853 add a min_energy: 0.42176195979118347, a mean_energy: 0.695768021667997 and loss: 0.0011871410330525278.
Iter 3854 add a min_energy: 0.42176195979118347, a mean_energy: 0.6997853157420953 and loss: 0.0007872665803454717.
Iter 3855 add a min_energy: 0.42176195979118347, a mean_energy: 0.68644854798913 and loss: 0.0009766691880098413.
Iter 3856 add a min_energy: 0.42176195979118347, a mean_energy: 0.7002982522050539 and loss: 0.0011570813941583033.
Iter 3857 add a min_energy: 0.42176195979118347, a mean_energy: 0.7029810597499212 and loss: 0.0008114481969884038.
Iter 3858 add a min_energy: 0.42176195979118347, a mean_energy: 0.7049937459329764 and loss: 0.0007478137811557857.
Iter 3859 add a min_energy: 0.42176195979118347, a mean_energy: 0.7032929838945469 and loss: 0.0011552902496772652.
Iter 3860 add a min_energy: 0.42176195979118347, a mean_energy: 0.699049481501182 and loss: 0.0014424719804403746.
Iter 3861 add a min_energy: 0.42176195979118347, a mean_energy: 0.7010933123528957 and loss: 0.0013495837927817234.
Iter 3862 add a min_energy: 0.42176195979118347, a mean_energy: 0.7013875506818295 and loss: 0.0008804517690983956.
Iter 3863 add a min_energy: 0.42176195979118347, a mean_energy: 0.7005487307906151 and loss: 0.00057097098180829.
Iter 3864 add a min_energy: 0.42176195979118347, a mean_energy: 0.6883056660493215 and loss: 0.0007519655057452877.
Iter 3865 add a min_energy: 0.42176195979118347, a mean_energy: 0.7047692462801933 and loss: 0.0003304626504546434.
Iter 3866 add a min_energy: 0.42176195979118347, a mean_energy: 0.699603999654452 and loss: 0.0003082345114583734.
Iter 3867 add a min_energy: 0.42176195979118347, a mean_energy: 0.6997326649725437 and loss: 0.0002809036230974202.
Iter 3868 add a min_energy: 0.42176195979118347, a mean_energy: 0.7084094559152921 and loss: 0.00041786522854809187.
Iter 3869 add a min_energy: 0.42176195979118347, a mean_energy: 0.7068575235704581 and loss: 0.0007238472201700829.
Iter 3870 add a min_energy: 0.42176195979118347, a mean_energy: 0.703139279037714 and loss: 0.0007481362086999909.
Iter 3871 add a min_energy: 0.42176195979118347, a mean_energy: 0.7023388942082723 and loss: 0.0010775491985178442.
Iter 3872 add a min_energy: 0.42176195979118347, a mean_energy: 0.6756429399053255 and loss: 0.00035701603998958.
Iter 3873 add a min_energy: 0.42176195979118347, a mean_energy: 0.7002419171233972 and loss: 0.00036301113854007486.
Iter 3874 add a min_energy: 0.42176195979118347, a mean_energy: 0.6859256029129028 and loss: 0.0002883932469689333.
Iter 3875 add a min_energy: 0.42176195979118347, a mean_energy: 0.693278486529986 and loss: 0.00023615707393817283.
Iter 3876 add a min_energy: 0.42176195979118347, a mean_energy: 0.6953040411074957 and loss: 0.0003145590722537614.
Iter 3877 add a min_energy: 0.42176195979118347, a mean_energy: 0.6893434897065163 and loss: 0.0005880264537939113.
Iter 3878 add a min_energy: 0.42176195979118347, a mean_energy: 0.7053491796056429 and loss: 0.0004315149057682869.
Iter 3879 add a min_energy: 0.42176195979118347, a mean_energy: 0.6925682121266922 and loss: 0.0006946892252525081.
Iter 3880 add a min_energy: 0.42176195979118347, a mean_energy: 0.6973265868922075 and loss: 0.000559348562058963.
Iter 3881 add a min_energy: 0.42176195979118347, a mean_energy: 0.68660015737017 and loss: 0.0007721281374579485.
Iter 3882 add a min_energy: 0.42176195979118347, a mean_energy: 0.6918622367084026 and loss: 0.0006019310542525523.
Iter 3883 add a min_energy: 0.42176195979118347, a mean_energy: 0.6943431925028563 and loss: 0.0005756235400536662.
Iter 3884 add a min_energy: 0.42176195979118347, a mean_energy: 0.6998717449605465 and loss: 0.00025493247430735644.
Iter 3885 add a min_energy: 0.42176195979118347, a mean_energy: 0.6965269694725672 and loss: 0.0001498230189397815.
Iter 3886 add a min_energy: 0.42176195979118347, a mean_energy: 0.6926953134437402 and loss: 0.0002555663478175381.
Iter 3887 add a min_energy: 0.42176195979118347, a mean_energy: 0.7129455072184404 and loss: 0.0001927910682480438.
Iter 3888 add a min_energy: 0.42176195979118347, a mean_energy: 0.6949005561570326 and loss: 0.00018178524788229573.
Iter 3889 add a min_energy: 0.42176195979118347, a mean_energy: 0.6946476325392723 and loss: 0.00016404585903653728.
Iter 3890 add a min_energy: 0.42176195979118347, a mean_energy: 0.6947072713325421 and loss: 3.0416175223131264e-05.
Iter 3891 add a min_energy: 0.42176195979118347, a mean_energy: 0.7028221587340037 and loss: 4.404711454079816e-05.
Iter 3892 add a min_energy: 0.42176195979118347, a mean_energy: 0.6891254869600137 and loss: 2.609871936974088e-05.
Iter 3893 add a min_energy: 0.42176195979118347, a mean_energy: 0.6966285593807697 and loss: 0.00013213059088192593.
Iter 3894 add a min_energy: 0.42176195979118347, a mean_energy: 0.7126052925984064 and loss: 0.0004182307616565296.
Iter 3895 add a min_energy: 0.42176195979118347, a mean_energy: 0.6902045123279095 and loss: 0.00014960376864345235.
Iter 3896 add a min_energy: 0.42176195979118347, a mean_energy: 0.7081276488800844 and loss: 0.0006383791762071475.
Iter 3897 add a min_energy: 0.42176195979118347, a mean_energy: 0.7061951259771982 and loss: 0.0007234279632465328.
Iter 3898 add a min_energy: 0.42176195979118347, a mean_energy: 0.6942783792813619 and loss: 0.0010802983322683944.
Iter 3899 add a min_energy: 0.42176195979118347, a mean_energy: 0.7082412006954352 and loss: 0.002061841567548103.
Iter 3900 add a min_energy: 0.42176195979118347, a mean_energy: 0.698147556434075 and loss: 0.0024496898755633047.
Iter 3901 add a min_energy: 0.42176195979118347, a mean_energy: 0.6899957271913687 and loss: 0.0014445106957918052.
Iter 3902 add a min_energy: 0.42176195979118347, a mean_energy: 0.7039249377946059 and loss: 0.0013122981101303117.
Iter 3903 add a min_energy: 0.42109984159469604, a mean_energy: 0.6793397702276707 and loss: 0.01433177450374343.
Iter 3904 add a min_energy: 0.42109984159469604, a mean_energy: 0.6908012740314007 and loss: 0.014502158041777685.
Iter 3905 add a min_energy: 0.42109984159469604, a mean_energy: 0.698964479068915 and loss: 0.013826836025675271.
Iter 3906 add a min_energy: 0.42109984159469604, a mean_energy: 0.7036075219511986 and loss: 0.01358676064063173.
Iter 3907 add a min_energy: 0.42109984159469604, a mean_energy: 0.6893017453451952 and loss: 0.01228039550411288.
Iter 3908 add a min_energy: 0.42109984159469604, a mean_energy: 0.6960668476919333 and loss: 0.012096758456266765.
Iter 3909 add a min_energy: 0.42109984159469604, a mean_energy: 0.6933153321345648 and loss: 0.011034605095899264.
Iter 3910 add a min_energy: 0.42109984159469604, a mean_energy: 0.6917020380496979 and loss: 0.010092252409285107.
Iter 3911 add a min_energy: 0.42109984159469604, a mean_energy: 0.6913710832595825 and loss: 0.009372294316444062.
Iter 3912 add a min_energy: 0.42109984159469604, a mean_energy: 0.7075264006853104 and loss: 0.008998183709479149.
Iter 3913 add a min_energy: 0.42109984159469604, a mean_energy: 0.6905342179040114 and loss: 0.00812530301378091.
Iter 3914 add a min_energy: 0.42109984159469604, a mean_energy: 0.6926335754493872 and loss: 0.007230334613024008.
Iter 3915 add a min_energy: 0.42109984159469604, a mean_energy: 0.6850339987625679 and loss: 0.006381239111536882.
Iter 3916 add a min_energy: 0.42109984159469604, a mean_energy: 0.7104281360904375 and loss: 0.005719667020198275.
Iter 3917 add a min_energy: 0.42109984159469604, a mean_energy: 0.6857353610297044 and loss: 0.004973152531235207.
Iter 3918 add a min_energy: 0.42109984159469604, a mean_energy: 0.6977229304611683 and loss: 0.004320637296742761.
Iter 3919 add a min_energy: 0.42109984159469604, a mean_energy: 0.68931936348478 and loss: 0.0037220345584276417.
Iter 3920 add a min_energy: 0.42109984159469604, a mean_energy: 0.6999098199109236 and loss: 0.003147487692425859.
Iter 3921 add a min_energy: 0.42109984159469604, a mean_energy: 0.6932905440529188 and loss: 0.002596997185306577.
Iter 3922 add a min_energy: 0.42109984159469604, a mean_energy: 0.6844968957205614 and loss: 0.0022725756753270597.
Iter 3923 add a min_energy: 0.42109984159469604, a mean_energy: 0.7006025277078152 and loss: 0.0018961265406226555.
Iter 3924 add a min_energy: 0.42109984159469604, a mean_energy: 0.6913818183044592 and loss: 0.0015628255633414914.
Iter 3925 add a min_energy: 0.42109984159469604, a mean_energy: 0.6930086563030878 and loss: 0.0011786436854370561.
Iter 3926 add a min_energy: 0.42109984159469604, a mean_energy: 0.6916900873184204 and loss: 0.0011068402997017654.
Iter 3927 add a min_energy: 0.42109984159469604, a mean_energy: 0.7029850470523039 and loss: 0.0011980097953949375.
Iter 3928 add a min_energy: 0.42109984159469604, a mean_energy: 0.6968887597322464 and loss: 0.0010436413387964094.
Iter 3929 add a min_energy: 0.42109984159469604, a mean_energy: 0.7030514478683472 and loss: 0.001483775585392732.
Iter 3930 add a min_energy: 0.42109984159469604, a mean_energy: 0.6914556746681532 and loss: 0.0011969156805930056.
Iter 3931 add a min_energy: 0.42109984159469604, a mean_energy: 0.714821762094895 and loss: 0.0025228438459602193.
Iter 3932 add a min_energy: 0.42109984159469604, a mean_energy: 0.6903532234330972 and loss: 0.0010480440526306853.
Iter 3933 add a min_energy: 0.42109984159469604, a mean_energy: 0.6938765856126944 and loss: 0.0009867723398056865.
Iter 3934 add a min_energy: 0.42109984159469604, a mean_energy: 0.7121722474694252 and loss: 0.0014307795518389468.
Iter 3935 add a min_energy: 0.42109984159469604, a mean_energy: 0.6964419838041067 and loss: 0.0007675162414365205.
Iter 3936 add a min_energy: 0.42109984159469604, a mean_energy: 0.7005089993278185 and loss: 0.0007463051301958968.
Iter 3937 add a min_energy: 0.42109984159469604, a mean_energy: 0.7003229670226574 and loss: 0.0005815648587684266.
Iter 3938 add a min_energy: 0.42109984159469604, a mean_energy: 0.6909907509883245 and loss: 0.0004447271742382708.
Iter 3939 add a min_energy: 0.42109984159469604, a mean_energy: 0.6872872288028399 and loss: 0.00024405766452858672.
Iter 3940 add a min_energy: 0.42109984159469604, a mean_energy: 0.7052118629217148 and loss: 0.0002961878933212418.
Iter 3941 add a min_energy: 0.42109984159469604, a mean_energy: 0.7042282248536745 and loss: 0.0003564279069806857.
Iter 3942 add a min_energy: 0.42109984159469604, a mean_energy: 0.6992208957672119 and loss: 0.00047530866422034525.
Iter 3943 add a min_energy: 0.42109984159469604, a mean_energy: 0.6979275854925314 and loss: 0.0004626816708040622.
Iter 3944 add a min_energy: 0.42109984159469604, a mean_energy: 0.7010908164083958 and loss: 0.0004121991796314263.
Iter 3945 add a min_energy: 0.42109984159469604, a mean_energy: 0.680493583281835 and loss: 0.0027117375408533895.
Iter 3946 add a min_energy: 0.42109984159469604, a mean_energy: 0.6874117478728294 and loss: 0.003018774152536113.
Iter 3947 add a min_energy: 0.42109984159469604, a mean_energy: 0.6869242116808891 and loss: 0.0031758747463249753.
Iter 3948 add a min_energy: 0.42109984159469604, a mean_energy: 0.7060347385704517 and loss: 0.0028795319290764454.
Iter 3949 add a min_energy: 0.42109984159469604, a mean_energy: 0.7026765656967958 and loss: 0.0003929497038722854.
Iter 3950 add a min_energy: 0.42109984159469604, a mean_energy: 0.6961879370113214 and loss: 0.00038314827219317353.
Iter 3951 add a min_energy: 0.42109984159469604, a mean_energy: 0.6876248742143313 and loss: 0.00262221351609305.
Iter 3952 add a min_energy: 0.42109984159469604, a mean_energy: 0.6998063313464323 and loss: 0.002468593782037485.
Iter 3953 add a min_energy: 0.42109984159469604, a mean_energy: 0.6899623336891333 and loss: 0.0005991923694511102.
Iter 3954 add a min_energy: 0.42109984159469604, a mean_energy: 0.701980110257864 and loss: 0.00026031737148242277.
Iter 3955 add a min_energy: 0.42109984159469604, a mean_energy: 0.6947950559357802 and loss: 0.00016674234410163756.
Iter 3956 add a min_energy: 0.42109984159469604, a mean_energy: 0.6988753837843736 and loss: 7.175021075190327e-05.
Iter 3957 add a min_energy: 0.42109984159469604, a mean_energy: 0.6953163519501686 and loss: 7.405093573510467e-05.
Iter 3958 add a min_energy: 0.42109984159469604, a mean_energy: 0.6980804167687893 and loss: 0.00012346543549326432.
Iter 3959 add a min_energy: 0.42109984159469604, a mean_energy: 0.6819087161372105 and loss: 0.0004360685171337213.
Iter 3960 add a min_energy: 0.42109984159469604, a mean_energy: 0.693655631194512 and loss: 0.00035225022866292873.
Iter 3961 add a min_energy: 0.42109984159469604, a mean_energy: 0.681258074939251 and loss: 0.0009322532862564281.
Iter 3962 add a min_energy: 0.42109984159469604, a mean_energy: 0.6978319883346558 and loss: 0.0006881592289712563.
Iter 3963 add a min_energy: 0.42109984159469604, a mean_energy: 0.6834826109309992 and loss: 0.000727401832944232.
Iter 3964 add a min_energy: 0.42109984159469604, a mean_energy: 0.6962933080891768 and loss: 0.0004975943691049989.
Iter 3965 add a min_energy: 0.42109984159469604, a mean_energy: 0.689743097871542 and loss: 0.0005792327658123901.
Iter 3966 add a min_energy: 0.42109984159469604, a mean_energy: 0.6871642153710127 and loss: 0.0004727695662816626.
Iter 3967 add a min_energy: 0.42109984159469604, a mean_energy: 0.6983860780795416 and loss: 0.00011025965086489252.
Iter 3968 add a min_energy: 0.42109984159469604, a mean_energy: 0.701530247926712 and loss: 0.00013643589809842968.
Iter 3969 add a min_energy: 0.42109984159469604, a mean_energy: 0.6921933554112911 and loss: 0.000525606267353865.
Iter 3970 add a min_energy: 0.42109984159469604, a mean_energy: 0.7094627457360426 and loss: 0.0010684614534204931.
Iter 3971 add a min_energy: 0.42109984159469604, a mean_energy: 0.6927885512510935 and loss: 0.0012935144937634446.
Iter 3972 add a min_energy: 0.42109984159469604, a mean_energy: 0.6970631418128809 and loss: 0.0010990971020965678.
Iter 3973 add a min_energy: 0.42109984159469604, a mean_energy: 0.6904241268833479 and loss: 0.0013102508617827315.
Iter 3974 add a min_energy: 0.42109984159469604, a mean_energy: 0.6879830062389374 and loss: 0.0004518955041575372.
Iter 3975 add a min_energy: 0.42109984159469604, a mean_energy: 0.6970770632227262 and loss: 0.0006326384982930197.
Iter 3976 add a min_energy: 0.42109984159469604, a mean_energy: 0.6905405471722285 and loss: 0.0005682765587633064.
Iter 3977 add a min_energy: 0.42109984159469604, a mean_energy: 0.6971194675813118 and loss: 0.0005107167727870992.
Iter 3978 add a min_energy: 0.42109984159469604, a mean_energy: 0.6907247118651867 and loss: 0.00034587248154806764.
Iter 3979 add a min_energy: 0.42109984159469604, a mean_energy: 0.6960123839477698 and loss: 0.00027121782010253734.
Iter 3980 add a min_energy: 0.42109984159469604, a mean_energy: 0.6909325408438841 and loss: 0.00016080579707386037.
Iter 3981 add a min_energy: 0.42109984159469604, a mean_energy: 0.7001247790952524 and loss: 0.0006530882639041992.
Iter 3982 add a min_energy: 0.42109984159469604, a mean_energy: 0.6910605343679587 and loss: 0.0006156284353305532.
Iter 3983 add a min_energy: 0.42109984159469604, a mean_energy: 0.7000711200137933 and loss: 0.002289528501471629.
Iter 3984 add a min_energy: 0.42109984159469604, a mean_energy: 0.6931629677613577 and loss: 0.0020420396694285498.
Iter 3985 add a min_energy: 0.42109984159469604, a mean_energy: 0.6705938794960579 and loss: 0.0022225810194124555.
Iter 3986 add a min_energy: 0.42109984159469604, a mean_energy: 0.6946132307251295 and loss: 0.0025405811118131612.
Iter 3987 add a min_energy: 0.42109984159469604, a mean_energy: 0.6838394949833552 and loss: 0.0027740462901044405.
Iter 3988 add a min_energy: 0.42109984159469604, a mean_energy: 0.6983514664073786 and loss: 0.0021972221242949025.
Iter 3989 add a min_energy: 0.42109984159469604, a mean_energy: 0.6990147319932779 and loss: 0.0021016842253922933.
Iter 3990 add a min_energy: 0.42109984159469604, a mean_energy: 0.6959855022529761 and loss: 0.0019057089787867373.
Iter 3991 add a min_energy: 0.42109984159469604, a mean_energy: 0.6992441229522228 and loss: 0.0019036311077645185.
Iter 3992 add a min_energy: 0.42109984159469604, a mean_energy: 0.6953600607812405 and loss: 0.0017101602492105889.
Iter 3993 add a min_energy: 0.42109984159469604, a mean_energy: 0.6777964805563291 and loss: 0.0018905609077666309.
Iter 3994 add a min_energy: 0.42109984159469604, a mean_energy: 0.695095301916202 and loss: 0.001972217982061023.
Iter 3995 add a min_energy: 0.42109984159469604, a mean_energy: 0.6792976930737495 and loss: 0.0016807836360274802.
Iter 3996 add a min_energy: 0.42109984159469604, a mean_energy: 0.6776523987452189 and loss: 0.002321785129387851.
Iter 3997 add a min_energy: 0.42109984159469604, a mean_energy: 0.6804438283046087 and loss: 0.0013685378593179317.
Iter 3998 add a min_energy: 0.42109984159469604, a mean_energy: 0.6844147257506847 and loss: 0.0015727426933641638.
Iter 3999 add a min_energy: 0.42109984159469604, a mean_energy: 0.6694002772370974 and loss: 0.002830225013454749.
Selected EGAS candidate with E_before=0.422206, E_after=0.356804 and sequence length=28
[induced_quantum_complexity] Computing hilbert_space_support_dim...
[induced_quantum_complexity] Computing quantum_fisher_information_spread...
Getting the quantum fisher matrice
[induced_quantum_complexity] Computing entanglement_entropy...
[induced_quantum_complexity] Computing kernel_spectrum_flatness...
[induced_quantum_complexity] Computing locality_vs_expressibility...
[locality_vs_expressibility] Computing kl_div...
[locality_vs_expressibility] Computing entanglement_entropy...
[induced_quantum_complexity] Computing topological_invariants_of_embedding...
[topological_invariants_of_embedding] Computing persistent diagrams...
[induced_quantum_complexity] All metrics computed.
UMAP
Saved UMAP plots for egas: u_map_egas_cifar10_2d.html, u_map_egas_cifar10_3d.html
Complexity of 118.31449431851334

Saved results to /home/vigl1903/Photonic_encoding_study/results/complexities/dataset_complexity_cifar10_results.json
Saved complexity plot to /home/vigl1903/Photonic_encoding_study/results/complexities/dataset_complexity_cifar10_plot.pdf
Saved angle per-metric plot to /home/vigl1903/Photonic_encoding_study/results/complexities/complexity_angle_per_metric.pdf
Saved dense_angle per-metric plot to /home/vigl1903/Photonic_encoding_study/results/complexities/complexity_dense_angle_per_metric.pdf
Saved fourier per-metric plot to /home/vigl1903/Photonic_encoding_study/results/complexities/complexity_fourier_per_metric.pdf
Saved amplitude per-metric plot to /home/vigl1903/Photonic_encoding_study/results/complexities/complexity_amplitude_per_metric.pdf
Saved dense_amplitude per-metric plot to /home/vigl1903/Photonic_encoding_study/results/complexities/complexity_dense_amplitude_per_metric.pdf
Saved nqe per-metric plot to /home/vigl1903/Photonic_encoding_study/results/complexities/complexity_nqe_per_metric.pdf
Saved egas per-metric plot to /home/vigl1903/Photonic_encoding_study/results/complexities/complexity_egas_per_metric.pdf
Saved normalized summary plot to /home/vigl1903/Photonic_encoding_study/results/complexities/complexity_normalized_summary.pdf
Saved normalized complexity plot to /home/vigl1903/Photonic_encoding_study/results/complexities/dataset_complexity_cifar10_normalized_comparison.pdf
