{
  "results": {
    "classical": {
      "distributional_entropy": 10.271977424519397,
      "correlation_order": 30.794388171468707,
      "kolmogorov_complexity": 0.8840071685517623,
      "topological_complexity": 144.42955850437284,
      "wasserstein distance": 1.1759740114212036,
      "total": 187.5559052803339,
      "min_max": [
        [
          0,
          14.81933089047752
        ],
        [
          -19.408121055678468,
          19.408121055678468
        ],
        [
          0,
          1
        ],
        [
          0,
          4027523594430
        ],
        [
          0,
          8.0
        ]
      ]
    },
    "induced": {
      "angle": {
        "hilbert_space_support_dim": 105.39704895019531,
        "quantum_fisher_information_spread": 15.254583378070215,
        "entanglement_entropy": 1.9157116413116455,
        "kernel_spectrum_flatness": 1.225395679473877,
        "locality_vs_expressibility": 0.06977327480262924,
        "topological_invariants_of_embedding": 9.061358332633972,
        "encoded_states_classes_overlap": 0.7274125218391418,
        "total": 133.65128377832679,
        "min_max": [
          [
            1,
            126
          ],
          [
            0,
            3.1999999999999994e+17
          ],
          [
            0,
            3.4886399617499584
          ],
          [
            1,
            1000
          ],
          [
            0,
            1.0
          ],
          [
            0,
            166667499
          ],
          [
            0,
            1
          ]
        ]
      },
      "dense_angle": {
        "hilbert_space_support_dim": 15.126955032348633,
        "quantum_fisher_information_spread": 5.147807014761336,
        "entanglement_entropy": 0.04497811198234558,
        "kernel_spectrum_flatness": 1.16436767578125,
        "locality_vs_expressibility": 0.0010350861120969057,
        "topological_invariants_of_embedding": 5.54222047328949,
        "encoded_states_classes_overlap": 0.8009102940559387,
        "total": 27.82827368833109,
        "min_max": [
          [
            1,
            16
          ],
          [
            0,
            3.1999999999999994e+17
          ],
          [
            0,
            2.0
          ],
          [
            1,
            1000
          ],
          [
            0,
            1.0
          ],
          [
            0,
            166667499
          ],
          [
            0,
            1
          ]
        ]
      },
      "fourier": {
        "hilbert_space_support_dim": 71.12435150146484,
        "quantum_fisher_information_spread": 8.020065963364647,
        "entanglement_entropy": 0.5828240513801575,
        "kernel_spectrum_flatness": 0.9756458401679993,
        "locality_vs_expressibility": 0.04402141273021698,
        "topological_invariants_of_embedding": 4.1544437408447266e-05,
        "encoded_states_classes_overlap": 0.771052360534668,
        "total": 81.51800267407994,
        "min_max": [
          [
            1,
            256
          ],
          [
            0,
            3.1999999999999994e+17
          ],
          [
            0,
            4.0
          ],
          [
            1,
            1000
          ],
          [
            0,
            1.0
          ],
          [
            0,
            166667499
          ],
          [
            0,
            1
          ]
        ]
      },
      "amplitude": {
        "hilbert_space_support_dim": 7.999993670644452,
        "quantum_fisher_information_spread": 11.966303597083474,
        "entanglement_entropy": 0.8592690764706863,
        "kernel_spectrum_flatness": 1.1897284138508435,
        "locality_vs_expressibility": 0.09776812414547316,
        "topological_invariants_of_embedding": 7.855506143561792,
        "encoded_states_classes_overlap": 0.7221946640423633,
        "total": 30.690763689799084,
        "min_max": [
          [
            1,
            10
          ],
          [
            0,
            3.1999999999999994e+17
          ],
          [
            0,
            1.660964047443681
          ],
          [
            1,
            1000
          ],
          [
            0,
            1.0
          ],
          [
            0,
            166667499
          ],
          [
            0,
            1
          ]
        ]
      },
      "dense_amplitude": {
        "hilbert_space_support_dim": 3.9999986904512808,
        "quantum_fisher_information_spread": 10.256826803906943,
        "entanglement_entropy": 0.6954833481620346,
        "kernel_spectrum_flatness": 1.1897284138508437,
        "locality_vs_expressibility": 0.10005375449666562,
        "topological_invariants_of_embedding": 7.855506143561797,
        "encoded_states_classes_overlap": 0.7694537282347437,
        "total": 24.867050882664312,
        "min_max": [
          [
            1,
            6
          ],
          [
            0,
            3.1999999999999994e+17
          ],
          [
            0,
            1.292481250360578
          ],
          [
            1,
            1000
          ],
          [
            0,
            1.0
          ],
          [
            0,
            166667499
          ],
          [
            0,
            1
          ]
        ]
      },
      "evolution": null,
      "nqe": {
        "hilbert_space_support_dim": 5.999998092651367,
        "quantum_fisher_information_spread": 138.37421851308298,
        "entanglement_entropy": 0.6969584226608276,
        "kernel_spectrum_flatness": 4.425229549407959,
        "locality_vs_expressibility": 0.01911575587390854,
        "topological_invariants_of_embedding": 5.371232867240906,
        "encoded_states_classes_overlap": 0.14724494516849518,
        "total": 155.03399814608645,
        "min_max": [
          [
            1,
            6
          ],
          [
            0,
            3.1999999999999994e+17
          ],
          [
            0,
            1.292481250360578
          ],
          [
            1,
            1000
          ],
          [
            0,
            1.0
          ],
          [
            0,
            166667499
          ],
          [
            0,
            1
          ]
        ]
      },
      "egas": {
        "hilbert_space_support_dim": 3.748758283018165,
        "quantum_fisher_information_spread": 98.10442265536578,
        "entanglement_entropy": 0.378160297870636,
        "kernel_spectrum_flatness": 4.773142825410574,
        "locality_vs_expressibility": 0.006442647305175252,
        "topological_invariants_of_embedding": 18.54443007707596,
        "encoded_states_classes_overlap": 0.25903311371803284,
        "total": 125.81438989976432,
        "min_max": [
          [
            1,
            6
          ],
          [
            0,
            3.1999999999999994e+17
          ],
          [
            0,
            1.292481250360578
          ],
          [
            1,
            1000
          ],
          [
            0,
            1.0
          ],
          [
            0,
            166667499
          ],
          [
            0,
            1
          ]
        ]
      }
    }
  },
  "config": {
    "dataset_name": "mnist",
    "classes": [
      0,
      1,
      2,
      3
    ],
    "feature_reduction": 8,
    "n_modes": null,
    "n_photons": null,
    "computation_space": "UNBUNCHED",
    "num_qubits_per_feature_fourier": 1,
    "hyper_parameters_classical": [
      1,
      1,
      1,
      1,
      1
    ],
    "max_order_correlation_classical": 4,
    "max_dim_topology_classical": 2,
    "weights_topology_classical": null,
    "hyper_parameters_induced": [
      1,
      1,
      1,
      1,
      1,
      1,
      1
    ],
    "epsilon_hilbert_support_dim_induced": 1e-08,
    "n_samples_loc_vs_express_induced": 1000,
    "n_bins_loc_vs_express_induced": 50,
    "max_dim_topology_induced": 2,