{
  "results": {
    "classical": {
      "distributional_entropy": 9.601030194502194,
      "correlation_order": 28.79053373928498,
      "kolmogorov_complexity": 0.8862313937753721,
      "topological_complexity": 99.85533348470926,
      "wasserstein distance": 1.5227141380310059,
      "total": 140.65584295030283,
      "min_max": [
        [
          0,
          13.851358649033513
        ],
        [
          -19.408121055678468,
          19.408121055678468
        ],
        [
          0,
          1
        ],
        [
          0,
          538111237649
        ],
        [
          0,
          8.0
        ]
      ]
    },
    "induced": {
      "angle": {
        "hilbert_space_support_dim": 95.75018310546875,
        "quantum_fisher_information_spread": 11.320253277722843,
        "entanglement_entropy": 1.814456820487976,
        "kernel_spectrum_flatness": 0.4280049502849579,
        "locality_vs_expressibility": 0.5447666294294456,
        "topological_invariants_of_embedding": 8.827634632587433,
        "total": 119.21032824078762,
        "min_max": [
          [
            1.0,
            96.0
          ],
          [
            0.0,
            3.1999999999999994e+17
          ],
          [
            0.0,
            6.584962500721156
          ],
          [
            1.0,
            1000.0
          ],
          [
            0.0,
            1.3215141553597123
          ],
          [
            0.0,
            166667499.0
          ],
          [
            0,
            1
          ]
        ],
        "encoded_states_classes_overlap": 0.5250288248062134,
        "encoded_states_classes_distances": {
          "0-1": 0.4749711751937866
        }
      },
      "dense_angle": {
        "hilbert_space_support_dim": 15.138720512390137,
        "quantum_fisher_information_spread": 5.091457862856829,
        "entanglement_entropy": 0.040993645787239075,
        "kernel_spectrum_flatness": 1.2051432132720947,
        "locality_vs_expressibility": 0.00085826386930421,
        "topological_invariants_of_embedding": 3.172907292842865,
        "total": 25.37696771909998,
        "min_max": [
          [
            1.0,
            16.0
          ],
          [
            0.0,
            3.1999999999999994e+17
          ],
          [
            0.0,
            4.0
          ],
          [
            1.0,
            1000.0
          ],
          [
            0.0,
            1.0
          ],
          [
            0.0,
            166667499.0
          ],
          [
            0,
            1
          ]
        ],
        "encoded_states_classes_overlap": 0.7268869280815125,
        "encoded_states_classes_distances": {
          "0-1": 0.27311307191848755
        }
      },
      "fourier": {
        "hilbert_space_support_dim": 64.63880920410156,
        "quantum_fisher_information_spread": 8.019311609591888,
        "entanglement_entropy": 0.5971875786781311,
        "kernel_spectrum_flatness": 0.9774731993675232,
        "locality_vs_expressibility": 0.04621012508869171,
        "topological_invariants_of_embedding": 1.2278556823730469e-05,
        "total": 74.97655572267954,
        "min_max": [
          [
            1.0,
            65.0
          ],
          [
            0.0,
            3.1999999999999994e+17
          ],
          [
            0.0,
            6.022367813028454
          ],
          [
            1.0,
            1000.0
          ],
          [
            0.0,
            1.2086089044285704
          ],
          [
            0.0,
            166667499.0
          ],
          [
            0,
            1
          ]
        ],
        "encoded_states_classes_overlap": 0.6975517272949219,
        "encoded_states_classes_distances": {
          "0-1": 0.3024482727050781
        }
      },
      "amplitude": {
        "hilbert_space_support_dim": 7.99999378464152,
        "quantum_fisher_information_spread": 11.543524364716912,
        "entanglement_entropy": 0.8511541319462245,
        "kernel_spectrum_flatness": 1.2243820407424966,
        "locality_vs_expressibility": 0.09591238360367155,
        "topological_invariants_of_embedding": 4.971355663688878,
        "total": 27.335057152755706,
        "min_max": [
          [
            1.0,
            8.0
          ],
          [
            0.0,
            3.1999999999999994e+17
          ],
          [
            0.0,
            3.0
          ],
          [
            1.0,
            1000.0
          ],
          [
            0.0,
            1.0
          ],
          [
            0.0,
            166667499.0
          ],
          [
            0,
            1
          ]
        ],
        "encoded_states_classes_overlap": 0.6487347834159998,
        "encoded_states_classes_distances": {
          "0-1": 0.35126521658400023
        }
      },
      "dense_amplitude": {
        "hilbert_space_support_dim": 3.9999987651521143,
        "quantum_fisher_information_spread": 9.894655950717716,
        "entanglement_entropy": 0.7117646686616723,
        "kernel_spectrum_flatness": 1.2243820407424966,
        "locality_vs_expressibility": 0.10474899988786145,
        "topological_invariants_of_embedding": 4.971355663688882,
        "total": 21.585779232787665,
        "min_max": [
          [
            1.0,
            4.0
          ],
          [
            0.0,
            3.1999999999999994e+17
          ],
          [
            0.0,
            2.0
          ],
          [
            1.0,
            1000.0
          ],
          [
            0.0,
            1.0
          ],
          [
            0.0,
            166667499.0
          ],
          [
            0,
            1
          ]
        ],
        "encoded_states_classes_overlap": 0.6788731439369206,
        "encoded_states_classes_distances": {
          "0-1": 0.32112685606307945
        }
      },
      "evolution": null,
      "nqe": {
        "hilbert_space_support_dim": 5.9998579025268555,
        "quantum_fisher_information_spread": 16.713527948016115,
        "entanglement_entropy": 0.5164287090301514,
        "kernel_spectrum_flatness": 2.0396385192871094,
        "locality_vs_expressibility": 0.04707772017893228,
        "topological_invariants_of_embedding": 0.11489880084991455,
        "total": 25.48011580622987,
        "min_max": [
          [
            1.0,
            6.0
          ],
          [
            0.0,
            3.1999999999999994e+17
          ],
          [
            0.0,
            2.584962500721156
          ],
          [
            1.0,
            1000.0
          ],
          [
            0.0,
            1.0
          ],
          [
            0.0,
            166667499.0
          ],
          [
            0,
            1
          ]
        ],
        "encoded_states_classes_overlap": 0.048686206340789795,
        "encoded_states_classes_distances": {
          "0-1": 0.9513137936592102
        }
      },
      "egas": {
        "hilbert_space_support_dim": 5.040332794189453,
        "quantum_fisher_information_spread": 29.035108165312494,
        "entanglement_entropy": 0.4271869957447052,
        "kernel_spectrum_flatness": 3.754999375126662,
        "locality_vs_expressibility": 0.003475773126997014,
        "topological_invariants_of_embedding": 4.271694540977478,
        "encoded_states_classes_overlap": 0.07741659879684448,
        "total": 42.61021424327463,
        "min_max": [
          [
            1,
            6
          ],
          [
            0,
            3.1999999999999994e+17
          ],
          [
            0,
            2.584962500721156
          ],
          [
            1,
            1000
          ],
          [
            0,
            1.0
          ],
          [
            0,
            166667499
          ],
          [
            0,
            1
          ]
        ]
      }
    }
  },
  "config": {
    "dataset_name": "mnist",