{
  "results": {
    "classical": {
      "distributional_entropy": 9.601030194502194,
      "correlation_order": 28.79053373928498,
      "kolmogorov_complexity": 0.8862313937753721,
      "topological_complexity": 131.24616770260036,
      "total": 170.52396303016292,
      "min_max": [
        [
          0.0,
          13.851358649033513
        ],
        [
          -19.408121055678468,
          19.408121055678468
        ],
        [
          0.0,
          1.0
        ],
        [
          0.0,
          538111237649.0
        ]
      ]
    },
    "induced": {
      "angle": {
        "hilbert_space_support_dim": 95.75018310546875,
        "quantum_fisher_information_spread": 11.320253277722843,
        "entanglement_entropy": 1.814456820487976,
        "kernel_spectrum_flatness": 0.4280049502849579,
        "locality_vs_expressibility": 0.5447666294294456,
        "topological_invariants_of_embedding": 8.827634632587433,
        "total": 118.6852994159814,
        "min_max": [
          [
            1.0,
            96.0
          ],
          [
            0.0,
            3.1999999999999994e+17
          ],
          [
            0.0,
            6.584962500721156
          ],
          [
            1.0,
            1000.0
          ],
          [
            0.0,
            1.3215141553597123
          ],
          [
            0.0,
            166667499.0
          ]
        ]
      },
      "dense_angle": {
        "hilbert_space_support_dim": 15.138720512390137,
        "quantum_fisher_information_spread": 5.091457862856829,
        "entanglement_entropy": 0.040993645787239075,
        "kernel_spectrum_flatness": 1.2051432132720947,
        "locality_vs_expressibility": 0.00085826386930421,
        "topological_invariants_of_embedding": 3.172907292842865,
        "total": 24.650080791018468,
        "min_max": [
          [
            1.0,
            16.0
          ],
          [
            0.0,
            3.1999999999999994e+17
          ],
          [
            0.0,
            4.0
          ],
          [
            1.0,
            1000.0
          ],
          [
            0.0,
            1.0
          ],
          [
            0.0,
            166667499.0
          ]
        ]
      },
      "fourier": {
        "hilbert_space_support_dim": 64.63880920410156,
        "quantum_fisher_information_spread": 8.019311609591888,
        "entanglement_entropy": 0.5971875786781311,
        "kernel_spectrum_flatness": 0.9774731993675232,
        "locality_vs_expressibility": 0.04621012508869171,
        "topological_invariants_of_embedding": 1.2278556823730469e-05,
        "total": 74.27900399538461,
        "min_max": [
          [
            1.0,
            65.0
          ],
          [
            0.0,
            3.1999999999999994e+17
          ],
          [
            0.0,
            6.022367813028454
          ],
          [
            1.0,
            1000.0
          ],
          [
            0.0,
            1.2086089044285704
          ],
          [
            0.0,
            166667499.0
          ]
        ]
      },
      "amplitude": {
        "hilbert_space_support_dim": 7.99999378464152,
        "quantum_fisher_information_spread": 11.543524364716912,
        "entanglement_entropy": 0.8511541319462245,
        "kernel_spectrum_flatness": 1.2243820407424966,
        "locality_vs_expressibility": 0.09591238360367155,
        "topological_invariants_of_embedding": 4.971355663688878,
        "total": 26.686322369339706,
        "min_max": [
          [
            1.0,
            8.0
          ],
          [
            0.0,
            3.1999999999999994e+17
          ],
          [
            0.0,
            3.0
          ],
          [
            1.0,
            1000.0
          ],
          [
            0.0,
            1.0
          ],
          [
            0.0,
            166667499.0
          ]
        ]
      },
      "dense_amplitude": {
        "hilbert_space_support_dim": 3.9999987651521143,
        "quantum_fisher_information_spread": 9.894655950717716,
        "entanglement_entropy": 0.7117646686616723,
        "kernel_spectrum_flatness": 1.2243820407424966,
        "locality_vs_expressibility": 0.10474899988786145,
        "topological_invariants_of_embedding": 4.971355663688882,
        "total": 20.906906088850743,
        "min_max": [
          [
            1.0,
            4.0
          ],
          [
            0.0,
            3.1999999999999994e+17
          ],
          [
            0.0,
            2.0
          ],
          [
            1.0,
            1000.0
          ],
          [
            0.0,
            1.0
          ],
          [
            0.0,
            166667499.0
          ]
        ]
      },
      "evolution": null,
      "nqe": {
        "hilbert_space_support_dim": 5.9998579025268555,
        "quantum_fisher_information_spread": 16.713527948016115,
        "entanglement_entropy": 0.5164287090301514,
        "kernel_spectrum_flatness": 2.0396385192871094,
        "locality_vs_expressibility": 0.04707772017893228,
        "topological_invariants_of_embedding": 0.11489880084991455,
        "total": 25.43142959988908,
        "min_max": [
          [
            1.0,
            6.0
          ],
          [
            0.0,
            3.1999999999999994e+17
          ],
          [
            0.0,
            2.584962500721156
          ],
          [
            1.0,
            1000.0
          ],
          [
            0.0,
            1.0
          ],
          [
            0.0,
            166667499.0
          ]
        ]
      }
    }
  },
  "config": {
    "dataset_name": "mnist",
    "classes": [
      0,
      1
    ],
    "feature_reduction": 8,
    "n_modes": null,
    "n_photons": null,
    "computation_space": "UNBUNCHED",
    "num_qubits_per_feature_fourier": 1,
    "hyper_parameters_classical": [
      1,
      1,
      1,
      1
    ],
    "max_order_correlation_classical": 4,
    "max_dim_topology_classical": 2,
    "weights_topology_classical": null,
    "hyper_parameters_induced": [
      1,
      1,
      1,
      1,
      1,
      1
    ],
    "epsilon_hilbert_support_dim_induced": 1e-08,
    "n_samples_loc_vs_express_induced": 1000,
    "n_bins_loc_vs_express_induced": 50,
    "max_dim_topology_induced": 2,
    "weights_topology_induced": null,
    "max_samples_topology_induced": 1000,
    "max_samples_induced": 1000,
    "randomize_entangling": true
  }
}